사고번호,사고일시,요일,시군구,사고내용,사망자수,중상자수,경상자수,부상신고자수,사고유형,법규위반,노면상태,기상상태,도로형태,가해운전자 차종,가해운전자 성별,가해운전자 연령,가해운전자 상해정도,피해운전자 차종,피해운전자 성별,피해운전자 연령,피해운전자 상해정도
2021011600100084,2021년 1월 16일 10시,토요일,충청남도 천안시 서북구 성성동,경상사고,0,0,2,0,차대차 - 추돌,안전거리미확보,건조,맑음,단일로 - 기타,승용,남,52세,경상,화물,남,26세,상해없음
2021011600100085,2021년 1월 16일 10시,토요일,충청남도 천안시 서북구 성정동,경상사고,0,0,1,0,차대차 - 기타,안전운전불이행,건조,맑음,단일로 - 기타,화물,여,73세,상해없음,승용,남,24세,경상
2021011600100192,2021년 1월 16일 14시,토요일,충청남도 천안시 서북구 불당동,경상사고,0,0,4,0,차대차 - 기타,안전운전불이행,건조,맑음,단일로 - 기타,승용,남,50세,상해없음,승용,남,34세,상해없음
2021011600100260,2021년 1월 16일 16시,토요일,충청남도 홍성군 홍성읍,중상사고,0,1,0,0,차대사람 - 기타,안전운전불이행,건조,맑음,교차로 - 교차로안,건설기계,남,52세,상해없음,보행자,남,72세,중상
2021011600100261,2021년 1월 16일 16시,토요일,충청남도 천안시 동남구 수신면,경상사고,0,0,3,0,차대차 - 추돌,안전운전불이행,건조,맑음,단일로 - 기타,승용,남,27세,상해없음,승용,남,32세,경상
2021011600100293,2021년 1월 16일 17시,토요일,충청남도 천안시 서북구 성정동,부상신고사고,0,0,0,1,차대차 - 측면충돌,교차로운행방법위반,건조,맑음,교차로 - 교차로안,원동기,남,37세,부상신고,승용,남,51세,상해없음
2021011600100294,2021년 1월 16일 17시,토요일,충청남도 홍성군 홍성읍,경상사고,0,0,1,0,차대차 - 측면충돌,교차로운행방법위반,건조,맑음,교차로 - 교차로안,승용,남,33세,상해없음,승용,남,28세,경상
2021011600100295,2021년 1월 16일 17시,토요일,충청남도 금산군 제원면,중상사고,0,1,1,0,차대차 - 측면충돌,신호위반,건조,맑음,교차로 - 교차로안,화물,여,70세,상해없음,화물,남,71세,경상
2021011600100336,2021년 1월 16일 18시,토요일,충청남도 당진시 신평면,중상사고,0,1,0,0,차대차 - 기타,안전운전불이행,건조,맑음,단일로 - 기타,승용,여,35세,상해없음,승용,남,42세,상해없음
2021011600100337,2021년 1월 16일 18시,토요일,충청남도 천안시 동남구 원성동,경상사고,0,0,5,0,차대차 - 추돌,안전운전불이행,기타,흐림,단일로 - 기타,승용,남,48세,상해없음,승용,여,39세,경상
2021011600100377,2021년 1월 16일 19시,토요일,충청남도 서산시 예천동,경상사고,0,0,1,0,차대차 - 기타,교차로운행방법위반,건조,맑음,교차로 - 교차로안,이륜,남,38세,경상,승용,남,49세,상해없음
2021011600100378,2021년 1월 16일 19시,토요일,충청남도 천안시 서북구 두정동,경상사고,0,0,1,0,차대차 - 기타,안전거리미확보,건조,맑음,교차로 - 교차로부근,승용,여,37세,상해없음,승합,남,55세,경상
2021011600100379,2021년 1월 16일 19시,토요일,충청남도 천안시 서북구 성정동,경상사고,0,0,1,0,차대차 - 측면충돌,안전운전불이행,건조,맑음,교차로 - 교차로부근,승합,남,59세,상해없음,승용,여,22세,경상
2021011600100402,2021년 1월 16일 20시,토요일,충청남도 아산시 방축동,경상사고,0,0,3,0,차대차 - 기타,신호위반,건조,맑음,교차로 - 교차로안,승용,남,53세,상해없음,승용,여,46세,경상
2021011600100403,2021년 1월 16일 20시,토요일,충청남도 아산시 배방읍,경상사고,0,0,1,0,차대차 - 정면충돌,중앙선침범,건조,맑음,교차로 - 교차로안,화물,남,58세,상해없음,승용,남,57세,경상
2021011600100435,2021년 1월 16일 21시,토요일,충청남도 천안시 서북구 성정동,경상사고,0,0,1,0,차대차 - 정면충돌,중앙선침범,젖음/습기,맑음,단일로 - 기타,승용,남,36세,상해없음,승용,여,23세,경상
2021011600100436,2021년 1월 16일 21시,토요일,충청남도 천안시 서북구 두정동,경상사고,0,0,2,0,차대차 - 추돌,안전운전불이행,건조,맑음,교차로 - 교차로부근,승용,남,32세,상해없음,승용,남,25세,경상
2021011600100437,2021년 1월 16일 21시,토요일,충청남도 아산시 용화동,중상사고,0,1,4,0,차대차 - 측면충돌,신호위반,건조,맑음,교차로 - 교차로안,승용,남,25세,상해없음,승용,남,40세,경상
2021011600100438,2021년 1월 16일 21시,토요일,충청남도 당진시 읍내동,경상사고,0,0,1,0,차대차 - 측면충돌,교차로운행방법위반,건조,맑음,교차로 - 교차로안,승용,남,37세,상해없음,승용,남,34세,경상
2021011600100465,2021년 1월 16일 22시,토요일,충청남도 서산시 동문동,경상사고,0,0,3,0,차대차 - 기타,중앙선침범,건조,맑음,단일로 - 기타,승용,남,61세,상해없음,승용,남,46세,상해없음
2021011600100484,2021년 1월 16일 23시,토요일,충청남도 천안시 동남구 신부동,경상사고,0,0,1,0,차대차 - 정면충돌,중앙선침범,건조,맑음,교차로 - 교차로부근,승용,남,29세,상해없음,승용,여,29세,경상
2021011700100004,2021년 1월 17일 00시,일요일,충청남도 홍성군 홍성읍,경상사고,0,0,1,0,차대차 - 측면충돌,신호위반,건조,맑음,교차로 - 교차로안,승용,남,27세,상해없음,승용,남,23세,경상
2021011700100018,2021년 1월 17일 05시,일요일,충청남도 천안시 서북구 쌍용동,부상신고사고,0,0,0,1,차대차 - 측면충돌,안전운전불이행,건조,맑음,교차로 - 교차로횡단보도내,자전거,남,76세,부상신고,화물,남,41세,상해없음
2021011700100022,2021년 1월 17일 06시,일요일,충청남도 천안시 서북구 성정동,중상사고,0,1,0,0,차대사람 - 차도통행중,안전운전불이행,건조,맑음,단일로 - 기타,이륜,남,31세,상해없음,보행자,남,74세,중상
2021011700100160,2021년 1월 17일 16시,일요일,충청남도 보령시 천북면,중상사고,0,1,0,0,차대사람 - 길가장자리구역통행중,안전운전불이행,건조,맑음,단일로 - 기타,화물,남,59세,상해없음,보행자,남,64세,중상
2021011700100161,2021년 1월 17일 16시,일요일,충청남도 보령시 동대동,경상사고,0,0,3,0,차대차 - 정면충돌,안전운전불이행,젖음/습기,눈,교차로 - 교차로안,승용,남,25세,경상,승용,남,61세,경상
2021011700100185,2021년 1월 17일 17시,일요일,충청남도 태안군 근흥면,경상사고,0,0,1,0,차대차 - 정면충돌,안전운전불이행,적설,눈,교차로 - 교차로부근,승용,남,61세,상해없음,승용,남,42세,경상
2021011700100218,2021년 1월 17일 18시,일요일,충청남도 천안시 서북구 성환읍,경상사고,0,0,1,0,차대차 - 측면충돌,안전운전불이행,건조,맑음,교차로 - 교차로안,승용,남,38세,상해없음,승용,여,38세,경상
2021011700100249,2021년 1월 17일 19시,일요일,충청남도 홍성군 갈산면,경상사고,0,0,1,0,차대차 - 측면충돌,중앙선침범,건조,맑음,단일로 - 기타,승용,여,59세,상해없음,승용,남,46세,경상
2021011700100290,2021년 1월 17일 22시,일요일,충청남도 천안시 서북구 두정동,부상신고사고,0,0,0,1,차대차 - 기타,신호위반,건조,맑음,교차로 - 교차로안,승용,남,55세,상해없음,이륜,남,34세,부상신고
2021011800100027,2021년 1월 18일 07시,월요일,충청남도 당진시 합덕읍,사망사고,1,1,2,0,차대차 - 측면충돌,신호위반,적설,눈,교차로 - 교차로안,승용,남,38세,경상,화물,남,60세,경상
2021011800100075,2021년 1월 18일 09시,월요일,충청남도 서천군 서천읍,경상사고,0,0,2,0,차대차 - 측면충돌,안전운전불이행,적설,눈,단일로 - 기타,승합,남,58세,상해없음,승용,여,27세,경상
2021011800100076,2021년 1월 18일 09시,월요일,충청남도 예산군 광시면,부상신고사고,0,0,0,1,차량단독 - 전도전복 - 전도,안전운전불이행,서리/결빙,눈,단일로 - 기타,화물,남,47세,부상신고,,,,
2021011800100097,2021년 1월 18일 10시,월요일,충청남도 공주시 계룡면,중상사고,0,1,0,0,차대차 - 기타,중앙선침범,서리/결빙,눈,단일로 - 기타,승용,남,44세,상해없음,건설기계,남,49세,중상
2021011800100098,2021년 1월 18일 10시,월요일,충청남도 당진시 송악읍,경상사고,0,0,2,1,차대차 - 추돌,안전운전불이행,건조,흐림,단일로 - 기타,승합,남,58세,상해없음,화물,남,50세,경상
2021011800100099,2021년 1월 18일 10시,월요일,충청남도 공주시 사곡면,부상신고사고,0,0,0,1,차량단독 - 전도전복 - 전도,안전운전불이행,적설,눈,단일로 - 기타,화물,남,49세,부상신고,,,,
2021011800100174,2021년 1월 18일 13시,월요일,충청남도 공주시 사곡면,경상사고,0,0,2,0,차대차 - 추돌,안전운전불이행,건조,흐림,단일로 - 터널,화물,남,59세,상해없음,승용,남,31세,경상
2021011800100192,2021년 1월 18일 14시,월요일,충청남도 당진시 송악읍,중상사고,0,1,0,0,차대차 - 추돌,안전운전불이행,적설,눈,단일로 - 기타,건설기계,남,45세,상해없음,화물,남,39세,중상
2021011800100214,2021년 1월 18일 15시,월요일,충청남도 천안시 서북구 성정동,경상사고,0,0,1,0,차대차 - 추돌,안전운전불이행,적설,눈,단일로 - 기타,승용,남,26세,상해없음,승용,남,53세,경상
2021011800100215,2021년 1월 18일 15시,월요일,충청남도 당진시 순성면,중상사고,0,2,4,0,차대차 - 추돌,안전운전불이행,적설,눈,단일로 - 기타,화물,남,56세,중상,승용,남,63세,경상
2021011800100240,2021년 1월 18일 16시,월요일,충청남도 천안시 서북구 성정동,경상사고,0,0,1,0,차대사람 - 기타,안전운전불이행,서리/결빙,흐림,단일로 - 기타,승용,남,68세,상해없음,보행자,남,26세,경상
2021011800100317,2021년 1월 18일 18시,월요일,충청남도 천안시 서북구 두정동,경상사고,0,0,1,0,차대차 - 추돌,안전거리미확보,서리/결빙,맑음,교차로 - 교차로부근,승용,여,43세,상해없음,승용,남,26세,경상
2021011800100471,2021년 1월 18일 22시,월요일,충청남도 공주시 신관동,경상사고,0,0,1,0,차대차 - 측면충돌,직진우회전진행방해,서리/결빙,기타,교차로 - 교차로안,승용,남,63세,기타불명,승용,남,40세,경상
2021011800100485,2021년 1월 18일 23시,월요일,충청남도 천안시 서북구 쌍용동,경상사고,0,0,1,0,차대차 - 추돌,안전운전불이행,건조,맑음,단일로 - 기타,승용,남,25세,상해없음,승용,남,56세,경상
2021011900100111,2021년 1월 19일 09시,화요일,충청남도 천안시 서북구 성정동,경상사고,0,0,2,0,차대차 - 측면충돌,교차로운행방법위반,서리/결빙,맑음,교차로 - 교차로안,승용,남,42세,상해없음,승용,남,28세,경상
2021011900100149,2021년 1월 19일 10시,화요일,충청남도 천안시 서북구 성정동,경상사고,0,0,1,0,차대차 - 추돌,안전운전불이행,건조,맑음,단일로 - 기타,승용,여,40세,상해없음,승용,남,26세,경상
2021011900100180,2021년 1월 19일 11시,화요일,충청남도 당진시 읍내동,경상사고,0,0,1,0,차대사람 - 길가장자리구역통행중,안전운전불이행,건조,맑음,단일로 - 기타,화물,남,51세,상해없음,보행자,여,81세,경상
2021011900100212,2021년 1월 19일 12시,화요일,충청남도 당진시 대덕동,경상사고,0,0,1,0,차대차 - 측면충돌,신호위반,건조,맑음,교차로 - 교차로안,승용,남,73세,상해없음,승용,여,49세,경상
2021011900100248,2021년 1월 19일 13시,화요일,충청남도 천안시 동남구 신부동,경상사고,0,0,1,0,차대사람 - 차도통행중,안전운전불이행,서리/결빙,맑음,단일로 - 기타,승용,남,79세,상해없음,보행자,남,59세,경상
2021011900100311,2021년 1월 19일 15시,화요일,충청남도 천안시 서북구 성환읍,경상사고,0,0,1,0,차대차 - 추돌,안전운전불이행,건조,맑음,교차로 - 교차로부근,승용,남,34세,상해없음,승용,남,67세,경상
2021011900100434,2021년 1월 19일 18시,화요일,충청남도 아산시 권곡동,중상사고,0,1,0,0,차대사람 - 기타,안전운전불이행,젖음/습기,맑음,교차로 - 교차로부근,승용,남,52세,상해없음,보행자,여,78세,중상
2021011900100485,2021년 1월 19일 19시,화요일,충청남도 아산시 탕정면,경상사고,0,0,1,0,차대차 - 기타,안전운전불이행,기타,기타,교차로 - 교차로부근,승용,남,49세,상해없음,승용,남,28세,경상
2021011900100527,2021년 1월 19일 20시,화요일,충청남도 천안시 서북구 성거읍,경상사고,0,0,1,0,차대차 - 추돌,안전운전불이행,건조,맑음,교차로 - 교차로안,승용,남,49세,상해없음,승용,남,30세,경상
2021011900100602,2021년 1월 19일 22시,화요일,충청남도 논산시 채운면,중상사고,0,1,0,0,차대차 - 추돌,기타,건조,맑음,단일로 - 기타,승용,남,25세,상해없음,화물,남,35세,중상
2021012000100013,2021년 1월 20일 01시,수요일,충청남도 천안시 동남구 목천읍,중상사고,0,1,0,0,차대사람 - 횡단중,안전운전불이행,건조,맑음,단일로 - 기타,승용,여,34세,상해없음,보행자,남,74세,중상
2021012000100025,2021년 1월 20일 05시,수요일,충청남도 서산시 팔봉면,경상사고,0,0,2,0,차대차 - 기타,안전운전불이행,건조,맑음,단일로 - 기타,승용,남,39세,경상,승용,남,41세,경상
2021012000100044,2021년 1월 20일 06시,수요일,충청남도 천안시 동남구 목천읍,경상사고,0,0,1,0,차대차 - 추돌,안전운전불이행,건조,맑음,단일로 - 기타,승용,여,32세,상해없음,승용,남,59세,경상
2021012000100063,2021년 1월 20일 07시,수요일,충청남도 천안시 서북구 성정동,경상사고,0,0,1,0,차대차 - 정면충돌,안전운전불이행,서리/결빙,맑음,교차로 - 교차로안,승용,남,31세,상해없음,승용,여,25세,경상
2021012000100121,2021년 1월 20일 09시,수요일,충청남도 서천군 한산면,경상사고,0,0,2,0,차대차 - 측면충돌,신호위반,건조,맑음,교차로 - 교차로안,승용,여,61세,경상,화물,남,75세,경상
2021012000100166,2021년 1월 20일 10시,수요일,충청남도 아산시 둔포면,경상사고,0,0,1,0,차대차 - 기타,교차로운행방법위반,건조,맑음,교차로 - 교차로안,승용,여,31세,상해없음,승용,남,33세,경상
2021012000100199,2021년 1월 20일 11시,수요일,충청남도 당진시 읍내동,중상사고,0,1,0,0,차대사람 - 길가장자리구역통행중,안전운전불이행,건조,맑음,단일로 - 기타,승용,남,70세,상해없음,보행자,여,64세,중상
2021012000100200,2021년 1월 20일 11시,수요일,충청남도 태안군 태안읍,경상사고,0,0,1,0,차대차 - 측면충돌,안전운전불이행,건조,흐림,교차로 - 교차로부근,화물,남,64세,상해없음,이륜,남,71세,경상
2021012000100244,2021년 1월 20일 12시,수요일,충청남도 아산시 송악면,부상신고사고,0,0,0,1,차량단독 - 공작물충돌,안전운전불이행,건조,맑음,단일로 - 기타,화물,남,66세,부상신고,,,,
2021012000100277,2021년 1월 20일 13시,수요일,충청남도 천안시 서북구 성정동,경상사고,0,0,1,0,차대차 - 측면충돌,안전운전불이행,건조,맑음,교차로 - 교차로안,승용,남,58세,상해없음,승용,남,26세,경상
2021012000100317,2021년 1월 20일 14시,수요일,충청남도 천안시 서북구 쌍용동,중상사고,0,1,0,0,차대사람 - 기타,안전운전불이행,건조,맑음,교차로 - 교차로안,화물,여,58세,상해없음,보행자,여,66세,중상
2021012000100344,2021년 1월 20일 15시,수요일,충청남도 서산시 읍내동,경상사고,0,0,1,0,차대차 - 측면충돌,안전운전불이행,건조,맑음,교차로 - 교차로안,승용,여,55세,상해없음,승용,남,32세,경상
2021012000100345,2021년 1월 20일 15시,수요일,충청남도 천안시 동남구 봉명동,경상사고,0,0,2,1,차대차 - 추돌,안전운전불이행,건조,맑음,교차로 - 교차로부근,승용,남,81세,부상신고,화물,남,51세,상해없음
2021012000100378,2021년 1월 20일 16시,수요일,충청남도 서산시 읍내동,경상사고,0,0,1,0,차대차 - 측면충돌,교차로운행방법위반,건조,맑음,교차로 - 교차로안,승용,남,26세,상해없음,승용,남,75세,경상
2021012000100379,2021년 1월 20일 16시,수요일,충청남도 논산시 부창동,중상사고,0,2,0,0,차대차 - 측면충돌,안전운전불이행,건조,맑음,단일로 - 기타,승용,남,44세,상해없음,이륜,남,56세,중상
2021012000100418,2021년 1월 20일 17시,수요일,충청남도 천안시 서북구 백석동,경상사고,0,0,2,0,차대차 - 기타,안전거리미확보,건조,맑음,단일로 - 기타,승용,여,38세,상해없음,승용,여,34세,경상
2021012000100419,2021년 1월 20일 17시,수요일,충청남도 천안시 서북구 성거읍,경상사고,0,0,1,0,차대차 - 측면충돌,안전운전불이행,건조,맑음,교차로 - 교차로부근,승용,남,46세,상해없음,승용,여,41세,경상
2021012000100420,2021년 1월 20일 17시,수요일,충청남도 아산시 온천동,경상사고,0,0,1,0,차대차 - 기타,안전운전불이행,건조,맑음,교차로 - 교차로부근,승용,남,25세,상해없음,자전거,남,17세,경상
2021012000100496,2021년 1월 20일 18시,수요일,충청남도 서산시 대산읍,중상사고,0,1,0,0,차대차 - 정면충돌,신호위반,건조,맑음,교차로 - 교차로안,승용,남,25세,상해없음,승합,남,39세,중상
2021012000100497,2021년 1월 20일 18시,수요일,충청남도 논산시 화지동,중상사고,0,1,0,0,차대사람 - 기타,안전운전불이행,건조,맑음,단일로 - 기타,승합,남,53세,상해없음,보행자,남,13세,중상
2021012000100498,2021년 1월 20일 18시,수요일,충청남도 보령시 주산면,사망사고,1,0,0,0,차량단독 - 전도전복 - 전도,안전운전불이행,건조,맑음,미분류 - 미분류,이륜,남,77세,사망,,,,
2021012000100557,2021년 1월 20일 19시,수요일,충청남도 아산시 영인면,경상사고,0,0,1,0,차대차 - 기타,중앙선침범,건조,맑음,단일로 - 기타,화물,남,49세,상해없음,승용,남,54세,경상
2021012000100558,2021년 1월 20일 19시,수요일,충청남도 공주시 의당면,부상신고사고,0,0,0,1,차량단독 - 기타,안전운전불이행,건조,맑음,단일로 - 기타,이륜,남,62세,부상신고,,,,
2021012000100559,2021년 1월 20일 19시,수요일,충청남도 태안군 고남면,사망사고,1,0,0,0,차대사람 - 차도통행중,안전운전불이행,건조,흐림,단일로 - 기타,승용,여,44세,상해없음,보행자,남,59세,사망
2021012000100637,2021년 1월 20일 21시,수요일,충청남도 천안시 서북구 성성동,경상사고,0,0,1,0,차대차 - 측면충돌,신호위반,건조,맑음,교차로 - 교차로안,승용,여,52세,상해없음,이륜,남,22세,경상
2021012000100638,2021년 1월 20일 21시,수요일,충청남도 천안시 서북구 성정동,경상사고,0,0,2,0,차대차 - 추돌,안전운전불이행,건조,맑음,단일로 - 기타,승용,남,39세,상해없음,승용,여,29세,경상
2021012000100669,2021년 1월 20일 22시,수요일,충청남도 예산군 응봉면,경상사고,0,0,1,0,차량단독 - 공작물충돌,안전운전불이행,건조,맑음,단일로 - 기타,승용,남,63세,경상,,,,
2021012100100021,2021년 1월 21일 05시,목요일,충청남도 공주시 금흥동,중상사고,0,1,0,0,차대차 - 측면충돌,신호위반,건조,맑음,교차로 - 교차로안,승용,남,59세,상해없음,승용,여,59세,중상
2021012100100049,2021년 1월 21일 07시,목요일,충청남도 천안시 동남구 신부동,경상사고,0,0,1,0,차대차 - 정면충돌,안전운전불이행,건조,맑음,교차로 - 교차로안,승용,여,27세,기타불명,승용,남,19세,경상
2021012100100140,2021년 1월 21일 10시,목요일,충청남도 서산시 대산읍,경상사고,0,0,2,0,차대차 - 측면충돌,중앙선침범,건조,맑음,단일로 - 기타,승용,남,48세,상해없음,화물,남,31세,경상
2021012100100141,2021년 1월 21일 10시,목요일,충청남도 당진시 송악읍,경상사고,0,0,1,0,차대차 - 측면충돌,차로위반,건조,맑음,교차로 - 교차로안,승용,남,69세,상해없음,특수,남,59세,경상
2021012100100142,2021년 1월 21일 10시,목요일,충청남도 천안시 동남구 목천읍,중상사고,0,1,0,0,차량단독 - 전도전복 - 전도,안전운전불이행,건조,맑음,단일로 - 기타,농기계,남,67세,중상,,,,
2021012100100179,2021년 1월 21일 11시,목요일,충청남도 서산시 잠홍동,경상사고,0,0,1,0,차대차 - 기타,중앙선침범,건조,맑음,단일로 - 기타,승용,남,38세,상해없음,승용,남,65세,경상
2021012100100180,2021년 1월 21일 11시,목요일,충청남도 천안시 서북구 쌍용동,경상사고,0,0,2,0,차대차 - 추돌,안전운전불이행,건조,맑음,단일로 - 기타,승용,여,61세,상해없음,승용,남,22세,경상
2021012100100181,2021년 1월 21일 11시,목요일,충청남도 홍성군 서부면,중상사고,0,3,0,0,차대차 - 정면충돌,중앙선침범,건조,맑음,단일로 - 기타,승합,남,24세,중상,승용,남,52세,중상
2021012100100246,2021년 1월 21일 13시,목요일,충청남도 서산시 성연면,경상사고,0,0,1,0,차대차 - 측면충돌,신호위반,젖음/습기,비,교차로 - 교차로안,승용,남,67세,상해없음,승용,남,24세,경상
2021012100100271,2021년 1월 21일 14시,목요일,충청남도 아산시 모종동,사망사고,1,0,0,0,차대사람 - 횡단중,보행자보호의무위반,젖음/습기,비,교차로 - 교차로안,승합,남,49세,상해없음,보행자,남,70세,사망
2021012100100272,2021년 1월 21일 14시,목요일,충청남도 천안시 서북구 와촌동,경상사고,0,0,1,0,차대차 - 기타,안전운전불이행,건조,맑음,단일로 - 기타,화물,남,46세,상해없음,승용,남,56세,경상
2021012100100291,2021년 1월 21일 15시,목요일,충청남도 천안시 서북구 성환읍,부상신고사고,0,0,0,1,차대사람 - 기타,안전운전불이행,젖음/습기,맑음,단일로 - 기타,승용,여,63세,상해없음,보행자,남,37세,부상신고
2021012100100292,2021년 1월 21일 15시,목요일,충청남도 아산시 인주면,경상사고,0,0,1,0,차대차 - 기타,중앙선침범,젖음/습기,흐림,단일로 - 기타,화물,남,54세,상해없음,승용,여,52세,경상
2021012100100293,2021년 1월 21일 15시,목요일,충청남도 공주시 봉황동,경상사고,0,0,1,0,차대사람 - 기타,안전운전불이행,건조,맑음,주차장 - 주차장,승용,남,30세,상해없음,보행자,남,54세,경상
2021012100100325,2021년 1월 21일 16시,목요일,충청남도 천안시 서북구 성정동,경상사고,0,0,1,0,차대차 - 후진중충돌,안전운전불이행,젖음/습기,흐림,단일로 - 기타,화물,남,62세,상해없음,승용,남,25세,경상
2021012100100326,2021년 1월 21일 16시,목요일,충청남도 서천군 기산면,경상사고,0,0,1,0,차대차 - 기타,중앙선침범,젖음/습기,비,단일로 - 기타,승용,여,63세,상해없음,승용,남,25세,경상
2021012100100327,2021년 1월 21일 16시,목요일,충청남도 예산군 삽교읍,경상사고,0,0,1,0,차대차 - 측면충돌,신호위반,젖음/습기,비,교차로 - 교차로안,승용,남,65세,상해없음,승용,남,34세,경상
2021012100100359,2021년 1월 21일 17시,목요일,충청남도 예산군 예산읍,경상사고,0,0,1,0,차대사람 - 기타,안전운전불이행,젖음/습기,비,주차장 - 주차장,승용,남,56세,상해없음,보행자,남,17세,경상
2021012100100408,2021년 1월 21일 18시,목요일,충청남도 서산시 읍내동,중상사고,0,1,0,0,차대사람 - 횡단중,보행자보호의무위반,젖음/습기,비,교차로 - 교차로횡단보도내,승용,남,48세,상해없음,보행자,남,53세,중상
2021012100100410,2021년 1월 21일 18시,목요일,충청남도 천안시 서북구 성거읍,경상사고,0,0,1,0,차대차 - 후진중충돌,중앙선침범,젖음/습기,맑음,단일로 - 기타,승용,남,55세,상해없음,승용,여,52세,경상
2021012100100411,2021년 1월 21일 18시,목요일,충청남도 공주시 금흥동,중상사고,0,1,0,0,차대사람 - 횡단중,안전운전불이행,젖음/습기,비,교차로 - 교차로부근,승용,남,36세,상해없음,보행자,남,64세,중상
2021012100100412,2021년 1월 21일 18시,목요일,충청남도 천안시 동남구 영성동,경상사고,0,0,1,0,차대사람 - 횡단중,신호위반,젖음/습기,비,교차로 - 교차로부근,원동기,남,36세,상해없음,보행자,남,29세,경상
2021012100100470,2021년 1월 21일 19시,목요일,충청남도 천안시 동남구 구성동,경상사고,0,0,1,0,차대차 - 기타,안전거리미확보,건조,맑음,단일로 - 기타,승용,여,26세,상해없음,승합,남,54세,상해없음
2021012100100511,2021년 1월 21일 20시,목요일,충청남도 천안시 서북구 성정동,경상사고,0,0,1,0,차대사람 - 횡단중,신호위반,젖음/습기,비,교차로 - 교차로횡단보도내,이륜,남,41세,상해없음,보행자,남,51세,경상
2021012100100512,2021년 1월 21일 20시,목요일,충청남도 논산시 양촌면,중상사고,0,1,0,0,차대차 - 측면충돌,안전운전불이행,젖음/습기,비,단일로 - 기타,승용,남,55세,상해없음,승용,여,68세,중상
2021012100100513,2021년 1월 21일 20시,목요일,충청남도 천안시 동남구 용곡동,경상사고,0,0,1,0,차대차 - 측면충돌,안전거리미확보,젖음/습기,비,단일로 - 기타,승용,남,52세,상해없음,승용,남,22세,경상
2021012100100557,2021년 1월 21일 21시,목요일,충청남도 천안시 동남구 원성동,경상사고,0,0,4,0,차대차 - 기타,신호위반,젖음/습기,비,교차로 - 교차로안,승용,남,41세,상해없음,승용,남,56세,경상
2021012100100597,2021년 1월 21일 22시,목요일,충청남도 당진시 신평면,중상사고,0,1,0,0,차대차 - 측면충돌,안전운전불이행,건조,맑음,단일로 - 기타,화물,남,54세,상해없음,승용,여,57세,중상
2021012200100004,2021년 1월 22일 00시,금요일,충청남도 천안시 서북구 불당동,경상사고,0,0,1,0,차대차 - 측면충돌,신호위반,건조,맑음,교차로 - 교차로안,승용,남,23세,상해없음,승용,남,49세,상해없음
2021012200100009,2021년 1월 22일 01시,금요일,충청남도 천안시 서북구 두정동,경상사고,0,0,1,0,차대차 - 측면충돌,안전운전불이행,젖음/습기,맑음,단일로 - 기타,승용,여,36세,상해없음,이륜,남,29세,경상
2021012200100041,2021년 1월 22일 06시,금요일,충청남도 천안시 동남구 원성동,중상사고,0,1,0,0,차대차 - 측면충돌,교차로운행방법위반,기타,흐림,교차로 - 교차로안,승용,남,51세,상해없음,자전거,남,72세,중상
2021012200100055,2021년 1월 22일 07시,금요일,충청남도 천안시 동남구 청당동,경상사고,0,0,2,0,차대차 - 측면충돌,안전운전불이행,젖음/습기,맑음,교차로 - 교차로안,승용,남,46세,경상,승용,남,74세,경상
2021012200100096,2021년 1월 22일 09시,금요일,충청남도 아산시 선장면,부상신고사고,0,0,0,1,차대차 - 기타,중앙선침범,젖음/습기,안개,단일로 - 기타,승용,남,60세,상해없음,화물,남,65세,부상신고
2021012200100118,2021년 1월 22일 10시,금요일,충청남도 천안시 서북구 성거읍,경상사고,0,0,2,0,차대차 - 측면충돌,안전운전불이행,건조,맑음,단일로 - 기타,승용,남,57세,상해없음,승합,남,35세,경상
2021012200100140,2021년 1월 22일 11시,금요일,충청남도 서천군 종천면,중상사고,0,1,0,0,차대차 - 측면충돌,안전운전불이행,건조,흐림,교차로 - 교차로안,승용,남,68세,상해없음,승용,남,34세,중상
2021012200100189,2021년 1월 22일 13시,금요일,충청남도 서천군 장항읍,경상사고,0,0,2,0,차대차 - 정면충돌,안전운전불이행,건조,맑음,교차로 - 교차로안,화물,남,43세,상해없음,화물,남,38세,상해없음
2021012200100220,2021년 1월 22일 14시,금요일,충청남도 아산시 온천동,중상사고,0,1,1,0,차대차 - 후진중충돌,안전운전불이행,건조,맑음,단일로 - 기타,승용,남,61세,상해없음,승용,남,43세,중상
2021012200100245,2021년 1월 22일 15시,금요일,충청남도 보령시 명천동,중상사고,0,1,0,0,차대사람 - 횡단중,보행자보호의무위반,건조,맑음,교차로 - 교차로횡단보도내,승용,여,43세,상해없음,보행자,여,68세,중상
2021012200100280,2021년 1월 22일 16시,금요일,충청남도 예산군 삽교읍,경상사고,0,0,1,0,차대차 - 측면충돌,중앙선침범,건조,흐림,교차로 - 교차로부근,승용,남,57세,상해없음,특수,남,47세,경상
2021012200100386,2021년 1월 22일 18시,금요일,충청남도 천안시 서북구 불당동,경상사고,0,0,3,1,차대차 - 측면충돌,안전운전불이행,건조,맑음,교차로 - 교차로횡단보도내,자전거,남,24세,부상신고,승용,남,41세,경상