사고번호,사고일시,요일,시군구,사고내용,사망자수,중상자수,경상자수,부상신고자수,사고유형,법규위반,노면상태,기상상태,도로형태,가해운전자 차종,가해운전자 성별,가해운전자 연령,가해운전자 상해정도,피해운전자 차종,피해운전자 성별,피해운전자 연령,피해운전자 상해정도
2021012200100387,2021년 1월 22일 18시,금요일,충청남도 서천군 장항읍,중상사고,0,1,0,0,차대사람 - 횡단중,보행자보호의무위반,건조,맑음,단일로 - 기타,승용,남,43세,상해없음,보행자,여,81세,중상
2021012200100388,2021년 1월 22일 18시,금요일,충청남도 서천군 한산면,중상사고,0,1,0,0,차대사람 - 길가장자리구역통행중,안전운전불이행,건조,맑음,단일로 - 기타,승용,여,32세,상해없음,보행자,남,86세,중상
2021012200100389,2021년 1월 22일 18시,금요일,충청남도 공주시 신풍면,사망사고,1,0,0,0,차대사람 - 차도통행중,안전운전불이행,건조,맑음,단일로 - 기타,승용,남,30세,기타불명,보행자,남,73세,사망
2021012200100390,2021년 1월 22일 18시,금요일,충청남도 공주시 신관동,중상사고,0,1,0,0,차대차 - 측면충돌,안전운전불이행,건조,맑음,교차로 - 교차로부근,승용,남,60세,상해없음,이륜,남,37세,중상
2021012200100391,2021년 1월 22일 18시,금요일,충청남도 청양군 정산면,경상사고,0,0,3,0,차대차 - 측면충돌,안전거리미확보,건조,맑음,단일로 - 기타,승용,남,27세,상해없음,승용,여,49세,경상
2021012200100392,2021년 1월 22일 18시,금요일,충청남도 천안시 동남구 청당동,경상사고,0,0,4,0,차대차 - 측면충돌,안전거리미확보,건조,맑음,교차로 - 교차로부근,승용,여,50세,상해없음,승용,남,20세,경상
2021012200100393,2021년 1월 22일 18시,금요일,충청남도 천안시 서북구 성거읍,경상사고,0,0,1,0,차대차 - 측면충돌,차로위반,건조,맑음,단일로 - 기타,화물,남,29세,상해없음,승용,여,49세,경상
2021012200100461,2021년 1월 22일 19시,금요일,충청남도 천안시 서북구 성정동,경상사고,0,0,1,0,차대차 - 기타,안전거리미확보,건조,맑음,단일로 - 기타,승용,여,64세,상해없음,승용,여,47세,경상
2021012200100462,2021년 1월 22일 19시,금요일,충청남도 천안시 서북구 성성동,경상사고,0,0,2,0,차대차 - 측면충돌,안전운전불이행,건조,맑음,교차로 - 교차로안,승용,여,58세,상해없음,승용,남,62세,경상
2021012200100463,2021년 1월 22일 19시,금요일,충청남도 아산시 온천동,경상사고,0,0,1,0,차대사람 - 횡단중,안전운전불이행,건조,맑음,교차로 - 교차로안,기타불명,기타불명,미분류,기타불명,보행자,여,31세,경상
2021012200100464,2021년 1월 22일 19시,금요일,충청남도 천안시 동남구 다가동,경상사고,0,0,1,0,차대차 - 기타,신호위반,건조,맑음,교차로 - 교차로안,이륜,남,21세,상해없음,승용,여,45세,경상
2021012200100502,2021년 1월 22일 20시,금요일,충청남도 천안시 서북구 성성동,경상사고,0,0,1,0,차대차 - 기타,안전운전불이행,건조,맑음,교차로 - 교차로안,승용,여,34세,상해없음,승용,남,31세,경상
2021012200100503,2021년 1월 22일 20시,금요일,충청남도 당진시 송악읍,경상사고,0,0,1,0,차대차 - 추돌,안전운전불이행,건조,맑음,단일로 - 기타,화물,남,51세,상해없음,특수,남,47세,경상
2021012200100541,2021년 1월 22일 21시,금요일,충청남도 천안시 서북구 두정동,경상사고,0,0,2,0,차대차 - 추돌,안전운전불이행,건조,맑음,교차로 - 교차로부근,승용,남,20세,상해없음,승용,남,26세,경상
2021012200100542,2021년 1월 22일 21시,금요일,충청남도 아산시 용화동,중상사고,0,1,0,0,차대차 - 기타,중앙선침범,건조,흐림,단일로 - 기타,승용,남,35세,상해없음,이륜,남,28세,중상
2021012200100543,2021년 1월 22일 21시,금요일,충청남도 아산시 용화동,경상사고,0,0,3,0,차대차 - 추돌,안전운전불이행,건조,흐림,단일로 - 기타,승용,남,30세,상해없음,승용,여,40세,경상
2021012200100544,2021년 1월 22일 21시,금요일,충청남도 공주시 신관동,경상사고,0,0,1,0,차대차 - 측면충돌,기타,건조,맑음,교차로 - 교차로부근,승용,남,28세,기타불명,승용,남,46세,경상
2021012200100545,2021년 1월 22일 21시,금요일,충청남도 천안시 동남구 봉명동,경상사고,0,0,1,0,차대차 - 추돌,안전운전불이행,건조,맑음,교차로 - 교차로부근,승용,남,39세,상해없음,승용,여,36세,경상
2021012200100576,2021년 1월 22일 22시,금요일,충청남도 아산시 용화동,경상사고,0,0,1,0,차대차 - 기타,안전운전불이행,건조,맑음,교차로 - 교차로안,승용,남,28세,상해없음,승용,여,43세,경상
2021012200100577,2021년 1월 22일 22시,금요일,충청남도 아산시 영인면,중상사고,0,2,2,0,차대차 - 기타,안전운전불이행,기타,안개,단일로 - 기타,승용,남,48세,상해없음,승용,남,42세,중상
2021012200100597,2021년 1월 22일 23시,금요일,충청남도 천안시 서북구 성정동,경상사고,0,0,1,0,차대차 - 정면충돌,신호위반,건조,맑음,교차로 - 교차로안,승용,남,42세,상해없음,승용,남,25세,경상
2021012300100021,2021년 1월 23일 02시,토요일,충청남도 서천군 화양면,중상사고,0,1,2,0,차대차 - 추돌,안전운전불이행,건조,맑음,단일로 - 기타,특수,남,44세,중상,건설기계,남,46세,경상
2021012300100023,2021년 1월 23일 03시,토요일,충청남도 천안시 동남구 원성동,중상사고,0,1,1,0,차대차 - 측면충돌,직진우회전진행방해,건조,맑음,교차로 - 교차로안,승용,남,42세,중상,승용,남,64세,경상
2021012300100083,2021년 1월 23일 10시,토요일,충청남도 천안시 동남구 청당동,경상사고,0,0,1,0,차대차 - 측면충돌,안전운전불이행,건조,맑음,단일로 - 고가도로위,승용,남,65세,상해없음,이륜,남,39세,경상
2021012300100150,2021년 1월 23일 12시,토요일,충청남도 부여군 부여읍,중상사고,0,1,0,0,차대사람 - 횡단중,보행자보호의무위반,건조,맑음,교차로 - 교차로횡단보도내,승용,남,64세,상해없음,보행자,여,60세,중상
2021012300100213,2021년 1월 23일 14시,토요일,충청남도 서산시 예천동,부상신고사고,0,0,0,1,차대차 - 추돌,안전운전불이행,건조,맑음,단일로 - 기타,이륜,여,59세,부상신고,이륜,남,39세,상해없음
2021012300100214,2021년 1월 23일 14시,토요일,충청남도 천안시 서북구 성정동,경상사고,0,0,1,0,차대차 - 측면충돌,기타,건조,맑음,교차로 - 교차로안,이륜,남,19세,경상,승용,남,58세,상해없음
2021012300100249,2021년 1월 23일 15시,토요일,충청남도 천안시 서북구 불당동,경상사고,0,0,1,0,차대차 - 측면충돌,안전운전불이행,건조,맑음,단일로 - 기타,승용,여,45세,상해없음,승용,여,50세,경상
2021012300100311,2021년 1월 23일 17시,토요일,충청남도 보령시 신흑동,경상사고,0,0,1,0,차대사람 - 기타,안전운전불이행,건조,맑음,단일로 - 기타,승용,남,30세,상해없음,보행자,여,19세,경상
2021012300100351,2021년 1월 23일 18시,토요일,충청남도 서천군 서천읍,경상사고,0,0,1,0,차대사람 - 차도통행중,안전운전불이행,건조,맑음,교차로 - 교차로안,승용,여,64세,상해없음,보행자,여,60세,경상
2021012300100352,2021년 1월 23일 18시,토요일,충청남도 보령시 주포면,경상사고,0,0,1,0,차대사람 - 횡단중,안전운전불이행,건조,맑음,교차로 - 교차로부근,승용,남,22세,상해없음,보행자,남,70세,경상
2021012300100353,2021년 1월 23일 18시,토요일,충청남도 공주시 유구읍,경상사고,0,0,2,0,차대차 - 기타,중앙선침범,건조,맑음,교차로 - 교차로부근,승용,남,63세,상해없음,승용,남,67세,경상
2021012400100025,2021년 1월 24일 06시,일요일,충청남도 천안시 동남구 원성동,중상사고,0,1,0,0,차대차 - 기타,안전운전불이행,건조,맑음,단일로 - 기타,화물,남,62세,상해없음,화물,여,58세,중상
2021012400100030,2021년 1월 24일 07시,일요일,충청남도 천안시 서북구 성정동,경상사고,0,0,1,0,차대차 - 정면충돌,신호위반,건조,맑음,교차로 - 교차로안,승용,남,28세,상해없음,승용,남,34세,경상
2021012400100053,2021년 1월 24일 09시,일요일,충청남도 천안시 서북구 성거읍,경상사고,0,0,1,0,차대차 - 측면충돌,차로위반,건조,맑음,단일로 - 기타,승용,여,24세,상해없음,승용,여,48세,경상
2021012400100077,2021년 1월 24일 11시,일요일,충청남도 서산시 동문동,경상사고,0,0,1,0,차대차 - 측면충돌,신호위반,건조,맑음,교차로 - 교차로안,화물,남,71세,상해없음,승용,남,34세,상해없음
2021012400100078,2021년 1월 24일 11시,일요일,충청남도 아산시 모종동,중상사고,0,1,0,0,차대차 - 측면충돌,안전거리미확보,건조,맑음,단일로 - 기타,승합,남,57세,상해없음,이륜,남,38세,중상
2021012400100098,2021년 1월 24일 12시,일요일,충청남도 부여군 부여읍,경상사고,0,0,1,0,차대사람 - 차도통행중,안전운전불이행,건조,맑음,교차로 - 교차로부근,원동기,남,27세,상해없음,보행자,남,79세,경상
2021012400100146,2021년 1월 24일 14시,일요일,충청남도 서산시 대산읍,부상신고사고,0,0,0,1,차대차 - 후진중충돌,안전운전불이행,건조,맑음,단일로 - 기타,화물,남,55세,상해없음,승용,남,59세,부상신고
2021012400100148,2021년 1월 24일 14시,일요일,충청남도 천안시 동남구 다가동,경상사고,0,0,1,0,차대차 - 측면충돌,안전운전불이행,건조,맑음,교차로 - 교차로부근,승용,남,58세,상해없음,이륜,남,23세,경상
2021012400100149,2021년 1월 24일 14시,일요일,충청남도 태안군 안면읍,경상사고,0,0,1,0,차대차 - 추돌,안전운전불이행,건조,맑음,단일로 - 기타,사륜오토바이(ATV),여,27세,상해없음,사륜오토바이(ATV),남,46세,경상
2021012400100213,2021년 1월 24일 17시,일요일,충청남도 천안시 서북구 성정동,경상사고,0,0,1,0,차대사람 - 기타,안전운전불이행,건조,맑음,단일로 - 기타,승용,남,49세,기타불명,보행자,남,49세,경상
2021012400100246,2021년 1월 24일 18시,일요일,충청남도 천안시 동남구 병천면,중상사고,0,1,0,0,차대사람 - 횡단중,보행자보호의무위반,건조,맑음,교차로 - 교차로횡단보도내,승용,남,57세,상해없음,보행자,남,28세,중상
2021012400100274,2021년 1월 24일 19시,일요일,충청남도 천안시 서북구 직산읍,부상신고사고,0,0,0,1,차량단독 - 전도전복 - 전도,안전운전불이행,건조,맑음,단일로 - 기타,승용,남,58세,부상신고,,,,
2021012400100275,2021년 1월 24일 19시,일요일,충청남도 논산시 은진면,경상사고,0,0,1,0,차대차 - 측면충돌,안전운전불이행,건조,맑음,교차로 - 교차로안,화물,남,64세,상해없음,승용,남,44세,상해없음
2021012400100304,2021년 1월 24일 20시,일요일,충청남도 천안시 서북구 불당동,경상사고,0,0,1,0,차대차 - 기타,안전거리미확보,건조,맑음,단일로 - 기타,승용,남,26세,상해없음,승용,남,26세,경상
2021012400100335,2021년 1월 24일 21시,일요일,충청남도 천안시 동남구 원성동,경상사고,0,0,1,0,차대차 - 추돌,안전운전불이행,건조,맑음,교차로 - 교차로부근,승용,남,41세,상해없음,승용,남,44세,경상
2021012500100023,2021년 1월 25일 06시,월요일,충청남도 천안시 서북구 직산읍,경상사고,0,0,1,0,차대차 - 기타,안전거리미확보,건조,맑음,단일로 - 기타,화물,남,41세,기타불명,화물,남,59세,경상
2021012500100024,2021년 1월 25일 06시,월요일,충청남도 계룡시 엄사면,경상사고,0,0,1,0,차대사람 - 횡단중,안전운전불이행,건조,맑음,교차로 - 교차로부근,화물,남,71세,상해없음,보행자,여,48세,경상
2021012500100025,2021년 1월 25일 06시,월요일,충청남도 서천군 마서면,경상사고,0,0,2,0,차대차 - 측면충돌,안전운전불이행,건조,맑음,단일로 - 기타,승용,남,30세,경상,화물,남,67세,경상
2021012500100074,2021년 1월 25일 08시,월요일,충청남도 천안시 서북구 성성동,경상사고,0,0,1,0,차대차 - 기타,안전거리미확보,건조,맑음,단일로 - 기타,승용,남,26세,상해없음,승용,여,50세,경상
2021012500100075,2021년 1월 25일 08시,월요일,충청남도 계룡시 엄사면,경상사고,0,0,1,0,차대사람 - 횡단중,보행자보호의무위반,건조,맑음,교차로 - 교차로횡단보도내,승용,남,28세,상해없음,보행자,여,37세,경상
2021012500100076,2021년 1월 25일 08시,월요일,충청남도 금산군 금성면,경상사고,0,0,2,0,차대차 - 측면충돌,안전운전불이행,건조,맑음,교차로 - 교차로안,승용,남,40세,경상,승용,남,36세,경상
2021012500100106,2021년 1월 25일 09시,월요일,충청남도 천안시 서북구 불당동,경상사고,0,0,1,0,차대차 - 측면충돌,신호위반,건조,맑음,교차로 - 교차로안,건설기계,남,61세,상해없음,승용,여,59세,경상
2021012500100138,2021년 1월 25일 10시,월요일,충청남도 서산시 수석동,경상사고,0,0,1,0,차대차 - 측면충돌,안전운전불이행,건조,맑음,교차로 - 교차로안,화물,남,63세,상해없음,이륜,남,85세,경상
2021012500100171,2021년 1월 25일 11시,월요일,충청남도 천안시 서북구 두정동,중상사고,0,1,0,0,차대사람 - 보도통행중,기타,건조,맑음,교차로 - 교차로안,승용,여,55세,상해없음,보행자,여,36세,중상
2021012500100173,2021년 1월 25일 11시,월요일,충청남도 당진시 송악읍,부상신고사고,0,0,0,1,차대차 - 추돌,안전운전불이행,건조,맑음,단일로 - 기타,화물,남,24세,상해없음,승용,남,62세,부상신고
2021012500100202,2021년 1월 25일 12시,월요일,충청남도 천안시 서북구 성환읍,경상사고,0,0,1,0,차대사람 - 길가장자리구역통행중,안전운전불이행,건조,맑음,단일로 - 기타,승용,남,53세,상해없음,보행자,남,84세,경상
2021012500100233,2021년 1월 25일 13시,월요일,충청남도 천안시 서북구 성성동,경상사고,0,0,1,0,차대차 - 기타,안전거리미확보,건조,맑음,단일로 - 기타,화물,남,67세,상해없음,이륜,남,21세,경상
2021012500100234,2021년 1월 25일 13시,월요일,충청남도 당진시 순성면,경상사고,0,0,2,0,차대차 - 추돌,안전운전불이행,건조,맑음,단일로 - 기타,승용,남,76세,상해없음,승합,여,51세,경상
2021012500100313,2021년 1월 25일 15시,월요일,충청남도 천안시 서북구 백석동,중상사고,0,1,0,0,차대사람 - 기타,안전운전불이행,건조,맑음,교차로 - 교차로횡단보도내,승용,남,40세,상해없음,보행자,남,8세,중상
2021012500100344,2021년 1월 25일 16시,월요일,충청남도 천안시 동남구 광덕면,부상신고사고,0,0,0,1,차대차 - 기타,직진우회전진행방해,건조,맑음,교차로 - 교차로부근,승용,남,77세,상해없음,승용,여,34세,부상신고
2021012500100385,2021년 1월 25일 17시,월요일,충청남도 서산시 잠홍동,경상사고,0,0,2,0,차대차 - 측면충돌,차로위반,건조,맑음,단일로 - 기타,승용,여,50세,경상,화물,남,59세,경상
2021012500100386,2021년 1월 25일 17시,월요일,충청남도 서산시 석림동,경상사고,0,0,3,0,차대차 - 기타,차로위반,건조,맑음,교차로 - 교차로부근,승용,남,71세,상해없음,승용,남,22세,경상
2021012500100387,2021년 1월 25일 17시,월요일,충청남도 홍성군 홍북읍,중상사고,0,1,0,0,차대사람 - 횡단중,보행자보호의무위반,건조,맑음,단일로 - 기타,승용,남,38세,상해없음,보행자,여,30세,중상
2021012500100388,2021년 1월 25일 17시,월요일,충청남도 아산시 탕정면,경상사고,0,0,1,0,차대차 - 추돌,안전운전불이행,건조,맑음,기타 - 기타,승용,남,69세,상해없음,승용,남,24세,경상
2021012500100474,2021년 1월 25일 19시,월요일,충청남도 아산시 음봉면,중상사고,0,1,1,0,차대차 - 기타,안전운전불이행,건조,맑음,교차로 - 교차로안,승용,여,24세,경상,승용,남,58세,중상
2021012500100567,2021년 1월 25일 22시,월요일,충청남도 당진시 정미면,경상사고,0,0,1,0,차대차 - 추돌,안전운전불이행,건조,맑음,단일로 - 기타,승용,남,52세,상해없음,화물,남,41세,경상
2021012600100006,2021년 1월 26일 00시,화요일,충청남도 서천군 종천면,중상사고,0,1,0,0,차량단독 - 공작물충돌,안전운전불이행,건조,맑음,단일로 - 기타,승용,여,39세,중상,,,,
2021012600100011,2021년 1월 26일 01시,화요일,충청남도 천안시 동남구 봉명동,경상사고,0,0,1,0,차대차 - 측면충돌,안전거리미확보,건조,맑음,단일로 - 기타,승용,남,57세,상해없음,승용,남,17세,상해없음
2021012600100049,2021년 1월 26일 06시,화요일,충청남도 공주시 반포면,경상사고,0,0,1,0,차대차 - 측면충돌,중앙선침범,건조,기타,단일로 - 기타,승용,남,63세,기타불명,승합,남,46세,경상
2021012600100072,2021년 1월 26일 07시,화요일,충청남도 천안시 서북구 쌍용동,경상사고,0,0,1,0,차대차 - 측면충돌,안전운전불이행,건조,맑음,단일로 - 기타,승용,여,45세,상해없음,승용,남,45세,경상
2021012600100097,2021년 1월 26일 08시,화요일,충청남도 천안시 서북구 쌍용동,중상사고,0,1,0,0,차대차 - 기타,직진우회전진행방해,젖음/습기,비,교차로 - 교차로안,승용,여,66세,상해없음,이륜,남,58세,중상
2021012600100098,2021년 1월 26일 08시,화요일,충청남도 천안시 서북구 성정동,경상사고,0,0,1,0,차대차 - 추돌,안전운전불이행,건조,맑음,단일로 - 기타,승용,남,62세,상해없음,승용,남,19세,경상
2021012600100099,2021년 1월 26일 08시,화요일,충청남도 아산시 배방읍,중상사고,0,1,0,0,차대사람 - 횡단중,보행자보호의무위반,젖음/습기,비,교차로 - 교차로횡단보도내,화물,남,69세,상해없음,보행자,남,76세,중상
2021012600100183,2021년 1월 26일 11시,화요일,충청남도 공주시 상왕동,중상사고,0,1,0,0,차량단독 - 전도전복 - 전도,안전운전불이행,젖음/습기,비,단일로 - 기타,기타불명,여,81세,중상,,,,
2021012600100184,2021년 1월 26일 11시,화요일,충청남도 부여군 규암면,중상사고,0,1,0,0,차대차 - 측면충돌,안전운전불이행,젖음/습기,비,단일로 - 기타,승용,남,55세,상해없음,승용,여,58세,중상
2021012600100205,2021년 1월 26일 12시,화요일,충청남도 천안시 동남구 청당동,경상사고,0,0,1,0,차대차 - 추돌,안전운전불이행,젖음/습기,비,교차로 - 교차로부근,승용,남,41세,상해없음,승용,남,44세,경상
2021012600100233,2021년 1월 26일 13시,화요일,충청남도 서산시 성연면,중상사고,0,1,0,0,차대차 - 측면충돌,안전운전불이행,건조,맑음,교차로 - 교차로안,승용,남,32세,상해없음,승용,여,64세,중상
2021012600100234,2021년 1월 26일 13시,화요일,충청남도 천안시 서북구 성정동,경상사고,0,0,1,0,차대차 - 추돌,안전운전불이행,젖음/습기,흐림,단일로 - 기타,승용,남,68세,상해없음,승용,남,50세,상해없음
2021012600100235,2021년 1월 26일 13시,화요일,충청남도 천안시 서북구 쌍용동,경상사고,0,0,1,0,차대차 - 기타,안전거리미확보,젖음/습기,흐림,기타 - 기타,승용,여,31세,상해없음,승용,남,62세,경상
2021012600100236,2021년 1월 26일 13시,화요일,충청남도 당진시 면천면,중상사고,0,1,1,1,차대차 - 정면충돌,중앙선침범,젖음/습기,흐림,단일로 - 기타,승용,남,59세,경상,승용,남,51세,부상신고
2021012600100268,2021년 1월 26일 14시,화요일,충청남도 공주시 신관동,경상사고,0,0,3,0,차대차 - 추돌,신호위반,건조,기타,교차로 - 교차로부근,승용,여,60세,기타불명,승용,남,41세,경상
2021012600100303,2021년 1월 26일 15시,화요일,충청남도 천안시 서북구 두정동,경상사고,0,0,1,0,차대차 - 측면충돌,안전운전불이행,젖음/습기,흐림,교차로 - 교차로부근,승용,남,36세,상해없음,이륜,남,33세,경상
2021012600100304,2021년 1월 26일 15시,화요일,충청남도 아산시 풍기동,중상사고,0,1,0,0,차대사람 - 기타,안전운전불이행,적설,눈,기타 - 기타,화물,남,38세,상해없음,보행자,여,80세,중상
2021012600100305,2021년 1월 26일 15시,화요일,충청남도 당진시 석문면,중상사고,0,2,0,0,차대차 - 추돌,안전거리미확보,건조,흐림,단일로 - 기타,화물,남,59세,중상,화물,남,60세,중상
2021012600100403,2021년 1월 26일 18시,화요일,충청남도 계룡시 두마면,중상사고,0,1,0,0,차대사람 - 차도통행중,기타,젖음/습기,흐림,교차로 - 교차로안,승용,여,30세,상해없음,보행자,여,13세,중상
2021012600100455,2021년 1월 26일 19시,화요일,충청남도 천안시 서북구 성정동,부상신고사고,0,0,0,1,차대차 - 측면충돌,안전운전불이행,건조,맑음,교차로 - 교차로안,승용,여,58세,부상신고,승용,남,65세,상해없음
2021012600100456,2021년 1월 26일 19시,화요일,충청남도 아산시 모종동,경상사고,0,0,2,0,차대차 - 측면충돌,교차로운행방법위반,건조,맑음,교차로 - 교차로안,승용,남,59세,경상,승합,여,50세,경상
2021012600100457,2021년 1월 26일 19시,화요일,충청남도 아산시 둔포면,중상사고,0,3,0,0,차대차 - 추돌,안전운전불이행,건조,기타,단일로 - 기타,승용,남,29세,상해없음,이륜,남,33세,상해없음
2021012600100458,2021년 1월 26일 19시,화요일,충청남도 태안군 태안읍,경상사고,0,0,1,0,차대차 - 추돌,안전운전불이행,건조,맑음,교차로 - 교차로안,승용,남,61세,상해없음,승용,남,49세,경상
2021012600100497,2021년 1월 26일 20시,화요일,충청남도 천안시 서북구 불당동,경상사고,0,0,1,0,차대차 - 후진중충돌,안전운전불이행,건조,맑음,단일로 - 기타,승용,남,46세,상해없음,이륜,남,35세,경상
2021012600100498,2021년 1월 26일 20시,화요일,충청남도 홍성군 홍북읍,경상사고,0,0,1,0,차대차 - 측면충돌,안전운전불이행,건조,맑음,단일로 - 기타,승용,남,47세,상해없음,이륜,남,30세,경상
2021012600100520,2021년 1월 26일 21시,화요일,충청남도 천안시 서북구 두정동,경상사고,0,0,1,0,차대차 - 측면충돌,안전운전불이행,건조,맑음,교차로 - 교차로안,승용,남,70세,상해없음,원동기,여,53세,경상
2021012600100521,2021년 1월 26일 21시,화요일,충청남도 보령시 주교면,경상사고,0,0,2,0,차대차 - 후진중충돌,안전운전불이행,건조,맑음,주차장 - 주차장,승용,남,18세,상해없음,승용,남,41세,경상
2021012600100545,2021년 1월 26일 22시,화요일,충청남도 아산시 음봉면,경상사고,0,0,1,0,차대차 - 추돌,안전운전불이행,건조,흐림,단일로 - 기타,승용,남,30세,상해없음,승용,남,23세,경상
2021012700100010,2021년 1월 27일 01시,수요일,충청남도 예산군 삽교읍,중상사고,0,1,1,0,차량단독 - 공작물충돌,안전운전불이행,건조,맑음,교차로 - 교차로안,승용,남,31세,중상,,,,
2021012700100012,2021년 1월 27일 02시,수요일,충청남도 서산시 석림동,경상사고,0,0,1,0,차대차 - 후진중충돌,안전운전불이행,건조,맑음,단일로 - 기타,승용,남,60세,상해없음,승용,남,38세,경상
2021012700100031,2021년 1월 27일 06시,수요일,충청남도 천안시 동남구 성남면,경상사고,0,0,4,0,차대차 - 측면충돌,안전거리미확보,건조,맑음,단일로 - 기타,승용,남,61세,상해없음,승용,남,29세,경상
2021012700100074,2021년 1월 27일 08시,수요일,충청남도 아산시 득산동,중상사고,0,1,0,0,차대사람 - 길가장자리구역통행중,안전운전불이행,건조,맑음,기타 - 기타,승용,남,35세,상해없음,보행자,여,41세,중상
2021012700100121,2021년 1월 27일 10시,수요일,충청남도 보령시 웅천읍,중상사고,0,1,0,0,차대차 - 측면충돌,신호위반,건조,맑음,교차로 - 교차로안,승용,여,43세,상해없음,승용,여,62세,중상
2021012700100122,2021년 1월 27일 10시,수요일,충청남도 예산군 오가면,경상사고,0,0,1,0,차대차 - 추돌,안전운전불이행,건조,맑음,교차로 - 교차로부근,화물,남,57세,상해없음,승용,남,66세,경상
2021012700100140,2021년 1월 27일 11시,수요일,충청남도 서산시 동문동,중상사고,0,1,0,0,차대차 - 측면충돌,안전운전불이행,건조,맑음,단일로 - 기타,승용,남,64세,상해없음,자전거,남,66세,중상
2021012700100141,2021년 1월 27일 11시,수요일,충청남도 아산시 탕정면,경상사고,0,0,1,0,차대차 - 후진중충돌,안전운전불이행,건조,맑음,단일로 - 기타,화물,남,47세,상해없음,승용,여,41세,경상
2021012700100171,2021년 1월 27일 12시,수요일,충청남도 아산시 온천동,중상사고,0,1,0,0,차대차 - 측면충돌,중앙선침범,건조,맑음,기타 - 기타,승용,남,63세,상해없음,이륜,남,38세,중상
2021012700100172,2021년 1월 27일 12시,수요일,충청남도 아산시 배방읍,경상사고,0,0,1,0,차대차 - 기타,안전운전불이행,건조,맑음,교차로 - 교차로부근,화물,남,53세,기타불명,화물,남,65세,경상
2021012700100173,2021년 1월 27일 12시,수요일,충청남도 천안시 동남구 청당동,경상사고,0,0,1,0,차대차 - 추돌,안전운전불이행,건조,맑음,단일로 - 기타,승용,남,34세,상해없음,승용,남,20세,경상
2021012700100200,2021년 1월 27일 13시,수요일,충청남도 당진시 정미면,중상사고,0,1,0,0,차대차 - 기타,안전운전불이행,건조,맑음,단일로 - 기타,승용,남,73세,상해없음,원동기,남,52세,중상
2021012700100201,2021년 1월 27일 13시,수요일,충청남도 당진시 읍내동,경상사고,0,0,1,0,차대차 - 추돌,안전운전불이행,건조,맑음,교차로 - 교차로부근,승용,남,63세,상해없음,승용,남,27세,경상
2021012700100237,2021년 1월 27일 14시,수요일,충청남도 아산시 탕정면,중상사고,0,1,0,0,차대차 - 기타,안전운전불이행,건조,맑음,교차로 - 교차로안,승용,남,56세,상해없음,승용,남,66세,중상
2021012700100238,2021년 1월 27일 14시,수요일,충청남도 예산군 신양면,경상사고,0,0,2,0,차대차 - 추돌,안전운전불이행,건조,맑음,기타 - 기타,승용,여,35세,상해없음,승용,여,25세,경상
2021012700100269,2021년 1월 27일 15시,수요일,충청남도 논산시 내동,중상사고,0,2,0,0,차대차 - 추돌,직진우회전진행방해,건조,맑음,교차로 - 교차로안,승용,여,71세,중상,승용,여,60세,중상
2021012700100270,2021년 1월 27일 15시,수요일,충청남도 아산시 배방읍,경상사고,0,0,1,0,차대차 - 기타,안전운전불이행,건조,맑음,기타 - 기타,승용,남,23세,상해없음,승용,남,65세,경상
2021012700100271,2021년 1월 27일 15시,수요일,충청남도 천안시 동남구 삼룡동,경상사고,0,0,2,0,차대차 - 측면충돌,안전운전불이행,건조,맑음,단일로 - 기타,화물,남,51세,상해없음,승용,여,26세,경상
2021012700100298,2021년 1월 27일 16시,수요일,충청남도 천안시 동남구 병천면,경상사고,0,0,1,0,차대차 - 기타,직진우회전진행방해,건조,맑음,교차로 - 교차로안,승용,남,24세,상해없음,화물,남,52세,경상
2021012700100327,2021년 1월 27일 17시,수요일,충청남도 보령시 청소면,중상사고,0,2,0,0,차대차 - 기타,중앙선침범,건조,맑음,단일로 - 기타,승용,여,56세,상해없음,이륜,남,71세,중상
2021012700100498,2021년 1월 27일 21시,수요일,충청남도 아산시 배방읍,중상사고,0,1,0,0,차대차 - 측면충돌,안전운전불이행,건조,맑음,기타 - 기타,승용,남,51세,상해없음,이륜,남,16세,중상
2021012700100499,2021년 1월 27일 21시,수요일,충청남도 예산군 예산읍,중상사고,0,1,0,0,차대사람 - 횡단중,안전운전불이행,건조,맑음,기타 - 기타,특수,남,52세,상해없음,보행자,여,17세,중상
2021012800100018,2021년 1월 28일 05시,목요일,충청남도 천안시 서북구 직산읍,경상사고,0,0,1,0,차대차 - 추돌,안전운전불이행,건조,맑음,단일로 - 기타,이륜,남,25세,경상,화물,남,44세,기타불명
2021012800100053,2021년 1월 28일 08시,목요일,충청남도 천안시 서북구 두정동,경상사고,0,0,2,0,차대차 - 측면충돌,안전운전불이행,건조,맑음,교차로 - 교차로안,승용,남,58세,경상,승용,남,27세,경상
2021012800100075,2021년 1월 28일 09시,목요일,충청남도 태안군 이원면,중상사고,0,1,0,0,차량단독 - 공작물충돌,안전운전불이행,젖음/습기,비,단일로 - 기타,화물,남,70세,중상,,,,
2021012800100126,2021년 1월 28일 10시,목요일,충청남도 예산군 삽교읍,경상사고,0,0,3,0,차대차 - 측면충돌,교차로운행방법위반,건조,맑음,교차로 - 교차로안,승용,여,73세,상해없음,화물,남,30세,상해없음