사고번호,사고일시,요일,시군구,사고내용,사망자수,중상자수,경상자수,부상신고자수,사고유형,법규위반,노면상태,기상상태,도로형태,가해운전자 차종,가해운전자 성별,가해운전자 연령,가해운전자 상해정도,피해운전자 차종,피해운전자 성별,피해운전자 연령,피해운전자 상해정도
2021012800100127,2021년 1월 28일 10시,목요일,충청남도 당진시 합덕읍,경상사고,0,0,1,0,차대차 - 정면충돌,안전운전불이행,적설,눈,단일로 - 기타,화물,남,32세,상해없음,화물,남,58세,경상
2021012800100128,2021년 1월 28일 10시,목요일,충청남도 청양군 대치면,경상사고,0,0,1,0,차량단독 - 공작물충돌,안전운전불이행,적설,눈,단일로 - 기타,승용,여,59세,경상,,,,
2021012800100168,2021년 1월 28일 11시,목요일,충청남도 청양군 대치면,경상사고,0,0,1,0,차량단독 - 공작물충돌,안전운전불이행,적설,눈,기타 - 기타,화물,남,68세,경상,,,,
2021012800100256,2021년 1월 28일 14시,목요일,충청남도 아산시 음봉면,경상사고,0,0,2,0,차대차 - 추돌,안전운전불이행,건조,맑음,단일로 - 기타,화물,남,49세,상해없음,승용,남,63세,경상
2021012800100257,2021년 1월 28일 14시,목요일,충청남도 보령시 대천동,중상사고,0,1,0,0,차대사람 - 보도통행중,보행자보호의무위반,건조,흐림,교차로 - 교차로안,화물,남,64세,상해없음,보행자,여,63세,중상
2021012800100287,2021년 1월 28일 15시,목요일,충청남도 천안시 동남구 사직동,중상사고,0,1,0,0,차대사람 - 길가장자리구역통행중,안전운전불이행,건조,맑음,교차로 - 교차로안,승용,남,58세,상해없음,보행자,여,70세,중상
2021012800100349,2021년 1월 28일 17시,목요일,충청남도 천안시 동남구 신부동,경상사고,0,0,1,0,차대차 - 측면충돌,안전운전불이행,건조,맑음,단일로 - 기타,승용,남,65세,상해없음,승용,여,34세,경상
2021012800100386,2021년 1월 28일 18시,목요일,충청남도 아산시 둔포면,중상사고,0,1,0,0,차대차 - 기타,안전운전불이행,건조,맑음,교차로 - 교차로부근,승용,남,48세,상해없음,승용,남,27세,중상
2021012800100387,2021년 1월 28일 18시,목요일,충청남도 보령시 동대동,중상사고,0,1,0,0,차대사람 - 차도통행중,안전운전불이행,젖음/습기,눈,단일로 - 기타,승용,여,49세,상해없음,보행자,여,54세,중상
2021012800100388,2021년 1월 28일 18시,목요일,충청남도 보령시 주포면,중상사고,0,1,0,0,차대사람 - 횡단중,안전운전불이행,건조,맑음,교차로 - 교차로안,승용,남,42세,상해없음,보행자,여,65세,중상
2021012800100389,2021년 1월 28일 18시,목요일,충청남도 당진시 신평면,경상사고,0,0,1,0,차대사람 - 횡단중,보행자보호의무위반,건조,맑음,단일로 - 기타,승용,여,43세,상해없음,보행자,여,50세,경상
2021012800100431,2021년 1월 28일 19시,목요일,충청남도 아산시 탕정면,경상사고,0,0,1,0,차대사람 - 기타,안전운전불이행,건조,맑음,단일로 - 기타,승용,남,40세,기타불명,보행자,남,15세,경상
2021012800100519,2021년 1월 28일 22시,목요일,충청남도 천안시 서북구 성정동,경상사고,0,0,4,0,차대차 - 기타,신호위반,건조,맑음,교차로 - 교차로안,이륜,남,47세,상해없음,승용,남,19세,경상
2021012800100520,2021년 1월 28일 22시,목요일,충청남도 천안시 서북구 불당동,경상사고,0,0,2,0,차대차 - 추돌,안전운전불이행,건조,맑음,교차로 - 교차로부근,승용,여,43세,상해없음,승용,남,28세,경상
2021012800100521,2021년 1월 28일 22시,목요일,충청남도 천안시 서북구 불당동,경상사고,0,0,1,0,차대차 - 기타,불법유턴,건조,맑음,단일로 - 기타,승용,남,34세,상해없음,승용,여,46세,경상
2021012800100522,2021년 1월 28일 22시,목요일,충청남도 천안시 서북구 두정동,경상사고,0,0,1,0,차대차 - 추돌,안전운전불이행,건조,맑음,단일로 - 기타,승용,남,36세,상해없음,승용,남,36세,경상
2021012900100044,2021년 1월 29일 06시,금요일,충청남도 서산시 동문동,중상사고,0,1,0,0,차대사람 - 횡단중,보행자보호의무위반,건조,맑음,교차로 - 교차로횡단보도내,승용,남,64세,상해없음,보행자,여,77세,중상
2021012900100045,2021년 1월 29일 06시,금요일,충청남도 공주시 신관동,경상사고,0,0,1,0,차대차 - 정면충돌,신호위반,건조,맑음,교차로 - 교차로안,승용,여,27세,기타불명,화물,남,62세,경상
2021012900100132,2021년 1월 29일 09시,금요일,충청남도 천안시 동남구 원성동,중상사고,0,1,0,0,차대차 - 측면충돌,안전운전불이행,건조,맑음,교차로 - 교차로안,승용,여,55세,상해없음,승용,여,70세,중상
2021012900100167,2021년 1월 29일 10시,금요일,충청남도 서천군 장항읍,경상사고,0,0,2,0,차대차 - 추돌,안전거리미확보,건조,맑음,교차로 - 교차로부근,화물,남,45세,상해없음,승용,남,69세,경상
2021012900100168,2021년 1월 29일 10시,금요일,충청남도 홍성군 갈산면,경상사고,0,0,2,0,차대차 - 기타,안전운전불이행,건조,맑음,단일로 - 기타,승용,여,42세,상해없음,승용,남,31세,경상
2021012900100281,2021년 1월 29일 14시,금요일,충청남도 홍성군 서부면,경상사고,0,0,2,0,차대차 - 기타,신호위반,건조,맑음,교차로 - 교차로안,승용,남,73세,경상,건설기계,남,51세,경상
2021012900100313,2021년 1월 29일 15시,금요일,충청남도 천안시 동남구 신방동,경상사고,0,0,1,0,차대차 - 기타,차로위반,건조,맑음,단일로 - 기타,승용,남,51세,상해없음,승용,남,49세,경상
2021012900100374,2021년 1월 29일 17시,금요일,충청남도 아산시 풍기동,경상사고,0,0,1,0,차대차 - 기타,안전운전불이행,건조,맑음,교차로 - 교차로안,승용,여,42세,상해없음,화물,남,52세,경상
2021012900100375,2021년 1월 29일 17시,금요일,충청남도 아산시 둔포면,경상사고,0,0,1,0,차대사람 - 기타,안전운전불이행,건조,맑음,교차로 - 교차로부근,승용,여,37세,상해없음,보행자,여,22세,경상
2021012900100376,2021년 1월 29일 17시,금요일,충청남도 당진시 채운동,중상사고,0,1,0,0,차대차 - 기타,교차로운행방법위반,건조,맑음,교차로 - 교차로안,승용,여,51세,상해없음,승용,여,49세,중상
2021012900100428,2021년 1월 29일 18시,금요일,충청남도 천안시 서북구 성정동,경상사고,0,0,2,0,차대차 - 측면충돌,직진우회전진행방해,건조,맑음,교차로 - 교차로안,승합,남,59세,상해없음,승용,남,34세,경상
2021012900100509,2021년 1월 29일 20시,금요일,충청남도 홍성군 광천읍,중상사고,0,1,0,0,차대차 - 추돌,안전운전불이행,건조,맑음,교차로 - 교차로안,승용,남,64세,중상,승합,남,59세,상해없음
2021012900100510,2021년 1월 29일 20시,금요일,충청남도 태안군 태안읍,중상사고,0,1,0,0,차대사람 - 횡단중,교차로운행방법위반,건조,맑음,교차로 - 교차로안,승용,여,56세,상해없음,보행자,남,44세,중상
2021013000100061,2021년 1월 30일 08시,토요일,충청남도 서산시 수석동,경상사고,0,0,1,0,차량단독 - 전도전복 - 전도,안전운전불이행,서리/결빙,맑음,단일로 - 기타,화물,남,55세,상해없음,,,,
2021013000100087,2021년 1월 30일 10시,토요일,충청남도 논산시 양촌면,중상사고,0,1,3,0,차대차 - 측면충돌,중앙선침범,건조,맑음,단일로 - 기타,승용,남,73세,경상,승용,남,36세,경상
2021013000100114,2021년 1월 30일 11시,토요일,충청남도 논산시 양촌면,사망사고,1,0,0,0,차대사람 - 기타,안전운전불이행,건조,맑음,단일로 - 기타,농기계,남,63세,상해없음,보행자,남,64세,사망
2021013000100150,2021년 1월 30일 12시,토요일,충청남도 예산군 덕산면,중상사고,0,1,0,0,차대차 - 측면충돌,안전운전불이행,건조,맑음,단일로 - 기타,승용,남,66세,상해없음,승용,여,56세,중상
2021013000100186,2021년 1월 30일 13시,토요일,충청남도 서산시 예천동,경상사고,0,0,1,0,차대차 - 측면충돌,차로위반,건조,맑음,단일로 - 기타,화물,여,84세,상해없음,승용,여,50세,경상
2021013000100187,2021년 1월 30일 13시,토요일,충청남도 아산시 배방읍,경상사고,0,0,4,0,차대차 - 기타,신호위반,건조,맑음,단일로 - 기타,승용,여,37세,상해없음,승용,남,44세,경상
2021013000100223,2021년 1월 30일 14시,토요일,충청남도 천안시 서북구 두정동,중상사고,0,1,0,0,차대차 - 기타,신호위반,건조,맑음,교차로 - 교차로안,승용,남,51세,상해없음,이륜,남,45세,중상
2021013000100307,2021년 1월 30일 16시,토요일,충청남도 당진시 신평면,경상사고,0,0,1,0,차대차 - 측면충돌,신호위반,건조,맑음,단일로 - 교량,승용,여,20세,상해없음,승용,남,75세,경상
2021013000100381,2021년 1월 30일 18시,토요일,충청남도 천안시 서북구 성환읍,경상사고,0,0,1,0,차대차 - 측면충돌,신호위반,건조,맑음,교차로 - 교차로안,승용,여,48세,상해없음,승용,남,25세,경상
2021013000100382,2021년 1월 30일 18시,토요일,충청남도 아산시 온천동,경상사고,0,0,5,0,차대차 - 측면충돌,교차로운행방법위반,건조,맑음,교차로 - 교차로안,승용,여,50세,경상,승용,남,56세,경상
2021013000100420,2021년 1월 30일 19시,토요일,충청남도 보령시 동대동,경상사고,0,0,1,0,차대차 - 추돌,안전운전불이행,건조,맑음,교차로 - 교차로부근,승용,남,39세,상해없음,승용,여,37세,경상
2021013000100460,2021년 1월 30일 20시,토요일,충청남도 당진시 원당동,경상사고,0,0,1,0,차대차 - 측면충돌,안전운전불이행,건조,맑음,교차로 - 교차로안,화물,남,51세,상해없음,승용,남,38세,경상
2021013000100461,2021년 1월 30일 20시,토요일,충청남도 당진시 읍내동,경상사고,0,0,1,0,차대사람 - 횡단중,안전운전불이행,건조,맑음,교차로 - 교차로부근,승용,남,35세,상해없음,보행자,남,48세,경상
2021013000100512,2021년 1월 30일 21시,토요일,충청남도 서천군 서천읍,중상사고,0,1,0,0,차량단독 - 공작물충돌,안전운전불이행,건조,맑음,단일로 - 기타,승용,남,43세,중상,,,,
2021013000100545,2021년 1월 30일 22시,토요일,충청남도 금산군 금산읍,사망사고,1,0,0,0,차량단독 - 기타,안전운전불이행,건조,맑음,교차로 - 교차로안,이륜,남,26세,사망,,,,
2021013100100032,2021년 1월 31일 04시,일요일,충청남도 천안시 동남구 청당동,경상사고,0,0,1,0,차대차 - 기타,신호위반,건조,맑음,교차로 - 교차로안,승용,남,58세,상해없음,승용,남,70세,경상
2021013100100051,2021년 1월 31일 08시,일요일,충청남도 논산시 성동면,중상사고,0,1,2,1,차대차 - 정면충돌,중앙선침범,건조,맑음,단일로 - 기타,승용,여,34세,상해없음,승용,남,43세,중상
2021013100100093,2021년 1월 31일 11시,일요일,충청남도 천안시 서북구 불당동,중상사고,0,1,3,0,차대차 - 기타,중앙선침범,건조,맑음,교차로 - 교차로부근,승용,남,47세,상해없음,승용,남,31세,중상
2021013100100094,2021년 1월 31일 11시,일요일,충청남도 부여군 부여읍,경상사고,0,0,1,0,차대사람 - 차도통행중,안전운전불이행,건조,맑음,교차로 - 교차로부근,승용,남,62세,상해없음,보행자,여,63세,경상
2021013100100133,2021년 1월 31일 13시,일요일,충청남도 논산시 취암동,경상사고,0,0,1,0,차대차 - 측면충돌,교차로운행방법위반,건조,맑음,교차로 - 교차로안,이륜,남,78세,경상,승용,남,25세,상해없음
2021013100100157,2021년 1월 31일 14시,일요일,충청남도 아산시 득산동,중상사고,0,1,0,0,차대차 - 측면충돌,신호위반,건조,맑음,교차로 - 교차로안,승용,남,45세,상해없음,이륜,남,57세,중상
2021013100100158,2021년 1월 31일 14시,일요일,충청남도 공주시 반죽동,경상사고,0,0,3,0,차대차 - 측면충돌,안전운전불이행,건조,흐림,단일로 - 기타,승용,남,74세,경상,승용,여,24세,경상
2021013100100185,2021년 1월 31일 15시,일요일,충청남도 천안시 서북구 성정동,중상사고,0,1,0,0,차대차 - 측면충돌,교차로운행방법위반,건조,맑음,교차로 - 교차로안,승용,남,37세,상해없음,이륜,남,27세,중상
2021013100100186,2021년 1월 31일 15시,일요일,충청남도 태안군 안면읍,중상사고,0,1,0,0,차대차 - 측면충돌,교차로운행방법위반,건조,맑음,교차로 - 교차로안,승용,여,49세,상해없음,이륜,남,71세,중상
2021013100100212,2021년 1월 31일 16시,일요일,충청남도 당진시 우강면,경상사고,0,0,2,0,차대차 - 추돌,안전운전불이행,건조,맑음,단일로 - 기타,화물,남,81세,상해없음,승용,여,49세,경상
2021013100100213,2021년 1월 31일 16시,일요일,충청남도 공주시 우성면,경상사고,0,0,1,0,차대차 - 기타,기타,건조,맑음,단일로 - 기타,특수,남,49세,상해없음,승용,남,27세,경상
2021013100100272,2021년 1월 31일 18시,일요일,충청남도 홍성군 홍북읍,경상사고,0,0,1,0,차대차 - 측면충돌,안전운전불이행,건조,맑음,교차로 - 교차로안,승용,여,70세,상해없음,승용,남,55세,경상
2021013100100273,2021년 1월 31일 18시,일요일,충청남도 아산시 풍기동,경상사고,0,0,1,0,차대차 - 기타,안전운전불이행,건조,맑음,교차로 - 교차로부근,승용,남,46세,상해없음,이륜,남,31세,경상
2021013100100274,2021년 1월 31일 18시,일요일,충청남도 당진시 송악읍,중상사고,0,1,1,0,차대차 - 추돌,교차로운행방법위반,건조,맑음,교차로 - 교차로안,승용,남,42세,상해없음,승용,여,64세,중상
2021013100100303,2021년 1월 31일 19시,일요일,충청남도 서산시 동문동,경상사고,0,0,1,0,차대차 - 측면충돌,직진우회전진행방해,건조,맑음,교차로 - 교차로안,승용,남,43세,상해없음,자전거,남,78세,경상
2021013100100304,2021년 1월 31일 19시,일요일,충청남도 홍성군 광천읍,중상사고,0,1,0,0,차대사람 - 횡단중,기타,건조,맑음,단일로 - 기타,승용,남,71세,상해없음,보행자,여,86세,중상
2021013100100328,2021년 1월 31일 20시,일요일,충청남도 천안시 서북구 두정동,경상사고,0,0,1,0,차대사람 - 기타,안전운전불이행,건조,맑음,단일로 - 기타,개인형이동수단(PM),남,61세,상해없음,보행자,여,27세,경상
2021013100100354,2021년 1월 31일 21시,일요일,충청남도 천안시 서북구 쌍용동,중상사고,0,1,2,0,차대차 - 추돌,안전운전불이행,건조,맑음,교차로 - 교차로부근,승용,여,21세,상해없음,화물,남,56세,중상
2021013100100380,2021년 1월 31일 23시,일요일,충청남도 천안시 동남구 대흥동,경상사고,0,0,1,0,차대차 - 기타,차로위반,건조,맑음,단일로 - 기타,승용,남,66세,상해없음,이륜,남,23세,경상
2021020100100031,2021년 2월 1일 06시,월요일,충청남도 천안시 서북구 백석동,경상사고,0,0,1,0,차대차 - 기타,안전거리미확보,젖음/습기,비,단일로 - 기타,화물,남,46세,상해없음,승용,남,38세,경상
2021020100100032,2021년 2월 1일 06시,월요일,충청남도 청양군 정산면,중상사고,0,1,0,0,차대사람 - 차도통행중,안전운전불이행,젖음/습기,안개,단일로 - 기타,승용,여,69세,상해없음,보행자,남,60세,중상
2021020100100054,2021년 2월 1일 07시,월요일,충청남도 홍성군 갈산면,사망사고,1,2,0,0,차대차 - 추돌,기타,젖음/습기,흐림,단일로 - 기타,승용,남,46세,중상,승용,남,45세,상해없음
2021020100100109,2021년 2월 1일 09시,월요일,충청남도 천안시 서북구 불당동,경상사고,0,0,1,0,차대차 - 추돌,안전운전불이행,건조,맑음,단일로 - 기타,화물,남,40세,상해없음,승용,여,22세,경상
2021020100100110,2021년 2월 1일 09시,월요일,충청남도 아산시 권곡동,경상사고,0,0,1,0,차대차 - 기타,교차로운행방법위반,건조,맑음,교차로 - 교차로안,승용,여,24세,상해없음,승합,남,55세,경상
2021020100100148,2021년 2월 1일 11시,월요일,충청남도 예산군 오가면,경상사고,0,0,1,0,차대차 - 측면충돌,신호위반,건조,맑음,교차로 - 교차로안,승용,남,29세,상해없음,승용,남,51세,경상
2021020100100171,2021년 2월 1일 12시,월요일,충청남도 천안시 서북구 직산읍,중상사고,0,1,0,0,차대차 - 측면충돌,안전운전불이행,건조,맑음,단일로 - 기타,승용,남,67세,중상,승용,남,53세,상해없음
2021020100100172,2021년 2월 1일 12시,월요일,충청남도 천안시 동남구 신방동,중상사고,0,1,0,0,차대사람 - 횡단중,보행자보호의무위반,건조,맑음,교차로 - 교차로안,승용,여,40세,기타불명,보행자,여,53세,중상
2021020100100203,2021년 2월 1일 13시,월요일,충청남도 논산시 벌곡면,중상사고,0,1,0,0,차대사람 - 기타,안전운전불이행,건조,맑음,교차로 - 교차로부근,승용,남,72세,상해없음,보행자,남,68세,중상
2021020100100223,2021년 2월 1일 14시,월요일,충청남도 아산시 배방읍,중상사고,0,1,0,0,차대사람 - 횡단중,보행자보호의무위반,건조,맑음,교차로 - 교차로횡단보도내,승용,여,37세,상해없음,보행자,여,8세,중상
2021020100100247,2021년 2월 1일 15시,월요일,충청남도 공주시 신관동,경상사고,0,0,1,0,차대사람 - 기타,보행자보호의무위반,건조,맑음,교차로 - 교차로안,승용,남,25세,상해없음,보행자,남,8세,경상
2021020100100274,2021년 2월 1일 16시,월요일,충청남도 홍성군 홍성읍,경상사고,0,0,3,0,차대차 - 측면충돌,안전운전불이행,건조,맑음,교차로 - 교차로안,승용,남,64세,상해없음,승합,여,62세,경상
2021020100100275,2021년 2월 1일 16시,월요일,충청남도 당진시 읍내동,경상사고,0,0,1,0,차대차 - 기타,중앙선침범,건조,맑음,기타 - 기타,승용,여,40세,상해없음,승용,남,27세,경상
2021020100100348,2021년 2월 1일 18시,월요일,충청남도 서산시 해미면,경상사고,0,0,1,0,차대차 - 추돌,안전운전불이행,건조,맑음,교차로 - 교차로안,승용,남,64세,상해없음,승용,여,49세,경상
2021020100100349,2021년 2월 1일 18시,월요일,충청남도 천안시 서북구 성거읍,경상사고,0,0,1,0,차대차 - 측면충돌,안전운전불이행,건조,맑음,교차로 - 교차로안,승용,여,51세,상해없음,이륜,남,41세,경상
2021020100100350,2021년 2월 1일 18시,월요일,충청남도 천안시 서북구 성환읍,경상사고,0,0,1,0,차대차 - 측면충돌,안전운전불이행,건조,맑음,교차로 - 교차로안,승용,남,28세,상해없음,승용,여,46세,경상
2021020100100351,2021년 2월 1일 18시,월요일,충청남도 논산시 연산면,중상사고,0,1,0,0,차대차 - 측면충돌,신호위반,건조,맑음,교차로 - 교차로안,승용,남,60세,상해없음,승용,여,62세,중상
2021020100100352,2021년 2월 1일 18시,월요일,충청남도 계룡시 엄사면,경상사고,0,0,2,0,차대차 - 측면충돌,안전운전불이행,건조,맑음,단일로 - 기타,승용,여,29세,상해없음,승용,여,57세,경상
2021020100100439,2021년 2월 1일 20시,월요일,충청남도 천안시 서북구 성정동,경상사고,0,0,2,0,차대차 - 추돌,안전운전불이행,건조,맑음,단일로 - 기타,화물,남,47세,상해없음,승용,남,60세,경상
2021020100100440,2021년 2월 1일 20시,월요일,충청남도 천안시 서북구 성거읍,경상사고,0,0,1,0,차대차 - 기타,안전운전불이행,건조,맑음,단일로 - 기타,화물,남,62세,상해없음,승용,여,51세,경상
2021020100100441,2021년 2월 1일 20시,월요일,충청남도 천안시 동남구 신부동,경상사고,0,0,1,0,차대차 - 정면충돌,기타,건조,맑음,단일로 - 기타,승용,여,20세,경상,승용,남,42세,기타불명
2021020100100509,2021년 2월 1일 23시,월요일,충청남도 서천군 장항읍,경상사고,0,0,1,0,차대차 - 측면충돌,신호위반,건조,맑음,교차로 - 교차로안,승용,남,64세,상해없음,승용,남,69세,경상
2021020200100025,2021년 2월 2일 06시,화요일,충청남도 천안시 서북구 성환읍,부상신고사고,0,0,0,1,차대차 - 측면충돌,안전거리미확보,건조,맑음,단일로 - 기타,승용,여,61세,부상신고,승용,남,54세,상해없음
2021020200100035,2021년 2월 2일 07시,화요일,충청남도 아산시 배방읍,경상사고,0,0,1,0,차대차 - 기타,안전운전불이행,건조,맑음,단일로 - 지하차도(도로)내,승용,여,43세,상해없음,승용,남,38세,경상
2021020200100107,2021년 2월 2일 10시,화요일,충청남도 서산시 대산읍,경상사고,0,0,2,0,차대차 - 측면충돌,안전운전불이행,건조,맑음,단일로 - 기타,화물,남,56세,상해없음,화물,남,45세,상해없음
2021020200100141,2021년 2월 2일 11시,화요일,충청남도 홍성군 홍성읍,경상사고,0,0,1,0,차대차 - 기타,안전운전불이행,건조,맑음,기타 - 기타,화물,남,77세,상해없음,화물,여,54세,경상
2021020200100196,2021년 2월 2일 13시,화요일,충청남도 서천군 서천읍,경상사고,0,0,1,0,차량단독 - 전도전복 - 전도,안전운전불이행,건조,맑음,단일로 - 기타,이륜,남,54세,경상,,,,
2021020200100266,2021년 2월 2일 15시,화요일,충청남도 천안시 서북구 쌍용동,경상사고,0,0,2,0,차대차 - 후진중충돌,안전운전불이행,건조,맑음,단일로 - 기타,화물,남,29세,상해없음,승용,남,36세,경상
2021020200100366,2021년 2월 2일 18시,화요일,충청남도 천안시 서북구 성정동,경상사고,0,0,1,0,차대차 - 추돌,안전운전불이행,건조,맑음,교차로 - 교차로부근,승용,남,48세,상해없음,승용,여,47세,경상
2021020200100396,2021년 2월 2일 19시,화요일,충청남도 천안시 서북구 성성동,중상사고,0,2,1,0,차대차 - 추돌,안전운전불이행,건조,맑음,단일로 - 기타,승용,여,28세,상해없음,승용,여,26세,중상
2021020200100397,2021년 2월 2일 19시,화요일,충청남도 천안시 서북구 성환읍,부상신고사고,0,0,0,1,차대사람 - 횡단중,보행자보호의무위반,건조,맑음,교차로 - 교차로횡단보도내,승용,남,50세,상해없음,보행자,여,51세,부상신고
2021020200100398,2021년 2월 2일 19시,화요일,충청남도 계룡시 엄사면,경상사고,0,0,1,0,차대차 - 측면충돌,기타,건조,맑음,단일로 - 기타,승용,남,29세,상해없음,이륜,남,45세,경상
2021020200100509,2021년 2월 2일 23시,화요일,충청남도 천안시 동남구 병천면,경상사고,0,0,1,0,차대차 - 추돌,안전운전불이행,건조,맑음,단일로 - 기타,승용,남,35세,상해없음,승용,여,39세,경상
2021020300100002,2021년 2월 3일 00시,수요일,충청남도 부여군 부여읍,중상사고,0,1,0,0,차대차 - 기타,안전운전불이행,젖음/습기,맑음,단일로 - 기타,승용,남,18세,상해없음,승용,남,40세,중상
2021020300100013,2021년 2월 3일 04시,수요일,충청남도 서산시 읍내동,경상사고,0,0,1,0,차대사람 - 기타,안전운전불이행,건조,맑음,단일로 - 기타,승용,남,77세,상해없음,보행자,여,54세,경상
2021020300100028,2021년 2월 3일 06시,수요일,충청남도 아산시 둔포면,경상사고,0,0,1,0,차대차 - 측면충돌,차로위반,건조,맑음,단일로 - 기타,화물,남,48세,상해없음,승용,남,39세,경상
2021020300100035,2021년 2월 3일 07시,수요일,충청남도 보령시 주산면,중상사고,0,1,0,0,차대사람 - 횡단중,안전운전불이행,적설,눈,단일로 - 기타,승용,여,60세,상해없음,보행자,여,75세,중상
2021020300100036,2021년 2월 3일 07시,수요일,충청남도 천안시 동남구 삼룡동,경상사고,0,0,7,0,차대차 - 기타,안전운전불이행,건조,맑음,단일로 - 기타,화물,남,63세,상해없음,승용,남,51세,경상
2021020300100064,2021년 2월 3일 08시,수요일,충청남도 천안시 서북구 성거읍,부상신고사고,0,0,0,1,차대사람 - 횡단중,안전운전불이행,기타,맑음,교차로 - 교차로횡단보도내,승용,남,54세,상해없음,보행자,남,24세,부상신고
2021020300100090,2021년 2월 3일 09시,수요일,충청남도 아산시 배방읍,경상사고,0,0,1,0,차대차 - 측면충돌,교차로운행방법위반,적설,맑음,교차로 - 교차로안,승용,남,57세,상해없음,승용,여,40세,경상
2021020300100091,2021년 2월 3일 09시,수요일,충청남도 공주시 우성면,중상사고,0,1,0,0,차대사람 - 기타,기타,건조,맑음,단일로 - 기타,승합,남,51세,상해없음,보행자,남,79세,중상
2021020300100123,2021년 2월 3일 10시,수요일,충청남도 서산시 석림동,경상사고,0,0,1,0,차대차 - 추돌,안전운전불이행,젖음/습기,맑음,교차로 - 교차로안,화물,남,73세,상해없음,승용,여,49세,경상
2021020300100147,2021년 2월 3일 11시,수요일,충청남도 천안시 동남구 신방동,경상사고,0,0,1,0,차대차 - 기타,교차로운행방법위반,건조,맑음,교차로 - 교차로부근,화물,남,56세,상해없음,승용,여,55세,경상
2021020300100148,2021년 2월 3일 11시,수요일,충청남도 태안군 안면읍,경상사고,0,0,2,0,차대차 - 정면충돌,중앙선침범,서리/결빙,맑음,단일로 - 기타,화물,남,51세,상해없음,화물,남,56세,경상
2021020300100170,2021년 2월 3일 12시,수요일,충청남도 천안시 서북구 쌍용동,부상신고사고,0,0,0,1,차량단독 - 전도전복 - 전도,신호위반,건조,맑음,교차로 - 교차로안,이륜,남,50세,부상신고,,,,
2021020300100171,2021년 2월 3일 12시,수요일,충청남도 천안시 서북구 쌍용동,경상사고,0,0,2,0,차대차 - 기타,안전운전불이행,건조,맑음,주차장 - 주차장,승용,여,59세,경상,승용,여,57세,경상
2021020300100172,2021년 2월 3일 12시,수요일,충청남도 아산시 방축동,경상사고,0,0,1,0,차대사람 - 횡단중,안전운전불이행,건조,맑음,교차로 - 교차로안,승용,여,80세,기타불명,보행자,여,58세,경상
2021020300100173,2021년 2월 3일 12시,수요일,충청남도 보령시 대천동,경상사고,0,0,1,0,차대차 - 추돌,안전운전불이행,건조,맑음,단일로 - 기타,승용,남,71세,상해없음,승용,남,48세,경상
2021020300100174,2021년 2월 3일 12시,수요일,충청남도 예산군 대술면,중상사고,0,1,0,0,차대사람 - 기타,안전운전불이행,건조,맑음,주차장 - 주차장,승용,남,68세,상해없음,보행자,남,62세,중상
2021020300100206,2021년 2월 3일 13시,수요일,충청남도 천안시 서북구 백석동,경상사고,0,0,2,0,차대차 - 추돌,안전운전불이행,건조,맑음,교차로 - 교차로안,승용,여,35세,상해없음,승용,남,69세,경상
2021020300100234,2021년 2월 3일 14시,수요일,충청남도 계룡시 엄사면,경상사고,0,0,1,0,차대사람 - 횡단중,보행자보호의무위반,건조,맑음,교차로 - 교차로횡단보도내,승용,남,56세,상해없음,보행자,여,77세,경상
2021020300100235,2021년 2월 3일 14시,수요일,충청남도 아산시 탕정면,경상사고,0,0,1,0,차대사람 - 기타,안전운전불이행,건조,맑음,단일로 - 기타,승용,남,41세,상해없음,보행자,남,39세,경상
2021020300100271,2021년 2월 3일 15시,수요일,충청남도 천안시 서북구 성정동,경상사고,0,0,1,0,차대사람 - 기타,안전운전불이행,건조,맑음,단일로 - 기타,승용,남,51세,상해없음,보행자,남,25세,경상
2021020300100272,2021년 2월 3일 15시,수요일,충청남도 보령시 대천동,경상사고,0,0,1,0,차대사람 - 횡단중,보행자보호의무위반,건조,맑음,교차로 - 교차로횡단보도내,승용,여,58세,상해없음,보행자,남,81세,경상
2021020300100273,2021년 2월 3일 15시,수요일,충청남도 당진시 합덕읍,사망사고,1,1,1,0,차대차 - 기타,중앙선침범,건조,맑음,교차로 - 교차로안,승용,남,74세,상해없음,화물,남,71세,경상
2021020300100274,2021년 2월 3일 15시,수요일,충청남도 천안시 동남구 다가동,경상사고,0,0,1,0,차대차 - 기타,중앙선침범,건조,맑음,교차로 - 교차로안,승용,남,62세,상해없음,이륜,남,57세,경상
2021020300100350,2021년 2월 3일 17시,수요일,충청남도 천안시 서북구 성환읍,경상사고,0,0,2,0,차대차 - 정면충돌,중앙선침범,건조,맑음,단일로 - 기타,승용,남,58세,경상,승용,남,49세,경상
2021020300100351,2021년 2월 3일 17시,수요일,충청남도 천안시 서북구 성정동,경상사고,0,0,1,0,차대차 - 기타,안전운전불이행,건조,맑음,교차로 - 교차로부근,승용,남,31세,상해없음,이륜,남,48세,경상
2021020300100404,2021년 2월 3일 18시,수요일,충청남도 논산시 강산동,경상사고,0,0,7,0,차대차 - 측면충돌,안전운전불이행,건조,맑음,교차로 - 교차로안,승용,남,31세,경상,승용,남,62세,상해없음