사고번호,사고일시,요일,시군구,사고내용,사망자수,중상자수,경상자수,부상신고자수,사고유형,법규위반,노면상태,기상상태,도로형태,가해운전자 차종,가해운전자 성별,가해운전자 연령,가해운전자 상해정도,피해운전자 차종,피해운전자 성별,피해운전자 연령,피해운전자 상해정도
2021020300100405,2021년 2월 3일 18시,수요일,충청남도 논산시 강산동,중상사고,0,1,0,0,차대차 - 기타,중앙선침범,건조,맑음,교차로 - 교차로부근,승용,남,47세,상해없음,이륜,남,53세,상해없음
2021020300100406,2021년 2월 3일 18시,수요일,충청남도 논산시 연산면,경상사고,0,0,1,0,차대사람 - 길가장자리구역통행중,안전운전불이행,건조,맑음,단일로 - 기타,기타불명,기타불명,미분류,기타불명,보행자,여,71세,경상
2021020300100407,2021년 2월 3일 18시,수요일,충청남도 아산시 둔포면,경상사고,0,0,3,0,차대차 - 측면충돌,안전운전불이행,건조,맑음,단일로 - 기타,화물,남,63세,경상,승용,남,29세,경상
2021020300100408,2021년 2월 3일 18시,수요일,충청남도 예산군 신양면,경상사고,0,0,1,0,차대차 - 측면충돌,기타,건조,맑음,교차로 - 교차로안,화물,남,52세,상해없음,승용,남,34세,경상
2021020300100409,2021년 2월 3일 18시,수요일,충청남도 당진시 원당동,경상사고,0,0,2,0,차대차 - 기타,교차로운행방법위반,건조,맑음,교차로 - 교차로안,승용,남,18세,상해없음,승용,남,51세,경상
2021020300100453,2021년 2월 3일 19시,수요일,충청남도 천안시 서북구 성정동,경상사고,0,0,2,0,차대차 - 측면충돌,안전거리미확보,건조,맑음,교차로 - 교차로횡단보도내,승용,남,39세,상해없음,승용,남,57세,경상
2021020300100454,2021년 2월 3일 19시,수요일,충청남도 천안시 서북구 성정동,경상사고,0,0,1,0,차대차 - 기타,안전운전불이행,건조,흐림,단일로 - 기타,화물,남,63세,상해없음,이륜,남,37세,경상
2021020300100455,2021년 2월 3일 19시,수요일,충청남도 천안시 서북구 성정동,경상사고,0,0,1,0,차대사람 - 횡단중,안전운전불이행,건조,맑음,교차로 - 교차로안,승용,남,34세,상해없음,보행자,남,49세,경상
2021020300100456,2021년 2월 3일 19시,수요일,충청남도 천안시 동남구 구룡동,경상사고,0,0,1,0,차대차 - 기타,안전거리미확보,건조,맑음,교차로 - 교차로부근,승용,남,64세,상해없음,승용,남,25세,경상
2021020300100484,2021년 2월 3일 20시,수요일,충청남도 천안시 서북구 성정동,경상사고,0,0,1,0,차대차 - 기타,신호위반,건조,맑음,교차로 - 교차로안,승용,남,50세,상해없음,이륜,여,25세,경상
2021020300100521,2021년 2월 3일 21시,수요일,충청남도 천안시 서북구 성정동,경상사고,0,0,1,0,차대차 - 기타,안전운전불이행,건조,맑음,교차로 - 교차로안,이륜,남,27세,상해없음,이륜,남,35세,경상
2021020300100522,2021년 2월 3일 21시,수요일,충청남도 계룡시 엄사면,중상사고,0,2,1,0,차대차 - 추돌,안전운전불이행,건조,맑음,교차로 - 교차로부근,승용,남,53세,상해없음,승용,남,54세,중상
2021020300100523,2021년 2월 3일 21시,수요일,충청남도 아산시 실옥동,중상사고,0,1,0,0,차대차 - 기타,안전운전불이행,건조,맑음,단일로 - 기타,승용,남,52세,상해없음,이륜,남,29세,중상
2021020300100572,2021년 2월 3일 23시,수요일,충청남도 아산시 염치읍,경상사고,0,0,1,0,차대사람 - 기타,안전운전불이행,건조,흐림,교차로 - 교차로안,승용,남,30세,상해없음,보행자,남,26세,경상
2021020400100087,2021년 2월 4일 08시,목요일,충청남도 서산시 해미면,부상신고사고,0,0,0,1,차대차 - 기타,안전거리미확보,서리/결빙,흐림,단일로 - 기타,승용,남,40세,상해없음,승용,남,30세,부상신고
2021020400100088,2021년 2월 4일 08시,목요일,충청남도 계룡시 엄사면,경상사고,0,0,1,0,차대사람 - 보도통행중,보행자보호의무위반,젖음/습기,맑음,교차로 - 교차로횡단보도내,승용,남,42세,상해없음,보행자,여,34세,경상
2021020400100089,2021년 2월 4일 08시,목요일,충청남도 아산시 배방읍,경상사고,0,0,1,0,차대차 - 측면충돌,신호위반,서리/결빙,흐림,단일로 - 고가도로위,승용,여,58세,상해없음,승용,여,29세,경상
2021020400100136,2021년 2월 4일 09시,목요일,충청남도 천안시 서북구 쌍용동,경상사고,0,0,1,0,차대사람 - 횡단중,안전운전불이행,서리/결빙,맑음,교차로 - 교차로부근,승용,남,47세,상해없음,보행자,남,21세,경상
2021020400100137,2021년 2월 4일 09시,목요일,충청남도 예산군 덕산면,경상사고,0,0,1,0,차대차 - 측면충돌,안전운전불이행,적설,맑음,단일로 - 기타,승용,남,27세,상해없음,화물,남,39세,경상
2021020400100163,2021년 2월 4일 10시,목요일,충청남도 아산시 신창면,경상사고,0,0,1,0,차대차 - 측면충돌,안전운전불이행,서리/결빙,기타,기타 - 기타,승용,남,74세,상해없음,승용,남,61세,상해없음
2021020400100197,2021년 2월 4일 11시,목요일,충청남도 아산시 온천동,경상사고,0,0,1,0,차대차 - 기타,중앙선침범,건조,맑음,교차로 - 교차로안,승용,남,78세,상해없음,승용,여,49세,경상
2021020400100198,2021년 2월 4일 11시,목요일,충청남도 공주시 신관동,부상신고사고,0,0,0,1,차대차 - 기타,차로위반,젖음/습기,흐림,단일로 - 기타,승용,여,29세,상해없음,이륜,남,20세,부상신고
2021020400100199,2021년 2월 4일 11시,목요일,충청남도 태안군 근흥면,부상신고사고,0,0,0,1,차량단독 - 기타,안전운전불이행,건조,맑음,교차로 - 교차로부근,이륜,남,82세,부상신고,,,,
2021020400100235,2021년 2월 4일 12시,목요일,충청남도 천안시 서북구 불당동,경상사고,0,0,2,0,차량단독 - 기타,안전운전불이행,건조,맑음,단일로 - 기타,승용,남,62세,상해없음,,,,
2021020400100236,2021년 2월 4일 12시,목요일,충청남도 천안시 서북구 입장면,경상사고,0,0,1,0,차대차 - 측면충돌,안전운전불이행,서리/결빙,흐림,단일로 - 기타,자전거,여,53세,경상,승용,남,62세,상해없음
2021020400100237,2021년 2월 4일 12시,목요일,충청남도 예산군 예산읍,경상사고,0,0,1,0,차대차 - 측면충돌,직진우회전진행방해,젖음/습기,맑음,교차로 - 교차로안,승용,남,61세,상해없음,승용,여,29세,경상
2021020400100272,2021년 2월 4일 13시,목요일,충청남도 서산시 석림동,중상사고,0,1,0,0,차대차 - 정면충돌,중앙선침범,서리/결빙,맑음,교차로 - 교차로부근,승용,남,37세,상해없음,화물,남,47세,중상
2021020400100273,2021년 2월 4일 13시,목요일,충청남도 천안시 동남구 목천읍,경상사고,0,0,1,0,차대차 - 추돌,안전운전불이행,건조,맑음,단일로 - 기타,화물,남,73세,상해없음,이륜,여,46세,경상
2021020400100274,2021년 2월 4일 13시,목요일,충청남도 태안군 태안읍,중상사고,0,1,0,0,차대사람 - 기타,안전운전불이행,건조,맑음,단일로 - 기타,화물,남,74세,상해없음,보행자,여,80세,중상
2021020400100275,2021년 2월 4일 13시,목요일,충청남도 보령시 웅천읍,경상사고,0,0,2,0,차대차 - 기타,기타,건조,맑음,단일로 - 기타,화물,남,45세,상해없음,화물,남,66세,경상
2021020400100312,2021년 2월 4일 14시,목요일,충청남도 부여군 부여읍,경상사고,0,0,2,0,차대차 - 추돌,안전거리미확보,건조,맑음,교차로 - 교차로안,화물,남,60세,상해없음,승용,남,24세,경상
2021020400100344,2021년 2월 4일 15시,목요일,충청남도 홍성군 갈산면,중상사고,0,1,0,0,차량단독 - 도로외이탈 - 추락,안전운전불이행,서리/결빙,맑음,단일로 - 기타,승용,남,55세,중상,,,,
2021020400100345,2021년 2월 4일 15시,목요일,충청남도 홍성군 광천읍,경상사고,0,0,1,0,차대차 - 정면충돌,안전운전불이행,건조,맑음,교차로 - 교차로안,화물,남,75세,상해없음,이륜,남,86세,경상
2021020400100389,2021년 2월 4일 16시,목요일,충청남도 천안시 서북구 성정동,경상사고,0,0,1,0,차대차 - 기타,안전운전불이행,건조,맑음,단일로 - 기타,승용,여,38세,상해없음,이륜,남,28세,경상
2021020400100390,2021년 2월 4일 16시,목요일,충청남도 아산시 배방읍,경상사고,0,0,1,0,차대차 - 기타,안전운전불이행,건조,맑음,단일로 - 기타,승용,남,37세,상해없음,승용,남,39세,경상
2021020400100391,2021년 2월 4일 16시,목요일,충청남도 당진시 원당동,경상사고,0,0,3,0,차대차 - 측면충돌,교차로운행방법위반,건조,맑음,교차로 - 교차로안,화물,남,75세,상해없음,승용,남,47세,경상
2021020400100464,2021년 2월 4일 18시,목요일,충청남도 서산시 운산면,중상사고,0,1,0,0,차대사람 - 차도통행중,안전운전불이행,젖음/습기,흐림,단일로 - 기타,승용,남,28세,상해없음,보행자,남,82세,중상
2021020400100465,2021년 2월 4일 18시,목요일,충청남도 서산시 성연면,중상사고,0,1,0,0,차대차 - 기타,안전운전불이행,젖음/습기,맑음,교차로 - 교차로부근,승용,남,56세,상해없음,이륜,남,33세,중상
2021020400100466,2021년 2월 4일 18시,목요일,충청남도 당진시 송악읍,중상사고,0,1,2,0,차대차 - 기타,교차로운행방법위반,건조,맑음,교차로 - 교차로안,이륜,남,55세,중상,승용,여,33세,경상
2021020400100503,2021년 2월 4일 19시,목요일,충청남도 서산시 대산읍,경상사고,0,0,1,0,차대사람 - 횡단중,신호위반,건조,맑음,교차로 - 교차로횡단보도내,승용,남,19세,상해없음,보행자,여,26세,경상
2021020400100504,2021년 2월 4일 19시,목요일,충청남도 보령시 미산면,중상사고,0,1,0,0,차대차 - 기타,중앙선침범,건조,맑음,단일로 - 기타,화물,남,63세,상해없음,화물,남,38세,중상
2021020400100574,2021년 2월 4일 21시,목요일,충청남도 당진시 송악읍,경상사고,0,0,1,0,차량단독 - 공작물충돌,안전운전불이행,건조,맑음,단일로 - 기타,승용,남,40세,경상,,,,
2021020500100004,2021년 2월 5일 00시,금요일,충청남도 천안시 서북구 두정동,경상사고,0,0,3,0,차대차 - 측면충돌,안전운전불이행,건조,맑음,단일로 - 기타,승용,남,30세,상해없음,승용,남,57세,경상
2021020500100014,2021년 2월 5일 05시,금요일,충청남도 아산시 둔포면,경상사고,0,0,2,0,차대차 - 추돌,안전운전불이행,건조,맑음,교차로 - 교차로부근,건설기계,남,61세,상해없음,승용,남,24세,경상
2021020500100015,2021년 2월 5일 05시,금요일,충청남도 천안시 동남구 용곡동,중상사고,0,1,0,0,차대차 - 기타,안전운전불이행,건조,맑음,단일로 - 고가도로위,승용,남,55세,상해없음,승용,남,38세,중상
2021020500100030,2021년 2월 5일 06시,금요일,충청남도 청양군 청양읍,중상사고,0,1,0,0,차대사람 - 횡단중,안전운전불이행,건조,맑음,교차로 - 교차로안,승용,남,41세,상해없음,보행자,남,59세,중상
2021020500100065,2021년 2월 5일 08시,금요일,충청남도 부여군 부여읍,경상사고,0,0,1,0,차대차 - 측면충돌,신호위반,건조,맑음,교차로 - 교차로안,화물,남,77세,상해없음,승용,남,29세,경상
2021020500100096,2021년 2월 5일 09시,금요일,충청남도 천안시 서북구 성환읍,경상사고,0,0,1,0,차대차 - 측면충돌,안전운전불이행,건조,맑음,단일로 - 기타,화물,남,41세,상해없음,승용,남,64세,경상
2021020500100114,2021년 2월 5일 10시,금요일,충청남도 천안시 동남구 목천읍,경상사고,0,0,2,0,차대차 - 기타,안전운전불이행,건조,맑음,단일로 - 기타,화물,남,49세,상해없음,화물,남,75세,경상
2021020500100115,2021년 2월 5일 10시,금요일,충청남도 예산군 삽교읍,경상사고,0,0,1,0,차대차 - 기타,기타,건조,맑음,단일로 - 기타,승용,남,33세,상해없음,특수,남,53세,경상
2021020500100179,2021년 2월 5일 12시,금요일,충청남도 천안시 서북구 성환읍,경상사고,0,0,2,0,차대차 - 측면충돌,신호위반,건조,맑음,교차로 - 교차로안,승용,여,61세,상해없음,화물,남,62세,경상
2021020500100180,2021년 2월 5일 12시,금요일,충청남도 청양군 청양읍,경상사고,0,0,1,0,차량단독 - 전도전복 - 전도,안전운전불이행,건조,맑음,기타 - 기타,이륜,여,64세,경상,,,,
2021020500100222,2021년 2월 5일 13시,금요일,충청남도 천안시 서북구 쌍용동,경상사고,0,0,1,0,차대차 - 측면충돌,교차로운행방법위반,건조,맑음,교차로 - 교차로안,승용,여,50세,상해없음,이륜,남,56세,경상
2021020500100223,2021년 2월 5일 13시,금요일,충청남도 아산시 모종동,중상사고,0,1,0,0,차대차 - 기타,신호위반,건조,맑음,교차로 - 교차로안,승용,여,32세,상해없음,이륜,남,51세,중상
2021020500100224,2021년 2월 5일 13시,금요일,충청남도 아산시 영인면,중상사고,0,1,0,0,차대차 - 측면충돌,안전운전불이행,건조,맑음,단일로 - 기타,화물,남,64세,상해없음,이륜,남,84세,중상
2021020500100225,2021년 2월 5일 13시,금요일,충청남도 부여군 부여읍,중상사고,0,1,0,0,차대사람 - 횡단중,보행자보호의무위반,건조,맑음,교차로 - 교차로횡단보도내,화물,남,90세,상해없음,보행자,여,66세,중상
2021020500100342,2021년 2월 5일 16시,금요일,충청남도 천안시 서북구 두정동,경상사고,0,0,1,0,차대사람 - 기타,안전운전불이행,건조,맑음,단일로 - 기타,승용,여,23세,상해없음,보행자,남,49세,경상
2021020500100343,2021년 2월 5일 16시,금요일,충청남도 천안시 서북구 쌍용동,경상사고,0,0,1,0,차대차 - 측면충돌,안전운전불이행,건조,맑음,단일로 - 기타,승합,남,56세,상해없음,승용,남,37세,경상
2021020500100344,2021년 2월 5일 16시,금요일,충청남도 천안시 동남구 목천읍,중상사고,0,1,0,0,차대차 - 기타,교차로운행방법위반,건조,맑음,교차로 - 교차로안,승용,남,23세,상해없음,승용,여,54세,중상
2021020500100396,2021년 2월 5일 17시,금요일,충청남도 서천군 서천읍,중상사고,0,1,1,0,차대차 - 측면충돌,안전운전불이행,건조,맑음,교차로 - 교차로안,이륜,남,40세,중상,승용,여,48세,경상
2021020500100397,2021년 2월 5일 17시,금요일,충청남도 공주시 반포면,경상사고,0,0,1,0,차대차 - 측면충돌,안전거리미확보,건조,맑음,단일로 - 기타,승용,남,34세,상해없음,승용,남,38세,경상
2021020500100448,2021년 2월 5일 18시,금요일,충청남도 천안시 서북구 성환읍,중상사고,0,1,0,0,차대사람 - 기타,안전운전불이행,건조,맑음,교차로 - 교차로횡단보도내,승용,여,25세,상해없음,보행자,남,70세,중상
2021020500100449,2021년 2월 5일 18시,금요일,충청남도 천안시 동남구 신부동,경상사고,0,0,1,0,차대사람 - 기타,기타,건조,맑음,단일로 - 기타,승용,남,55세,상해없음,보행자,남,37세,경상
2021020500100514,2021년 2월 5일 19시,금요일,충청남도 서산시 읍내동,경상사고,0,0,1,0,차대차 - 기타,신호위반,건조,맑음,교차로 - 교차로안,이륜,남,64세,상해없음,승용,남,59세,경상
2021020500100515,2021년 2월 5일 19시,금요일,충청남도 당진시 채운동,경상사고,0,0,1,0,차대차 - 측면충돌,직진우회전진행방해,건조,기타,교차로 - 교차로안,승용,남,59세,상해없음,승용,남,25세,경상
2021020500100556,2021년 2월 5일 20시,금요일,충청남도 천안시 서북구 두정동,중상사고,0,1,0,0,차대차 - 측면충돌,중앙선침범,건조,맑음,단일로 - 기타,승용,남,23세,상해없음,원동기,남,38세,중상
2021020500100557,2021년 2월 5일 20시,금요일,충청남도 아산시 배방읍,경상사고,0,0,1,0,차대사람 - 횡단중,보행자보호의무위반,건조,맑음,교차로 - 교차로안,이륜,남,20세,기타불명,보행자,여,29세,경상
2021020500100607,2021년 2월 5일 21시,금요일,충청남도 서산시 음암면,경상사고,0,0,1,0,차대차 - 측면충돌,교차로운행방법위반,건조,맑음,교차로 - 교차로안,승용,여,26세,상해없음,승용,여,26세,경상
2021020500100636,2021년 2월 5일 22시,금요일,충청남도 천안시 서북구 업성동,중상사고,0,1,0,0,차대차 - 정면충돌,신호위반,건조,맑음,교차로 - 교차로안,승용,남,23세,상해없음,승용,남,45세,중상
2021020500100637,2021년 2월 5일 22시,금요일,충청남도 홍성군 홍북읍,경상사고,0,0,1,0,차량단독 - 도로외이탈 - 추락,안전운전불이행,건조,맑음,교차로 - 교차로안,승용,남,40세,경상,,,,
2021020600100012,2021년 2월 6일 01시,토요일,충청남도 보령시 동대동,중상사고,0,1,2,0,차대차 - 기타,신호위반,건조,맑음,교차로 - 교차로안,승용,남,41세,경상,승용,남,43세,경상
2021020600100034,2021년 2월 6일 06시,토요일,충청남도 당진시 대덕동,중상사고,0,1,0,0,차대사람 - 기타,안전운전불이행,건조,기타,단일로 - 기타,승용,남,37세,상해없음,보행자,남,64세,중상
2021020600100044,2021년 2월 6일 07시,토요일,충청남도 천안시 동남구 신방동,중상사고,0,1,0,0,차대차 - 기타,신호위반,건조,맑음,교차로 - 교차로안,건설기계,남,53세,상해없음,승용,남,48세,중상
2021020600100053,2021년 2월 6일 08시,토요일,충청남도 당진시 송악읍,중상사고,0,1,1,0,차대차 - 추돌,안전운전불이행,건조,흐림,교차로 - 교차로안,승용,남,71세,중상,화물,남,60세,경상
2021020600100083,2021년 2월 6일 10시,토요일,충청남도 예산군 예산읍,중상사고,0,1,0,0,차대차 - 측면충돌,기타,건조,맑음,교차로 - 교차로안,화물,남,65세,상해없음,이륜,남,78세,중상
2021020600100109,2021년 2월 6일 11시,토요일,충청남도 천안시 서북구 불당동,부상신고사고,0,0,0,1,차대차 - 추돌,안전운전불이행,건조,맑음,단일로 - 기타,원동기,남,16세,부상신고,승용,여,43세,상해없음
2021020600100140,2021년 2월 6일 12시,토요일,충청남도 천안시 서북구 성거읍,경상사고,0,0,1,0,차대차 - 측면충돌,신호위반,건조,맑음,교차로 - 교차로안,승용,남,47세,상해없음,승용,여,40세,경상
2021020600100248,2021년 2월 6일 15시,토요일,충청남도 천안시 서북구 불당동,중상사고,0,1,0,0,차대차 - 기타,기타,건조,맑음,단일로 - 기타,승용,여,52세,상해없음,이륜,남,21세,중상
2021020600100249,2021년 2월 6일 15시,토요일,충청남도 천안시 서북구 성환읍,경상사고,0,0,2,0,차대차 - 기타,직진우회전진행방해,건조,맑음,교차로 - 교차로안,승용,남,77세,상해없음,승용,남,57세,경상
2021020600100250,2021년 2월 6일 15시,토요일,충청남도 아산시 배방읍,경상사고,0,0,1,0,차대사람 - 기타,안전운전불이행,건조,맑음,교차로 - 교차로부근,이륜,남,16세,상해없음,보행자,여,40세,경상
2021020600100277,2021년 2월 6일 16시,토요일,충청남도 천안시 서북구 불당동,경상사고,0,0,1,0,차대차 - 기타,안전운전불이행,건조,맑음,교차로 - 교차로부근,승용,남,52세,상해없음,승용,남,57세,상해없음
2021020600100278,2021년 2월 6일 16시,토요일,충청남도 천안시 서북구 성정동,경상사고,0,0,2,0,차대차 - 기타,교차로운행방법위반,건조,맑음,교차로 - 교차로안,이륜,남,23세,경상,승용,남,30세,경상
2021020600100279,2021년 2월 6일 16시,토요일,충청남도 당진시 우강면,경상사고,0,0,1,0,차대차 - 측면충돌,안전운전불이행,건조,맑음,단일로 - 기타,승용,여,54세,상해없음,화물,남,41세,경상
2021020600100317,2021년 2월 6일 17시,토요일,충청남도 서산시 동문동,경상사고,0,0,1,0,차대차 - 기타,안전운전불이행,건조,맑음,기타 - 기타,승용,여,40세,상해없음,화물,남,59세,상해없음
2021020600100318,2021년 2월 6일 17시,토요일,충청남도 논산시 연산면,경상사고,0,0,3,0,차대차 - 추돌,안전운전불이행,건조,맑음,단일로 - 기타,승용,남,58세,상해없음,승용,남,55세,경상
2021020600100319,2021년 2월 6일 17시,토요일,충청남도 홍성군 갈산면,중상사고,0,1,0,0,차량단독 - 공작물충돌,안전운전불이행,건조,맑음,단일로 - 기타,승용,남,32세,중상,,,,
2021020600100396,2021년 2월 6일 19시,토요일,충청남도 천안시 서북구 두정동,부상신고사고,0,0,0,1,차대차 - 기타,안전운전불이행,건조,맑음,교차로 - 교차로횡단보도내,이륜,남,54세,부상신고,승용,여,24세,상해없음
2021020600100397,2021년 2월 6일 19시,토요일,충청남도 논산시 취암동,부상신고사고,0,0,0,1,차대차 - 측면충돌,기타,건조,맑음,단일로 - 기타,이륜,남,59세,부상신고,승용,남,26세,상해없음
2021020600100422,2021년 2월 6일 20시,토요일,충청남도 서산시 음암면,경상사고,0,0,1,0,차대차 - 추돌,안전운전불이행,건조,맑음,교차로 - 교차로안,화물,남,57세,상해없음,승용,남,44세,경상
2021020600100423,2021년 2월 6일 20시,토요일,충청남도 예산군 예산읍,중상사고,0,1,0,0,차대사람 - 횡단중,보행자보호의무위반,건조,맑음,단일로 - 기타,개인형이동수단(PM),남,31세,상해없음,보행자,여,65세,중상
2021020600100424,2021년 2월 6일 20시,토요일,충청남도 천안시 동남구 목천읍,경상사고,0,0,1,0,차대차 - 기타,교차로운행방법위반,건조,맑음,교차로 - 교차로부근,승용,남,23세,상해없음,이륜,남,46세,경상
2021020600100466,2021년 2월 6일 21시,토요일,충청남도 천안시 서북구 두정동,경상사고,0,0,1,0,차대차 - 측면충돌,안전운전불이행,건조,맑음,교차로 - 교차로안,승용,남,41세,상해없음,이륜,남,22세,경상
2021020600100467,2021년 2월 6일 21시,토요일,충청남도 논산시 취암동,중상사고,0,1,0,0,차대차 - 측면충돌,교차로운행방법위반,건조,맑음,교차로 - 교차로안,승용,남,18세,상해없음,이륜,남,46세,중상
2021020700100038,2021년 2월 7일 06시,일요일,충청남도 당진시 송산면,중상사고,0,1,0,0,차대사람 - 차도통행중,안전운전불이행,건조,맑음,단일로 - 기타,승용,남,30세,상해없음,보행자,남,38세,중상
2021020700100048,2021년 2월 7일 07시,일요일,충청남도 천안시 서북구 성정동,경상사고,0,0,1,0,차대차 - 기타,안전거리미확보,건조,맑음,단일로 - 기타,승용,남,29세,상해없음,승용,여,66세,경상
2021020700100054,2021년 2월 7일 08시,일요일,충청남도 부여군 홍산면,중상사고,0,1,0,0,차대차 - 추돌,안전운전불이행,젖음/습기,안개,단일로 - 기타,승용,남,71세,중상,화물,남,68세,상해없음
2021020700100107,2021년 2월 7일 12시,일요일,충청남도 서천군 장항읍,경상사고,0,0,1,0,차대사람 - 기타,안전운전불이행,건조,맑음,단일로 - 기타,화물,남,53세,상해없음,보행자,여,74세,경상
2021020700100128,2021년 2월 7일 13시,일요일,충청남도 서천군 서천읍,중상사고,0,2,0,0,차대차 - 측면충돌,직진우회전진행방해,건조,맑음,교차로 - 교차로안,승용,여,61세,상해없음,이륜,남,46세,중상
2021020700100129,2021년 2월 7일 13시,일요일,충청남도 당진시 대덕동,경상사고,0,0,2,0,차대차 - 기타,교차로운행방법위반,건조,맑음,교차로 - 교차로안,승용,여,47세,상해없음,승용,남,30세,경상
2021020700100158,2021년 2월 7일 14시,일요일,충청남도 서산시 인지면,중상사고,0,1,0,0,차대차 - 측면충돌,신호위반,건조,맑음,교차로 - 교차로안,승용,여,60세,상해없음,승용,남,71세,중상
2021020700100198,2021년 2월 7일 15시,일요일,충청남도 아산시 인주면,경상사고,0,0,5,0,차대차 - 기타,신호위반,건조,맑음,교차로 - 교차로안,승용,남,52세,경상,화물,남,52세,경상
2021020700100199,2021년 2월 7일 15시,일요일,충청남도 예산군 예산읍,경상사고,0,0,1,0,차대차 - 측면충돌,신호위반,건조,맑음,교차로 - 교차로안,승용,여,61세,상해없음,화물,남,40세,경상
2021020700100256,2021년 2월 7일 17시,일요일,충청남도 아산시 풍기동,중상사고,0,1,0,0,차대차 - 추돌,안전운전불이행,건조,맑음,교차로 - 교차로부근,승용,여,58세,상해없음,승용,여,38세,중상
2021020700100278,2021년 2월 7일 18시,일요일,충청남도 아산시 읍내동,경상사고,0,0,1,0,차대차 - 기타,안전운전불이행,건조,맑음,기타 - 기타,화물,남,57세,상해없음,승용,남,25세,경상
2021020700100319,2021년 2월 7일 19시,일요일,충청남도 천안시 서북구 성정동,경상사고,0,0,1,0,차대차 - 측면충돌,안전운전불이행,건조,맑음,단일로 - 기타,승용,남,30세,상해없음,이륜,남,22세,경상
2021020700100320,2021년 2월 7일 19시,일요일,충청남도 아산시 읍내동,경상사고,0,0,1,0,차대차 - 기타,안전운전불이행,건조,맑음,교차로 - 교차로안,화물,남,51세,상해없음,이륜,남,18세,경상
2021020700100321,2021년 2월 7일 19시,일요일,충청남도 태안군 태안읍,경상사고,0,0,1,0,차대차 - 후진중충돌,안전운전불이행,건조,맑음,단일로 - 기타,승용,남,71세,상해없음,승용,여,21세,경상
2021020700100348,2021년 2월 7일 20시,일요일,충청남도 서산시 대산읍,사망사고,1,0,0,0,차대사람 - 차도통행중,기타,건조,맑음,교차로 - 교차로안,승용,남,36세,상해없음,보행자,남,61세,사망
2021020700100349,2021년 2월 7일 20시,일요일,충청남도 천안시 서북구 성정동,경상사고,0,0,1,0,차대차 - 측면충돌,안전운전불이행,건조,맑음,단일로 - 기타,승용,남,29세,상해없음,이륜,남,26세,경상
2021020700100350,2021년 2월 7일 20시,일요일,충청남도 아산시 배방읍,중상사고,0,1,0,0,차대차 - 기타,신호위반,건조,맑음,교차로 - 교차로안,승용,남,48세,상해없음,이륜,남,53세,중상
2021020700100351,2021년 2월 7일 20시,일요일,충청남도 공주시 사곡면,경상사고,0,0,1,0,차대차 - 측면충돌,안전운전불이행,건조,맑음,단일로 - 기타,승용,여,34세,상해없음,승용,남,42세,경상
2021020700100376,2021년 2월 7일 21시,일요일,충청남도 천안시 동남구 신방동,사망사고,2,0,0,0,차대차 - 기타,안전운전불이행,건조,맑음,단일로 - 기타,승용,남,18세,기타불명,특수,남,51세,기타불명
2021020800100030,2021년 2월 8일 06시,월요일,충청남도 서천군 마서면,중상사고,0,1,0,0,차대사람 - 차도통행중,안전운전불이행,건조,맑음,단일로 - 기타,승용,여,51세,상해없음,보행자,여,53세,중상
2021020800100049,2021년 2월 8일 07시,월요일,충청남도 공주시 탄천면,중상사고,0,2,0,1,차량단독 - 기타,안전운전불이행,건조,맑음,단일로 - 기타,승용,남,15세,중상,,,,
2021020800100077,2021년 2월 8일 08시,월요일,충청남도 당진시 읍내동,중상사고,0,1,0,0,차대차 - 측면충돌,차로위반,건조,맑음,교차로 - 교차로부근,승용,여,49세,상해없음,이륜,남,79세,중상
2021020800100078,2021년 2월 8일 08시,월요일,충청남도 청양군 청양읍,경상사고,0,0,1,0,차대차 - 정면충돌,안전운전불이행,건조,맑음,교차로 - 교차로안,승합,여,54세,상해없음,이륜,남,75세,경상
2021020800100079,2021년 2월 8일 08시,월요일,충청남도 천안시 동남구 구룡동,경상사고,0,0,2,0,차대차 - 추돌,안전운전불이행,건조,맑음,단일로 - 기타,승용,남,27세,상해없음,승용,여,25세,경상
2021020800100080,2021년 2월 8일 08시,월요일,충청남도 천안시 동남구 풍세면,중상사고,0,1,5,1,차대차 - 추돌,안전운전불이행,건조,맑음,단일로 - 기타,승용,여,31세,중상,승용,여,45세,경상
2021020800100123,2021년 2월 8일 09시,월요일,충청남도 태안군 고남면,중상사고,0,1,0,0,차대차 - 측면충돌,안전운전불이행,건조,맑음,기타 - 기타,화물,남,63세,상해없음,이륜,여,77세,중상
2021020800100153,2021년 2월 8일 10시,월요일,충청남도 보령시 명천동,경상사고,0,0,1,0,차대차 - 기타,신호위반,건조,맑음,교차로 - 교차로안,승용,남,72세,상해없음,승용,여,64세,경상
2021020800100154,2021년 2월 8일 10시,월요일,충청남도 당진시 대호지면,중상사고,0,1,0,0,차대사람 - 횡단중,안전운전불이행,건조,맑음,교차로 - 교차로안,화물,남,69세,상해없음,보행자,여,84세,중상
2021020800100183,2021년 2월 8일 11시,월요일,충청남도 아산시 둔포면,사망사고,1,0,0,0,차대사람 - 횡단중,중앙선침범,건조,맑음,교차로 - 교차로횡단보도내,승용,여,40세,상해없음,보행자,여,72세,사망
2021020800100223,2021년 2월 8일 12시,월요일,충청남도 천안시 서북구 성정동,중상사고,0,1,0,0,차대차 - 측면충돌,신호위반,건조,맑음,교차로 - 교차로안,승용,남,57세,상해없음,승용,남,30세,중상