사고번호,사고일시,요일,시군구,사고내용,사망자수,중상자수,경상자수,부상신고자수,사고유형,법규위반,노면상태,기상상태,도로형태,가해운전자 차종,가해운전자 성별,가해운전자 연령,가해운전자 상해정도,피해운전자 차종,피해운전자 성별,피해운전자 연령,피해운전자 상해정도
2021020800100224,2021년 2월 8일 12시,월요일,충청남도 논산시 취암동,중상사고,0,1,1,0,차대차 - 정면충돌,교차로운행방법위반,건조,맑음,교차로 - 교차로안,승용,여,58세,상해없음,이륜,남,25세,중상
2021020800100225,2021년 2월 8일 12시,월요일,충청남도 공주시 금성동,부상신고사고,0,0,0,1,차대사람 - 차도통행중,안전운전불이행,건조,맑음,단일로 - 기타,화물,남,68세,상해없음,보행자,여,79세,부상신고
2021020800100226,2021년 2월 8일 12시,월요일,충청남도 부여군 세도면,경상사고,0,0,2,0,차대사람 - 차도통행중,안전운전불이행,건조,맑음,단일로 - 기타,원동기,남,86세,경상,보행자,여,81세,경상
2021020800100317,2021년 2월 8일 14시,월요일,충청남도 천안시 서북구 직산읍,경상사고,0,0,2,0,차대차 - 측면충돌,안전거리미확보,건조,맑음,단일로 - 기타,승용,남,62세,경상,화물,남,62세,상해없음
2021020800100318,2021년 2월 8일 14시,월요일,충청남도 천안시 서북구 와촌동,중상사고,0,1,1,0,차대차 - 추돌,직진우회전진행방해,건조,맑음,교차로 - 교차로안,승용,남,66세,상해없음,승합,남,53세,상해없음
2021020800100319,2021년 2월 8일 14시,월요일,충청남도 논산시 취암동,경상사고,0,0,2,0,차대차 - 추돌,안전운전불이행,건조,맑음,교차로 - 교차로부근,화물,남,68세,상해없음,화물,남,62세,경상
2021020800100320,2021년 2월 8일 14시,월요일,충청남도 천안시 동남구 사직동,중상사고,0,1,0,0,차대사람 - 횡단중,보행자보호의무위반,건조,맑음,교차로 - 교차로안,승용,남,61세,상해없음,보행자,남,68세,중상
2021020800100391,2021년 2월 8일 16시,월요일,충청남도 아산시 온천동,경상사고,0,0,1,0,차대차 - 측면충돌,안전운전불이행,건조,맑음,교차로 - 교차로부근,승용,남,80세,상해없음,승용,여,63세,경상
2021020800100436,2021년 2월 8일 17시,월요일,충청남도 당진시 고대면,경상사고,0,0,1,0,차대차 - 정면충돌,중앙선침범,건조,맑음,단일로 - 기타,승용,남,23세,상해없음,승용,남,42세,경상
2021020800100437,2021년 2월 8일 17시,월요일,충청남도 청양군 목면,중상사고,0,3,1,0,차대차 - 추돌,안전운전불이행,건조,맑음,교차로 - 교차로부근,화물,남,51세,상해없음,화물,남,60세,중상
2021020800100485,2021년 2월 8일 18시,월요일,충청남도 천안시 서북구 두정동,경상사고,0,0,1,0,차대차 - 측면충돌,차로위반,건조,맑음,단일로 - 기타,승합,남,45세,상해없음,승용,남,31세,경상
2021020800100527,2021년 2월 8일 19시,월요일,충청남도 아산시 신창면,중상사고,0,1,0,0,차대차 - 측면충돌,안전운전불이행,건조,맑음,교차로 - 교차로안,승용,남,45세,상해없음,이륜,남,49세,중상
2021020800100565,2021년 2월 8일 20시,월요일,충청남도 천안시 서북구 두정동,중상사고,0,1,0,0,차대사람 - 기타,보행자보호의무위반,건조,맑음,교차로 - 교차로안,승용,남,33세,상해없음,보행자,남,27세,중상
2021020800100603,2021년 2월 8일 21시,월요일,충청남도 공주시 반포면,경상사고,0,0,4,0,차대차 - 측면충돌,신호위반,건조,맑음,교차로 - 교차로안,승용,여,23세,상해없음,승용,남,46세,경상
2021020800100654,2021년 2월 8일 23시,월요일,충청남도 천안시 동남구 대흥동,경상사고,0,0,1,0,차대차 - 측면충돌,안전운전불이행,건조,맑음,단일로 - 기타,승용,남,45세,상해없음,승용,남,28세,경상
2021020900100007,2021년 2월 9일 01시,화요일,충청남도 보령시 오천면,경상사고,0,0,3,0,차대차 - 기타,중앙선침범,건조,맑음,단일로 - 기타,화물,남,81세,상해없음,화물,남,62세,경상
2021020900100055,2021년 2월 9일 07시,화요일,충청남도 천안시 동남구 봉명동,경상사고,0,0,2,0,차대차 - 기타,중앙선침범,건조,맑음,단일로 - 기타,승용,남,36세,경상,화물,남,63세,경상
2021020900100078,2021년 2월 9일 08시,화요일,충청남도 천안시 서북구 성성동,경상사고,0,0,1,0,차대차 - 기타,안전거리미확보,건조,맑음,교차로 - 교차로안,특수,남,49세,상해없음,승용,여,39세,경상
2021020900100079,2021년 2월 9일 08시,화요일,충청남도 공주시 옥룡동,중상사고,0,1,0,0,차량단독 - 도로외이탈 - 기타,안전운전불이행,건조,맑음,단일로 - 기타,승용,남,73세,중상,,,,
2021020900100080,2021년 2월 9일 08시,화요일,충청남도 당진시 합덕읍,경상사고,0,0,3,0,차대차 - 측면충돌,안전운전불이행,건조,맑음,단일로 - 기타,승용,남,53세,상해없음,화물,남,48세,경상
2021020900100153,2021년 2월 9일 10시,화요일,충청남도 천안시 동남구 병천면,경상사고,0,0,2,0,차대차 - 측면충돌,안전운전불이행,건조,맑음,교차로 - 교차로안,화물,남,53세,상해없음,승용,여,56세,경상
2021020900100154,2021년 2월 9일 10시,화요일,충청남도 태안군 소원면,중상사고,0,1,0,0,차대차 - 측면충돌,중앙선침범,건조,맑음,단일로 - 기타,승용,여,76세,상해없음,승합,남,47세,중상
2021020900100192,2021년 2월 9일 11시,화요일,충청남도 서산시 동문동,중상사고,0,1,0,0,차대사람 - 길가장자리구역통행중,안전운전불이행,건조,맑음,교차로 - 교차로안,화물,남,76세,상해없음,보행자,여,60세,중상
2021020900100193,2021년 2월 9일 11시,화요일,충청남도 서산시 해미면,중상사고,0,1,0,0,차대차 - 측면충돌,교차로운행방법위반,건조,맑음,교차로 - 교차로안,농기계,남,66세,상해없음,이륜,남,76세,중상
2021020900100195,2021년 2월 9일 11시,화요일,충청남도 천안시 동남구 청당동,중상사고,0,1,0,0,차대차 - 기타,안전운전불이행,건조,맑음,교차로 - 교차로안,승용,여,58세,상해없음,이륜,남,23세,중상
2021020900100229,2021년 2월 9일 12시,화요일,충청남도 공주시 신관동,중상사고,0,1,1,0,차대차 - 측면충돌,안전운전불이행,건조,맑음,교차로 - 교차로부근,화물,남,55세,상해없음,화물,남,58세,경상
2021020900100271,2021년 2월 9일 13시,화요일,충청남도 보령시 웅천읍,경상사고,0,0,1,0,차대차 - 기타,안전운전불이행,건조,맑음,교차로 - 교차로안,화물,남,72세,상해없음,이륜,남,71세,경상
2021020900100272,2021년 2월 9일 13시,화요일,충청남도 예산군 응봉면,경상사고,0,0,3,0,차대차 - 측면충돌,신호위반,건조,맑음,교차로 - 교차로안,승합,남,60세,상해없음,승용,남,36세,경상
2021020900100273,2021년 2월 9일 13시,화요일,충청남도 태안군 근흥면,중상사고,0,1,0,0,차대차 - 추돌,안전운전불이행,건조,맑음,단일로 - 기타,이륜,남,72세,중상,특수,남,49세,상해없음
2021020900100315,2021년 2월 9일 14시,화요일,충청남도 논산시 강경읍,경상사고,0,0,1,0,차대차 - 측면충돌,안전운전불이행,건조,맑음,단일로 - 기타,화물,남,63세,상해없음,자전거,남,80세,경상
2021020900100368,2021년 2월 9일 15시,화요일,충청남도 부여군 부여읍,중상사고,0,1,0,0,차대차 - 기타,안전운전불이행,건조,맑음,단일로 - 기타,승용,남,41세,상해없음,이륜,남,73세,중상
2021020900100369,2021년 2월 9일 15시,화요일,충청남도 당진시 합덕읍,중상사고,0,1,0,0,차대사람 - 기타,안전운전불이행,건조,맑음,기타 - 기타,승용,남,39세,상해없음,보행자,여,80세,중상
2021020900100409,2021년 2월 9일 16시,화요일,충청남도 천안시 동남구 구룡동,경상사고,0,0,1,0,차대차 - 측면충돌,안전운전불이행,건조,맑음,교차로 - 교차로안,승용,남,70세,상해없음,승용,여,47세,경상
2021020900100410,2021년 2월 9일 16시,화요일,충청남도 태안군 안면읍,경상사고,0,0,1,0,차량단독 - 전도전복 - 전도,안전운전불이행,건조,맑음,단일로 - 기타,화물,남,60세,경상,,,,
2021020900100456,2021년 2월 9일 17시,화요일,충청남도 천안시 동남구 청당동,경상사고,0,0,1,0,차대차 - 기타,안전운전불이행,건조,맑음,기타 - 기타,승용,남,26세,상해없음,승용,남,26세,경상
2021020900100512,2021년 2월 9일 18시,화요일,충청남도 아산시 탕정면,중상사고,0,1,0,0,차대차 - 측면충돌,신호위반,건조,맑음,교차로 - 교차로안,승용,남,22세,상해없음,이륜,남,20세,중상
2021020900100614,2021년 2월 9일 20시,화요일,충청남도 서산시 성연면,경상사고,0,0,3,0,차대차 - 추돌,안전운전불이행,건조,맑음,교차로 - 교차로부근,승용,남,38세,상해없음,화물,남,42세,경상
2021020900100670,2021년 2월 9일 21시,화요일,충청남도 천안시 서북구 두정동,경상사고,0,0,1,0,차대차 - 기타,안전운전불이행,건조,맑음,단일로 - 기타,승용,여,41세,상해없음,승용,남,65세,상해없음
2021020900100730,2021년 2월 9일 23시,화요일,충청남도 서산시 대산읍,경상사고,0,0,1,0,차대차 - 기타,중앙선침범,건조,맑음,교차로 - 교차로안,승용,남,38세,상해없음,승용,남,55세,경상
2021021000100020,2021년 2월 10일 01시,수요일,충청남도 논산시 성동면,경상사고,0,0,4,0,차대차 - 측면충돌,기타,건조,맑음,단일로 - 기타,승용,남,43세,상해없음,승용,남,28세,경상
2021021000100035,2021년 2월 10일 05시,수요일,충청남도 아산시 온천동,부상신고사고,0,0,0,1,차대사람 - 기타,안전운전불이행,건조,맑음,단일로 - 기타,승용,남,75세,상해없음,보행자,남,78세,부상신고
2021021000100046,2021년 2월 10일 06시,수요일,충청남도 아산시 배방읍,중상사고,0,1,0,0,차대차 - 측면충돌,신호위반,건조,맑음,교차로 - 교차로안,이륜,남,68세,중상,승용,남,55세,상해없음
2021021000100096,2021년 2월 10일 08시,수요일,충청남도 천안시 서북구 쌍용동,경상사고,0,0,1,0,차대차 - 기타,안전운전불이행,건조,맑음,기타 - 기타,승용,남,55세,상해없음,이륜,여,23세,경상
2021021000100125,2021년 2월 10일 09시,수요일,충청남도 논산시 벌곡면,중상사고,0,1,3,0,차대차 - 측면충돌,안전운전불이행,건조,맑음,교차로 - 교차로안,화물,남,66세,경상,화물,남,60세,경상
2021021000100126,2021년 2월 10일 09시,수요일,충청남도 당진시 합덕읍,중상사고,0,1,0,0,차대사람 - 보도통행중,안전운전불이행,건조,맑음,기타 - 기타,승용,남,77세,상해없음,보행자,여,72세,중상
2021021000100151,2021년 2월 10일 10시,수요일,충청남도 공주시 계룡면,경상사고,0,0,1,0,차대차 - 기타,안전운전불이행,건조,맑음,단일로 - 기타,농기계,남,43세,상해없음,이륜,남,67세,경상
2021021000100152,2021년 2월 10일 10시,수요일,충청남도 당진시 채운동,경상사고,0,0,1,0,차대차 - 기타,안전거리미확보,건조,맑음,기타 - 기타,화물,여,59세,상해없음,승용,남,45세,경상
2021021000100193,2021년 2월 10일 11시,수요일,충청남도 태안군 태안읍,중상사고,0,2,0,0,차대차 - 측면충돌,중앙선침범,건조,맑음,단일로 - 기타,승용,남,49세,상해없음,승용,여,72세,중상
2021021000100234,2021년 2월 10일 12시,수요일,충청남도 천안시 서북구 성정동,경상사고,0,0,1,0,차대차 - 추돌,안전운전불이행,건조,맑음,단일로 - 기타,승용,남,45세,상해없음,승용,남,50세,경상
2021021000100260,2021년 2월 10일 13시,수요일,충청남도 아산시 배방읍,경상사고,0,0,1,0,차대차 - 기타,차로위반,건조,맑음,단일로 - 기타,승용,남,63세,상해없음,승용,여,26세,경상
2021021000100261,2021년 2월 10일 13시,수요일,충청남도 공주시 계룡면,경상사고,0,0,1,0,차대차 - 측면충돌,안전운전불이행,건조,맑음,교차로 - 교차로부근,화물,남,81세,상해없음,이륜,남,52세,경상
2021021000100312,2021년 2월 10일 14시,수요일,충청남도 천안시 서북구 성정동,경상사고,0,0,2,1,차대차 - 측면충돌,직진우회전진행방해,건조,맑음,교차로 - 교차로안,이륜,남,28세,부상신고,승용,남,42세,경상
2021021000100313,2021년 2월 10일 14시,수요일,충청남도 천안시 동남구 삼룡동,경상사고,0,0,3,0,차대차 - 측면충돌,안전운전불이행,건조,맑음,주차장 - 주차장,승합,남,47세,상해없음,승용,여,30세,경상
2021021000100352,2021년 2월 10일 15시,수요일,충청남도 서산시 동문동,경상사고,0,0,1,0,차대차 - 기타,신호위반,건조,맑음,교차로 - 교차로안,승용,여,54세,상해없음,승용,여,40세,경상
2021021000100353,2021년 2월 10일 15시,수요일,충청남도 태안군 고남면,중상사고,0,1,0,0,차대차 - 측면충돌,교차로운행방법위반,건조,맑음,교차로 - 교차로안,승용,남,67세,상해없음,이륜,여,77세,중상
2021021000100397,2021년 2월 10일 16시,수요일,충청남도 아산시 방축동,경상사고,0,0,1,0,차대차 - 추돌,안전운전불이행,건조,맑음,교차로 - 교차로안,승용,남,76세,상해없음,승용,남,27세,상해없음
2021021000100577,2021년 2월 10일 19시,수요일,충청남도 서산시 석림동,경상사고,0,0,1,0,차대사람 - 횡단중,신호위반,건조,맑음,교차로 - 교차로안,화물,남,52세,상해없음,보행자,남,37세,경상
2021021000100578,2021년 2월 10일 19시,수요일,충청남도 천안시 서북구 두정동,경상사고,0,0,1,0,차대사람 - 기타,안전운전불이행,건조,맑음,단일로 - 기타,승용,남,23세,상해없음,보행자,남,21세,경상
2021021000100579,2021년 2월 10일 19시,수요일,충청남도 홍성군 홍성읍,경상사고,0,0,3,0,차대차 - 기타,안전운전불이행,건조,맑음,교차로 - 교차로부근,승용,남,47세,상해없음,승용,남,63세,경상
2021021000100580,2021년 2월 10일 19시,수요일,충청남도 천안시 동남구 목천읍,경상사고,0,0,2,0,차대차 - 추돌,중앙선침범,건조,맑음,교차로 - 교차로부근,승용,남,63세,경상,승용,남,54세,상해없음
2021021000100638,2021년 2월 10일 20시,수요일,충청남도 천안시 서북구 두정동,부상신고사고,0,0,0,1,차대차 - 측면충돌,안전운전불이행,건조,맑음,단일로 - 기타,이륜,남,24세,부상신고,승용,남,45세,상해없음
2021021000100639,2021년 2월 10일 20시,수요일,충청남도 아산시 배방읍,경상사고,0,0,1,0,차대사람 - 기타,기타,건조,맑음,기타 - 기타,승용,남,62세,상해없음,보행자,여,26세,경상
2021021000100640,2021년 2월 10일 20시,수요일,충청남도 천안시 동남구 영성동,중상사고,0,1,0,0,차대차 - 측면충돌,직진우회전진행방해,건조,맑음,교차로 - 교차로안,승용,남,26세,기타불명,이륜,남,22세,중상
2021021000100694,2021년 2월 10일 21시,수요일,충청남도 서산시 예천동,중상사고,0,1,0,0,차대차 - 측면충돌,차로위반,건조,맑음,교차로 - 교차로부근,자전거,남,21세,중상,승용,여,56세,상해없음
2021021000100695,2021년 2월 10일 21시,수요일,충청남도 천안시 동남구 봉명동,중상사고,0,2,0,0,차대차 - 정면충돌,안전운전불이행,건조,맑음,단일로 - 기타,승용,남,42세,상해없음,이륜,남,17세,중상
2021021000100719,2021년 2월 10일 22시,수요일,충청남도 아산시 탕정면,경상사고,0,0,1,0,차대차 - 추돌,안전운전불이행,건조,맑음,교차로 - 교차로안,승용,남,58세,상해없음,승합,남,29세,경상
2021021000100720,2021년 2월 10일 22시,수요일,충청남도 아산시 용화동,중상사고,0,1,0,0,차대사람 - 차도통행중,안전운전불이행,건조,맑음,단일로 - 기타,이륜,남,22세,상해없음,보행자,남,57세,중상
2021021000100749,2021년 2월 10일 23시,수요일,충청남도 천안시 서북구 쌍용동,경상사고,0,0,1,0,차대차 - 추돌,안전운전불이행,건조,맑음,교차로 - 교차로안,승용,남,36세,상해없음,화물,남,54세,경상
2021021000100750,2021년 2월 10일 23시,수요일,충청남도 천안시 동남구 원성동,경상사고,0,0,1,0,차대차 - 기타,안전거리미확보,건조,맑음,기타 - 기타,승합,남,16세,상해없음,승용,남,25세,경상
2021021100100017,2021년 2월 11일 01시,목요일,충청남도 아산시 탕정면,경상사고,0,0,1,0,차대차 - 기타,안전운전불이행,건조,맑음,단일로 - 기타,승용,남,33세,상해없음,승용,여,42세,경상
2021021100100045,2021년 2월 11일 06시,목요일,충청남도 천안시 동남구 구성동,경상사고,0,0,1,0,차대차 - 측면충돌,교차로운행방법위반,건조,맑음,교차로 - 교차로안,승용,남,56세,상해없음,승용,남,44세,경상
2021021100100067,2021년 2월 11일 09시,목요일,충청남도 천안시 서북구 성환읍,중상사고,0,1,0,0,차대차 - 정면충돌,안전운전불이행,건조,맑음,단일로 - 기타,승용,여,50세,상해없음,원동기,남,59세,중상
2021021100100093,2021년 2월 11일 11시,목요일,충청남도 당진시 신평면,경상사고,0,0,1,0,차대차 - 정면충돌,교차로운행방법위반,건조,맑음,교차로 - 교차로안,화물,남,62세,상해없음,승용,여,58세,경상
2021021100100113,2021년 2월 11일 12시,목요일,충청남도 청양군 정산면,중상사고,0,1,0,0,차대차 - 측면충돌,안전운전불이행,건조,맑음,교차로 - 교차로안,승용,여,52세,상해없음,이륜,남,51세,중상
2021021100100114,2021년 2월 11일 12시,목요일,충청남도 공주시 정안면,중상사고,0,1,0,0,차량단독 - 기타,기타,건조,맑음,주차장 - 주차장,승합,남,49세,상해없음,,,,
2021021100100136,2021년 2월 11일 13시,목요일,충청남도 서천군 마서면,경상사고,0,0,4,0,차대차 - 추돌,안전운전불이행,건조,맑음,교차로 - 교차로부근,승용,남,43세,상해없음,승용,여,46세,경상
2021021100100163,2021년 2월 11일 14시,목요일,충청남도 서산시 예천동,중상사고,0,4,0,0,차대차 - 측면충돌,불법유턴,건조,맑음,교차로 - 교차로부근,승용,남,58세,상해없음,승용,남,22세,중상
2021021100100185,2021년 2월 11일 15시,목요일,충청남도 아산시 온천동,경상사고,0,0,1,2,차대차 - 후진중충돌,안전운전불이행,건조,맑음,기타 - 기타,화물,남,74세,상해없음,승용,남,31세,경상
2021021100100243,2021년 2월 11일 18시,목요일,충청남도 아산시 방축동,경상사고,0,0,2,0,차대차 - 추돌,안전운전불이행,건조,맑음,기타 - 기타,승용,남,17세,기타불명,승용,남,43세,경상
2021021100100244,2021년 2월 11일 18시,목요일,충청남도 아산시 권곡동,경상사고,0,0,2,0,차대차 - 기타,직진우회전진행방해,건조,맑음,교차로 - 교차로안,승용,남,58세,경상,승용,남,56세,경상
2021021100100331,2021년 2월 11일 21시,목요일,충청남도 공주시 정안면,경상사고,0,0,1,0,차대차 - 추돌,안전운전불이행,건조,맑음,기타 - 기타,승용,남,50세,상해없음,특수,남,58세,경상
2021021100100351,2021년 2월 11일 22시,목요일,충청남도 아산시 염치읍,경상사고,0,0,3,0,차대차 - 기타,안전운전불이행,건조,흐림,단일로 - 기타,승용,남,41세,경상,승용,여,43세,경상
2021021200100022,2021년 2월 12일 05시,금요일,충청남도 천안시 동남구 목천읍,중상사고,0,1,0,0,차대차 - 측면충돌,안전운전불이행,건조,맑음,기타 - 기타,승용,남,42세,상해없음,승용,남,54세,상해없음
2021021200100030,2021년 2월 12일 07시,금요일,충청남도 아산시 용화동,경상사고,0,0,1,0,차대차 - 기타,안전운전불이행,건조,맑음,단일로 - 기타,승용,여,54세,상해없음,승용,남,56세,경상
2021021200100043,2021년 2월 12일 09시,금요일,충청남도 천안시 동남구 풍세면,경상사고,0,0,1,0,차대차 - 기타,신호위반,건조,맑음,교차로 - 교차로부근,승용,남,30세,상해없음,승용,남,30세,경상
2021021200100098,2021년 2월 12일 13시,금요일,충청남도 홍성군 홍성읍,경상사고,0,0,2,0,차대차 - 측면충돌,신호위반,건조,맑음,교차로 - 교차로안,승용,남,30세,기타불명,승용,여,43세,경상
2021021200100099,2021년 2월 12일 13시,금요일,충청남도 서천군 기산면,중상사고,0,1,0,0,차량단독 - 전도전복 - 전도,안전운전불이행,건조,맑음,단일로 - 기타,이륜,남,64세,중상,,,,
2021021200100119,2021년 2월 12일 14시,금요일,충청남도 예산군 예산읍,경상사고,0,0,1,0,차대사람 - 횡단중,안전운전불이행,건조,맑음,단일로 - 기타,자전거,남,34세,상해없음,보행자,여,69세,경상
2021021200100135,2021년 2월 12일 15시,금요일,충청남도 홍성군 갈산면,경상사고,0,0,3,0,차대차 - 추돌,안전운전불이행,건조,맑음,단일로 - 기타,승용,기타불명,미분류,기타불명,승용,남,41세,경상
2021021200100136,2021년 2월 12일 15시,금요일,충청남도 태안군 남면,중상사고,0,1,4,0,차대차 - 추돌,안전운전불이행,건조,맑음,단일로 - 기타,승용,남,49세,상해없음,승용,남,25세,경상
2021021200100156,2021년 2월 12일 16시,금요일,충청남도 천안시 서북구 불당동,경상사고,0,0,1,0,차대차 - 기타,안전운전불이행,건조,맑음,교차로 - 교차로부근,승용,남,71세,상해없음,승합,남,48세,상해없음
2021021200100157,2021년 2월 12일 16시,금요일,충청남도 천안시 서북구 직산읍,경상사고,0,0,4,0,차대차 - 기타,안전운전불이행,건조,기타,교차로 - 교차로안,승용,여,63세,경상,승용,여,32세,경상
2021021200100175,2021년 2월 12일 17시,금요일,충청남도 공주시 계룡면,경상사고,0,0,2,0,차대차 - 측면충돌,중앙선침범,건조,맑음,단일로 - 기타,승용,남,51세,상해없음,승용,남,70세,경상
2021021200100176,2021년 2월 12일 17시,금요일,충청남도 당진시 신평면,경상사고,0,0,1,0,차대차 - 기타,교차로운행방법위반,건조,맑음,교차로 - 교차로안,승용,남,52세,상해없음,승용,남,31세,경상
2021021200100221,2021년 2월 12일 19시,금요일,충청남도 논산시 연무읍,경상사고,0,0,1,0,차대차 - 추돌,안전운전불이행,건조,맑음,단일로 - 기타,화물,남,66세,상해없음,승용,남,22세,경상
2021021200100232,2021년 2월 12일 20시,금요일,충청남도 논산시 부적면,중상사고,0,1,0,0,차량단독 - 공작물충돌,안전운전불이행,건조,맑음,단일로 - 기타,화물,남,58세,상해없음,,,,
2021021200100275,2021년 2월 12일 22시,금요일,충청남도 보령시 신흑동,중상사고,0,1,0,0,차대차 - 기타,안전운전불이행,건조,맑음,기타 - 기타,승용,여,62세,상해없음,승용,남,36세,기타불명
2021021300100014,2021년 2월 13일 03시,토요일,충청남도 부여군 은산면,중상사고,0,1,5,0,차대차 - 정면충돌,중앙선침범,건조,맑음,단일로 - 기타,이륜,남,46세,중상,승용,여,43세,경상
2021021300100083,2021년 2월 13일 12시,토요일,충청남도 천안시 서북구 두정동,중상사고,0,1,0,0,차대차 - 기타,교차로운행방법위반,건조,맑음,교차로 - 교차로안,이륜,남,52세,상해없음,이륜,남,36세,중상
2021021300100112,2021년 2월 13일 13시,토요일,충청남도 예산군 예산읍,사망사고,1,0,0,0,차량단독 - 공작물충돌,안전운전불이행,건조,맑음,단일로 - 기타,이륜,남,68세,사망,,,,
2021021300100192,2021년 2월 13일 16시,토요일,충청남도 천안시 서북구 불당동,경상사고,0,0,1,0,차대차 - 추돌,직진우회전진행방해,건조,맑음,교차로 - 교차로안,승용,남,59세,기타불명,이륜,남,35세,경상
2021021300100252,2021년 2월 13일 18시,토요일,충청남도 공주시 신풍면,경상사고,0,0,1,1,차대차 - 기타,안전운전불이행,건조,맑음,단일로 - 기타,화물,남,59세,경상,승용,남,57세,부상신고
2021021300100253,2021년 2월 13일 18시,토요일,충청남도 예산군 신양면,경상사고,0,0,1,0,차량단독 - 공작물충돌,안전운전불이행,건조,맑음,단일로 - 기타,승용,남,49세,경상,,,,
2021021300100281,2021년 2월 13일 19시,토요일,충청남도 아산시 송악면,경상사고,0,0,1,2,차대차 - 기타,교차로운행방법위반,건조,맑음,단일로 - 기타,승용,남,59세,상해없음,승용,남,32세,경상
2021021300100282,2021년 2월 13일 19시,토요일,충청남도 천안시 서북구 성거읍,경상사고,0,0,3,0,차대차 - 측면충돌,안전거리미확보,건조,맑음,단일로 - 기타,화물,남,59세,상해없음,승용,남,31세,경상
2021021300100338,2021년 2월 13일 21시,토요일,충청남도 아산시 온천동,경상사고,0,0,2,0,차대차 - 측면충돌,안전운전불이행,건조,맑음,단일로 - 기타,승용,남,25세,상해없음,승용,여,36세,경상
2021021300100339,2021년 2월 13일 21시,토요일,충청남도 예산군 예산읍,경상사고,0,0,1,0,차대사람 - 차도통행중,안전운전불이행,건조,맑음,교차로 - 교차로안,화물,남,55세,상해없음,보행자,남,44세,경상
2021021300100340,2021년 2월 13일 21시,토요일,충청남도 예산군 삽교읍,경상사고,0,0,2,0,차대차 - 측면충돌,신호위반,건조,맑음,교차로 - 교차로안,화물,남,61세,상해없음,승용,남,35세,경상
2021021300100369,2021년 2월 13일 22시,토요일,충청남도 논산시 취암동,부상신고사고,0,0,0,1,차대차 - 측면충돌,안전운전불이행,건조,맑음,교차로 - 교차로횡단보도내,승용,남,66세,상해없음,이륜,남,16세,부상신고
2021021300100370,2021년 2월 13일 22시,토요일,충청남도 홍성군 홍성읍,경상사고,0,0,2,0,차대차 - 추돌,안전운전불이행,건조,맑음,교차로 - 교차로부근,승용,여,58세,상해없음,승용,남,40세,경상
2021021300100371,2021년 2월 13일 22시,토요일,충청남도 아산시 배방읍,경상사고,0,0,1,0,차대차 - 추돌,안전운전불이행,건조,맑음,교차로 - 교차로부근,화물,남,25세,상해없음,승용,여,44세,경상
2021021300100372,2021년 2월 13일 22시,토요일,충청남도 천안시 동남구 신방동,경상사고,0,0,1,0,차대차 - 기타,안전운전불이행,건조,맑음,단일로 - 기타,승용,남,22세,상해없음,이륜,남,54세,경상
2021021300100408,2021년 2월 13일 23시,토요일,충청남도 아산시 온천동,경상사고,0,0,1,0,차대차 - 측면충돌,안전운전불이행,건조,맑음,교차로 - 교차로안,승용,남,43세,상해없음,승용,여,62세,경상
2021021400100003,2021년 2월 14일 00시,일요일,충청남도 천안시 서북구 백석동,부상신고사고,0,0,0,1,차량단독 - 기타,안전운전불이행,건조,맑음,단일로 - 기타,개인형이동수단(PM),남,23세,부상신고,,,,
2021021400100018,2021년 2월 14일 06시,일요일,충청남도 아산시 음봉면,경상사고,0,0,1,0,차대차 - 측면충돌,기타,건조,맑음,단일로 - 기타,승용,남,37세,상해없음,승용,남,33세,경상
2021021400100054,2021년 2월 14일 11시,일요일,충청남도 천안시 동남구 신부동,경상사고,0,0,3,0,차대차 - 측면충돌,교차로운행방법위반,건조,맑음,교차로 - 교차로안,승용,남,51세,상해없음,승용,남,61세,경상
2021021400100066,2021년 2월 14일 12시,일요일,충청남도 당진시 읍내동,경상사고,0,0,2,0,차대차 - 측면충돌,신호위반,건조,흐림,단일로 - 기타,승용,여,44세,경상,승용,남,27세,경상
2021021400100067,2021년 2월 14일 12시,일요일,충청남도 태안군 안면읍,경상사고,0,0,1,0,차대차 - 기타,안전운전불이행,건조,맑음,단일로 - 기타,승용,여,42세,기타불명,승용,남,61세,상해없음
2021021400100090,2021년 2월 14일 13시,일요일,충청남도 아산시 배방읍,경상사고,0,0,2,0,차대차 - 기타,안전운전불이행,건조,맑음,교차로 - 교차로안,승용,남,28세,상해없음,승용,남,53세,경상
2021021400100110,2021년 2월 14일 14시,일요일,충청남도 아산시 송악면,중상사고,0,2,0,0,차대차 - 기타,안전운전불이행,건조,맑음,단일로 - 기타,승용,남,46세,상해없음,승용,남,69세,중상
2021021400100111,2021년 2월 14일 14시,일요일,충청남도 부여군 구룡면,경상사고,0,0,3,0,차대차 - 정면충돌,중앙선침범,건조,맑음,단일로 - 기타,승용,남,69세,상해없음,승용,남,49세,경상
2021021400100147,2021년 2월 14일 16시,일요일,충청남도 천안시 서북구 성거읍,중상사고,0,1,0,0,차대사람 - 기타,안전운전불이행,건조,맑음,교차로 - 교차로부근,승합,남,56세,상해없음,보행자,여,83세,중상
2021021400100148,2021년 2월 14일 16시,일요일,충청남도 논산시 연무읍,경상사고,0,0,1,0,차량단독 - 전도전복 - 전도,기타,건조,흐림,단일로 - 기타,이륜,남,61세,경상,,,,
2021021400100170,2021년 2월 14일 17시,일요일,충청남도 서산시 예천동,부상신고사고,0,0,0,1,차량단독 - 공작물충돌,안전운전불이행,건조,맑음,단일로 - 기타,승용,남,59세,부상신고,,,,