사고번호,사고일시,요일,시군구,사고내용,사망자수,중상자수,경상자수,부상신고자수,사고유형,법규위반,노면상태,기상상태,도로형태,가해운전자 차종,가해운전자 성별,가해운전자 연령,가해운전자 상해정도,피해운전자 차종,피해운전자 성별,피해운전자 연령,피해운전자 상해정도
2021022000100115,2021년 2월 20일 10시,토요일,충청남도 예산군 대흥면,경상사고,0,0,1,0,차량단독 - 공작물충돌,안전운전불이행,건조,맑음,기타 - 기타,승용,남,55세,경상,,,,
2021022000100116,2021년 2월 20일 10시,토요일,충청남도 천안시 동남구 봉명동,경상사고,0,0,1,0,차대사람 - 기타,안전운전불이행,건조,맑음,교차로 - 교차로안,승용,여,45세,상해없음,보행자,남,74세,경상
2021022000100146,2021년 2월 20일 11시,토요일,충청남도 천안시 서북구 불당동,경상사고,0,0,1,0,차대차 - 측면충돌,안전거리미확보,건조,맑음,단일로 - 기타,화물,남,59세,상해없음,이륜,남,37세,경상
2021022000100184,2021년 2월 20일 12시,토요일,충청남도 예산군 예산읍,중상사고,0,2,0,0,차대차 - 추돌,기타,건조,맑음,교차로 - 교차로부근,화물,여,18세,상해없음,화물,여,29세,중상
2021022000100256,2021년 2월 20일 14시,토요일,충청남도 아산시 배방읍,경상사고,0,0,4,0,차대차 - 기타,안전운전불이행,건조,맑음,교차로 - 교차로부근,화물,남,63세,상해없음,승용,여,63세,경상
2021022000100289,2021년 2월 20일 15시,토요일,충청남도 천안시 서북구 직산읍,중상사고,0,1,1,0,차대차 - 측면충돌,신호위반,건조,맑음,교차로 - 교차로안,건설기계,남,54세,경상,승용,남,72세,중상
2021022000100362,2021년 2월 20일 17시,토요일,충청남도 아산시 장존동,중상사고,0,1,3,0,차대차 - 기타,신호위반,건조,맑음,교차로 - 교차로안,승용,남,59세,경상,승용,여,65세,경상
2021022000100363,2021년 2월 20일 17시,토요일,충청남도 아산시 인주면,경상사고,0,0,1,0,차대차 - 측면충돌,안전운전불이행,건조,맑음,기타 - 기타,승용,여,46세,상해없음,승용,여,34세,경상
2021022000100364,2021년 2월 20일 17시,토요일,충청남도 천안시 동남구 영성동,경상사고,0,0,3,0,차대차 - 기타,안전운전불이행,건조,맑음,단일로 - 기타,승용,남,65세,상해없음,승합,남,49세,상해없음
2021022000100402,2021년 2월 20일 18시,토요일,충청남도 천안시 서북구 두정동,중상사고,0,1,0,0,차대사람 - 횡단중,보행자보호의무위반,건조,맑음,교차로 - 교차로안,화물,남,58세,상해없음,보행자,남,51세,중상
2021022000100403,2021년 2월 20일 18시,토요일,충청남도 천안시 서북구 두정동,부상신고사고,0,0,0,1,차대차 - 후진중충돌,안전운전불이행,건조,맑음,단일로 - 기타,승용,남,27세,상해없음,이륜,남,27세,부상신고
2021022000100485,2021년 2월 20일 21시,토요일,충청남도 서산시 동문동,중상사고,0,1,0,0,차대사람 - 횡단중,보행자보호의무위반,건조,맑음,교차로 - 교차로안,승용,여,47세,상해없음,보행자,여,34세,중상
2021022000100486,2021년 2월 20일 21시,토요일,충청남도 천안시 서북구 성성동,경상사고,0,0,1,0,차량단독 - 공작물충돌,안전운전불이행,건조,맑음,단일로 - 기타,승용,남,26세,경상,,,,
2021022000100487,2021년 2월 20일 21시,토요일,충청남도 아산시 탕정면,중상사고,0,1,3,0,차대차 - 추돌,안전운전불이행,건조,맑음,교차로 - 교차로부근,승합,남,38세,상해없음,승용,남,40세,경상
2021022100100014,2021년 2월 21일 01시,일요일,충청남도 천안시 동남구 신방동,경상사고,0,0,2,0,차대차 - 측면충돌,안전운전불이행,건조,맑음,단일로 - 기타,승용,남,37세,상해없음,승용,남,40세,경상
2021022100100025,2021년 2월 21일 03시,일요일,충청남도 아산시 신창면,경상사고,0,0,1,0,차대사람 - 횡단중,안전운전불이행,건조,맑음,단일로 - 기타,기타불명,기타불명,미분류,기타불명,보행자,남,49세,경상
2021022100100045,2021년 2월 21일 07시,일요일,충청남도 천안시 서북구 성정동,경상사고,0,0,1,0,차대차 - 측면충돌,안전운전불이행,건조,맑음,기타 - 기타,승용,남,52세,상해없음,이륜,남,33세,경상
2021022100100049,2021년 2월 21일 08시,일요일,충청남도 태안군 태안읍,중상사고,0,1,0,0,차대사람 - 기타,안전운전불이행,건조,맑음,단일로 - 기타,승합,남,45세,상해없음,보행자,여,67세,중상
2021022100100063,2021년 2월 21일 09시,일요일,충청남도 천안시 서북구 성환읍,경상사고,0,0,1,0,차대사람 - 기타,안전운전불이행,건조,맑음,단일로 - 기타,승용,남,53세,상해없음,보행자,여,72세,경상
2021022100100097,2021년 2월 21일 11시,일요일,충청남도 천안시 서북구 불당동,경상사고,0,0,1,0,차대차 - 기타,교차로운행방법위반,건조,맑음,교차로 - 교차로안,승용,남,59세,상해없음,이륜,남,39세,경상
2021022100100098,2021년 2월 21일 11시,일요일,충청남도 공주시 정안면,경상사고,0,0,2,0,차대차 - 추돌,안전운전불이행,건조,맑음,단일로 - 기타,승용,남,36세,상해없음,화물,남,64세,경상
2021022100100119,2021년 2월 21일 12시,일요일,충청남도 서산시 해미면,경상사고,0,0,1,0,차대사람 - 기타,중앙선침범,건조,맑음,단일로 - 기타,승용,여,49세,상해없음,보행자,남,48세,경상
2021022100100140,2021년 2월 21일 13시,일요일,충청남도 서산시 예천동,경상사고,0,0,1,0,차대차 - 측면충돌,불법유턴,건조,맑음,단일로 - 기타,승용,남,40세,상해없음,이륜,남,18세,경상
2021022100100141,2021년 2월 21일 13시,일요일,충청남도 천안시 동남구 청당동,경상사고,0,0,2,0,차대차 - 측면충돌,안전거리미확보,건조,맑음,단일로 - 기타,승용,남,81세,상해없음,승용,여,40세,경상
2021022100100142,2021년 2월 21일 13시,일요일,충청남도 천안시 동남구 청당동,경상사고,0,0,2,1,차대차 - 측면충돌,안전거리미확보,건조,맑음,단일로 - 기타,승용,여,32세,상해없음,승용,남,23세,경상
2021022100100203,2021년 2월 21일 15시,일요일,충청남도 서산시 해미면,경상사고,0,0,2,0,차대차 - 추돌,안전운전불이행,건조,맑음,단일로 - 기타,승용,남,51세,상해없음,승용,남,48세,경상
2021022100100243,2021년 2월 21일 16시,일요일,충청남도 공주시 웅진동,중상사고,0,1,1,0,차대차 - 측면충돌,신호위반,건조,맑음,교차로 - 교차로부근,승용,여,66세,중상,승용,여,24세,경상
2021022100100304,2021년 2월 21일 18시,일요일,충청남도 아산시 인주면,경상사고,0,0,5,0,차대차 - 정면충돌,교차로운행방법위반,건조,맑음,교차로 - 교차로안,승용,남,71세,경상,승용,남,19세,경상
2021022100100305,2021년 2월 21일 18시,일요일,충청남도 천안시 동남구 신부동,경상사고,0,0,2,0,차대차 - 측면충돌,안전운전불이행,건조,맑음,교차로 - 교차로부근,화물,남,56세,상해없음,승용,남,34세,경상
2021022100100353,2021년 2월 21일 20시,일요일,충청남도 천안시 동남구 유량동,경상사고,0,0,1,1,차대차 - 정면충돌,직진우회전진행방해,건조,맑음,교차로 - 교차로안,승용,여,40세,부상신고,승용,남,54세,경상
2021022100100370,2021년 2월 21일 21시,일요일,충청남도 천안시 서북구 성정동,경상사고,0,0,1,0,차대차 - 추돌,안전운전불이행,건조,맑음,단일로 - 기타,승용,여,28세,상해없음,승용,남,29세,경상
2021022200100014,2021년 2월 22일 03시,월요일,충청남도 아산시 배방읍,사망사고,2,0,2,0,차량단독 - 공작물충돌,안전운전불이행,건조,맑음,단일로 - 기타,승용,남,18세,사망,,,,
2021022200100029,2021년 2월 22일 06시,월요일,충청남도 아산시 염치읍,중상사고,0,1,0,0,차대차 - 측면충돌,차로위반,건조,맑음,단일로 - 기타,화물,남,56세,상해없음,화물,남,50세,중상
2021022200100158,2021년 2월 22일 10시,월요일,충청남도 당진시 읍내동,중상사고,0,1,0,0,차대사람 - 보도통행중,보행자보호의무위반,건조,맑음,단일로 - 기타,승합,여,43세,상해없음,보행자,남,80세,중상
2021022200100159,2021년 2월 22일 10시,월요일,충청남도 천안시 동남구 신부동,경상사고,0,0,1,0,차대차 - 추돌,안전거리미확보,건조,맑음,교차로 - 교차로부근,승용,남,56세,상해없음,승용,여,28세,경상
2021022200100194,2021년 2월 22일 11시,월요일,충청남도 천안시 서북구 백석동,경상사고,0,0,1,0,차대사람 - 기타,안전운전불이행,건조,맑음,주차장 - 주차장,승용,남,45세,상해없음,보행자,남,23세,경상
2021022200100195,2021년 2월 22일 11시,월요일,충청남도 아산시 온천동,경상사고,0,0,1,0,차대차 - 정면충돌,교차로운행방법위반,건조,맑음,교차로 - 교차로안,승용,남,65세,상해없음,승용,남,64세,상해없음
2021022200100196,2021년 2월 22일 11시,월요일,충청남도 부여군 부여읍,중상사고,0,1,0,0,차대차 - 기타,안전운전불이행,건조,맑음,단일로 - 기타,화물,남,55세,상해없음,원동기,남,65세,중상
2021022200100251,2021년 2월 22일 13시,월요일,충청남도 홍성군 홍북읍,경상사고,0,0,2,0,차대차 - 추돌,안전운전불이행,건조,맑음,기타 - 기타,승용,여,64세,상해없음,승용,남,45세,경상
2021022200100252,2021년 2월 22일 13시,월요일,충청남도 홍성군 홍성읍,경상사고,0,0,2,0,차대차 - 측면충돌,안전거리미확보,건조,맑음,교차로 - 교차로안,승용,남,74세,상해없음,승용,여,27세,경상
2021022200100253,2021년 2월 22일 13시,월요일,충청남도 예산군 오가면,중상사고,0,1,1,0,차대차 - 정면충돌,신호위반,건조,맑음,교차로 - 교차로안,화물,남,45세,경상,화물,남,42세,중상
2021022200100285,2021년 2월 22일 14시,월요일,충청남도 천안시 서북구 두정동,경상사고,0,0,1,0,차대차 - 정면충돌,교차로운행방법위반,건조,맑음,교차로 - 교차로안,승용,여,39세,경상,승용,여,50세,상해없음
2021022200100286,2021년 2월 22일 14시,월요일,충청남도 보령시 죽정동,중상사고,0,1,0,0,차대사람 - 기타,안전운전불이행,건조,맑음,주차장 - 주차장,화물,남,69세,상해없음,보행자,여,39세,중상
2021022200100325,2021년 2월 22일 15시,월요일,충청남도 천안시 서북구 쌍용동,경상사고,0,0,1,0,차대차 - 측면충돌,직진우회전진행방해,건조,맑음,교차로 - 교차로안,승용,남,67세,상해없음,승용,남,64세,경상
2021022200100373,2021년 2월 22일 16시,월요일,충청남도 서산시 인지면,중상사고,0,1,0,0,차대차 - 측면충돌,신호위반,건조,맑음,교차로 - 교차로안,승용,여,60세,상해없음,승용,여,40세,중상
2021022200100374,2021년 2월 22일 16시,월요일,충청남도 천안시 서북구 백석동,중상사고,0,1,2,0,차대차 - 측면충돌,안전운전불이행,건조,맑음,교차로 - 교차로안,승용,여,49세,중상,승용,남,39세,경상
2021022200100442,2021년 2월 22일 18시,월요일,충청남도 아산시 배방읍,경상사고,0,0,1,0,차대차 - 기타,신호위반,건조,맑음,교차로 - 교차로안,승용,남,76세,상해없음,이륜,남,18세,경상
2021022200100443,2021년 2월 22일 18시,월요일,충청남도 보령시 대천동,중상사고,0,1,0,0,차대차 - 기타,안전운전불이행,건조,맑음,교차로 - 교차로부근,승용,남,59세,상해없음,이륜,남,80세,중상
2021022200100481,2021년 2월 22일 19시,월요일,충청남도 홍성군 홍성읍,중상사고,0,1,0,0,차대차 - 추돌,안전운전불이행,건조,맑음,단일로 - 기타,승용,남,52세,상해없음,이륜,남,70세,중상
2021022200100482,2021년 2월 22일 19시,월요일,충청남도 아산시 용화동,경상사고,0,0,1,0,차대차 - 측면충돌,안전운전불이행,건조,맑음,교차로 - 교차로안,승용,남,62세,상해없음,승용,남,62세,경상
2021022200100536,2021년 2월 22일 21시,월요일,충청남도 천안시 서북구 성환읍,중상사고,0,1,0,0,차대사람 - 횡단중,보행자보호의무위반,건조,맑음,교차로 - 교차로부근,승용,여,56세,상해없음,보행자,여,20세,중상
2021022200100537,2021년 2월 22일 21시,월요일,충청남도 아산시 온천동,경상사고,0,0,1,0,차대차 - 기타,신호위반,건조,맑음,단일로 - 기타,승용,남,48세,상해없음,승용,남,34세,경상
2021022300100023,2021년 2월 23일 04시,화요일,충청남도 서산시 성연면,경상사고,0,0,1,0,차대차 - 정면충돌,신호위반,건조,맑음,교차로 - 교차로안,승용,남,54세,상해없음,승용,남,40세,경상
2021022300100080,2021년 2월 23일 08시,화요일,충청남도 서천군 장항읍,경상사고,0,0,2,0,차대차 - 측면충돌,안전운전불이행,건조,맑음,교차로 - 교차로안,승용,여,47세,경상,화물,남,41세,경상
2021022300100114,2021년 2월 23일 09시,화요일,충청남도 천안시 동남구 성남면,중상사고,0,1,0,0,차대차 - 추돌,안전운전불이행,건조,맑음,단일로 - 기타,이륜,남,44세,중상,특수,남,61세,상해없음
2021022300100135,2021년 2월 23일 10시,화요일,충청남도 서천군 장항읍,사망사고,1,1,1,0,차대차 - 측면충돌,안전거리미확보,건조,맑음,단일로 - 기타,화물,남,64세,사망,화물,남,73세,경상
2021022300100136,2021년 2월 23일 10시,화요일,충청남도 부여군 규암면,사망사고,1,0,0,0,차대사람 - 기타,안전운전불이행,건조,맑음,단일로 - 기타,승용,남,27세,상해없음,보행자,남,79세,사망
2021022300100191,2021년 2월 23일 12시,화요일,충청남도 천안시 서북구 성환읍,경상사고,0,0,1,0,차대차 - 측면충돌,신호위반,건조,맑음,교차로 - 교차로안,화물,남,62세,상해없음,승용,남,26세,경상
2021022300100192,2021년 2월 23일 12시,화요일,충청남도 아산시 도고면,경상사고,0,0,3,0,차대차 - 정면충돌,중앙선침범,건조,맑음,단일로 - 교량,승용,남,35세,상해없음,승용,남,52세,경상
2021022300100221,2021년 2월 23일 13시,화요일,충청남도 아산시 온천동,경상사고,0,0,1,1,차대차 - 기타,안전운전불이행,건조,맑음,단일로 - 기타,승용,여,52세,부상신고,이륜,남,58세,경상
2021022300100261,2021년 2월 23일 14시,화요일,충청남도 금산군 군북면,경상사고,0,0,1,0,차대차 - 측면충돌,신호위반,건조,맑음,교차로 - 교차로안,화물,남,42세,상해없음,화물,남,69세,경상
2021022300100306,2021년 2월 23일 15시,화요일,충청남도 서산시 동문동,중상사고,0,1,0,0,차대사람 - 횡단중,보행자보호의무위반,건조,맑음,단일로 - 기타,승용,여,59세,상해없음,보행자,여,45세,중상
2021022300100307,2021년 2월 23일 15시,화요일,충청남도 당진시 대덕동,경상사고,0,0,1,0,차대차 - 측면충돌,신호위반,건조,맑음,교차로 - 교차로안,승용,여,59세,상해없음,화물,남,18세,경상
2021022300100308,2021년 2월 23일 15시,화요일,충청남도 천안시 동남구 신방동,경상사고,0,0,1,0,차대사람 - 기타,안전운전불이행,건조,맑음,단일로 - 기타,승용,남,37세,상해없음,보행자,남,56세,경상
2021022300100346,2021년 2월 23일 16시,화요일,충청남도 천안시 동남구 신부동,경상사고,0,0,1,0,차대차 - 측면충돌,직진우회전진행방해,건조,맑음,교차로 - 교차로안,승용,남,22세,상해없음,승용,여,33세,경상
2021022300100519,2021년 2월 23일 21시,화요일,충청남도 서산시 동문동,중상사고,0,1,0,0,차대차 - 정면충돌,중앙선침범,건조,맑음,단일로 - 기타,승용,남,23세,상해없음,승용,남,29세,중상
2021022300100520,2021년 2월 23일 21시,화요일,충청남도 아산시 배방읍,경상사고,0,0,2,0,차대차 - 기타,신호위반,건조,맑음,교차로 - 교차로안,승합,여,58세,상해없음,화물,남,32세,상해없음
2021022300100521,2021년 2월 23일 21시,화요일,충청남도 공주시 반포면,경상사고,0,0,2,0,차대차 - 추돌,신호위반,건조,맑음,교차로 - 교차로안,승용,남,25세,경상,승용,남,52세,경상
2021022300100522,2021년 2월 23일 21시,화요일,충청남도 당진시 신평면,경상사고,0,0,1,0,차대차 - 추돌,안전운전불이행,건조,맑음,단일로 - 기타,승용,남,22세,상해없음,승용,남,31세,경상
2021022300100561,2021년 2월 23일 23시,화요일,충청남도 태안군 태안읍,중상사고,0,2,0,0,차대차 - 추돌,안전운전불이행,건조,맑음,교차로 - 교차로부근,승용,남,26세,상해없음,승합,남,51세,중상
2021022400100045,2021년 2월 24일 07시,수요일,충청남도 아산시 탕정면,중상사고,0,1,0,0,차대차 - 측면충돌,신호위반,건조,맑음,교차로 - 교차로안,승용,남,39세,상해없음,승용,남,63세,중상
2021022400100091,2021년 2월 24일 09시,수요일,충청남도 홍성군 홍성읍,경상사고,0,0,1,0,차대차 - 정면충돌,안전운전불이행,건조,맑음,교차로 - 교차로안,승용,여,70세,상해없음,승용,남,35세,경상
2021022400100092,2021년 2월 24일 09시,수요일,충청남도 공주시 우성면,중상사고,0,1,0,0,차량단독 - 공작물충돌,안전운전불이행,건조,맑음,단일로 - 기타,승용,남,79세,기타불명,,,,
2021022400100093,2021년 2월 24일 09시,수요일,충청남도 부여군 옥산면,경상사고,0,0,1,0,차대차 - 측면충돌,중앙선침범,건조,맑음,단일로 - 기타,승용,여,63세,상해없음,화물,남,56세,경상
2021022400100094,2021년 2월 24일 09시,수요일,충청남도 당진시 신평면,사망사고,1,1,0,0,차량단독 - 공작물충돌,안전운전불이행,건조,맑음,단일로 - 기타,승용,남,83세,사망,,,,
2021022400100119,2021년 2월 24일 10시,수요일,충청남도 태안군 안면읍,경상사고,0,0,3,0,차대차 - 추돌,직진우회전진행방해,건조,맑음,교차로 - 교차로안,승용,여,65세,경상,승용,남,33세,경상
2021022400100138,2021년 2월 24일 11시,수요일,충청남도 홍성군 홍성읍,경상사고,0,0,1,0,차대차 - 기타,안전운전불이행,건조,맑음,교차로 - 교차로안,승용,남,25세,상해없음,이륜,남,31세,경상
2021022400100169,2021년 2월 24일 12시,수요일,충청남도 아산시 초사동,사망사고,1,0,0,0,차량단독 - 공작물충돌,기타,건조,맑음,교차로 - 교차로부근,승용,남,75세,사망,,,,
2021022400100194,2021년 2월 24일 13시,수요일,충청남도 천안시 동남구 청수동,경상사고,0,0,1,0,차대차 - 기타,안전운전불이행,건조,맑음,교차로 - 교차로부근,승용,여,62세,상해없음,승용,여,35세,경상
2021022400100233,2021년 2월 24일 14시,수요일,충청남도 서천군 장항읍,경상사고,0,0,1,0,차대사람 - 기타,안전운전불이행,건조,맑음,교차로 - 교차로부근,승용,남,50세,상해없음,보행자,여,76세,경상
2021022400100267,2021년 2월 24일 15시,수요일,충청남도 청양군 정산면,경상사고,0,0,1,0,차량단독 - 공작물충돌,안전운전불이행,건조,맑음,기타 - 기타,화물,남,72세,경상,,,,
2021022400100366,2021년 2월 24일 18시,수요일,충청남도 천안시 서북구 성거읍,경상사고,0,0,1,0,차대차 - 추돌,안전운전불이행,건조,맑음,단일로 - 기타,승용,남,55세,상해없음,승용,남,46세,경상
2021022400100367,2021년 2월 24일 18시,수요일,충청남도 천안시 동남구 신부동,중상사고,0,1,0,0,차대사람 - 횡단중,보행자보호의무위반,건조,맑음,단일로 - 기타,기타불명,기타불명,미분류,기타불명,보행자,여,24세,중상
2021022400100368,2021년 2월 24일 18시,수요일,충청남도 천안시 동남구 목천읍,중상사고,0,1,0,0,차대차 - 추돌,안전운전불이행,건조,맑음,단일로 - 기타,승용,여,53세,상해없음,화물,남,65세,중상
2021022400100369,2021년 2월 24일 18시,수요일,충청남도 천안시 동남구 신방동,경상사고,0,0,1,0,차대차 - 측면충돌,교차로운행방법위반,건조,맑음,교차로 - 교차로안,승용,남,26세,상해없음,이륜,남,46세,경상
2021022400100412,2021년 2월 24일 19시,수요일,충청남도 서산시 동문동,경상사고,0,0,2,0,차대차 - 측면충돌,중앙선침범,건조,맑음,단일로 - 기타,승용,남,58세,경상,승합,여,51세,경상
2021022400100413,2021년 2월 24일 19시,수요일,충청남도 보령시 천북면,중상사고,0,1,0,0,차대사람 - 기타,안전운전불이행,건조,맑음,단일로 - 기타,승용,여,54세,상해없음,보행자,여,80세,중상
2021022400100414,2021년 2월 24일 19시,수요일,충청남도 금산군 금산읍,경상사고,0,0,1,0,차대사람 - 횡단중,보행자보호의무위반,건조,맑음,교차로 - 교차로횡단보도내,승용,남,56세,상해없음,보행자,여,58세,경상
2021022400100415,2021년 2월 24일 19시,수요일,충청남도 천안시 동남구 봉명동,부상신고사고,0,0,0,1,차대차 - 추돌,안전운전불이행,건조,맑음,단일로 - 기타,승용,남,59세,상해없음,승용,남,54세,부상신고
2021022400100416,2021년 2월 24일 19시,수요일,충청남도 천안시 동남구 신부동,경상사고,0,0,1,0,차대차 - 기타,차로위반,건조,맑음,단일로 - 기타,승용,여,57세,상해없음,승용,남,28세,경상
2021022400100467,2021년 2월 24일 21시,수요일,충청남도 천안시 서북구 백석동,중상사고,0,1,0,0,차대차 - 기타,교차로운행방법위반,건조,맑음,교차로 - 교차로안,승용,여,25세,상해없음,이륜,남,42세,중상
2021022500100008,2021년 2월 25일 00시,목요일,충청남도 논산시 채운면,사망사고,1,0,2,0,차대차 - 추돌,안전운전불이행,건조,맑음,단일로 - 기타,화물,남,60세,경상,화물,남,66세,경상
2021022500100018,2021년 2월 25일 01시,목요일,충청남도 당진시 석문면,경상사고,0,0,1,0,차대사람 - 횡단중,안전운전불이행,건조,맑음,단일로 - 기타,승용,남,59세,상해없음,보행자,남,28세,경상
2021022500100049,2021년 2월 25일 06시,목요일,충청남도 예산군 삽교읍,중상사고,0,1,0,0,차대차 - 측면충돌,신호위반,건조,맑음,교차로 - 교차로안,승용,여,57세,기타불명,승용,남,63세,중상
2021022500100135,2021년 2월 25일 11시,목요일,충청남도 당진시 원당동,경상사고,0,0,1,0,차대차 - 정면충돌,신호위반,건조,맑음,교차로 - 교차로안,승용,남,23세,상해없음,승용,여,53세,경상
2021022500100186,2021년 2월 25일 13시,목요일,충청남도 서산시 갈산동,부상신고사고,0,0,0,1,차대차 - 측면충돌,교차로운행방법위반,건조,맑음,단일로 - 기타,승용,여,64세,상해없음,승합,남,54세,부상신고
2021022500100187,2021년 2월 25일 13시,목요일,충청남도 천안시 서북구 성정동,중상사고,0,1,0,0,차대차 - 측면충돌,직진우회전진행방해,건조,맑음,교차로 - 교차로안,승용,여,42세,상해없음,이륜,남,63세,중상
2021022500100218,2021년 2월 25일 14시,목요일,충청남도 보령시 주포면,경상사고,0,0,3,0,차대차 - 기타,안전운전불이행,건조,맑음,교차로 - 교차로안,승용,여,29세,상해없음,승용,남,40세,경상
2021022500100250,2021년 2월 25일 15시,목요일,충청남도 서천군 서천읍,경상사고,0,0,1,0,차대차 - 측면충돌,직진우회전진행방해,건조,흐림,교차로 - 교차로안,이륜,남,77세,경상,승용,여,53세,상해없음
2021022500100251,2021년 2월 25일 15시,목요일,충청남도 천안시 동남구 구성동,경상사고,0,0,1,0,차대사람 - 횡단중,보행자보호의무위반,건조,맑음,기타 - 기타,승용,여,62세,상해없음,보행자,남,56세,경상
2021022500100286,2021년 2월 25일 16시,목요일,충청남도 천안시 서북구 성거읍,경상사고,0,0,1,0,차량단독 - 기타,안전운전불이행,건조,맑음,교차로 - 교차로부근,승합,남,42세,상해없음,,,,
2021022500100317,2021년 2월 25일 17시,목요일,충청남도 홍성군 광천읍,중상사고,0,1,0,0,차대차 - 측면충돌,중앙선침범,젖음/습기,흐림,단일로 - 기타,화물,남,58세,상해없음,이륜,남,19세,중상
2021022500100318,2021년 2월 25일 17시,목요일,충청남도 부여군 부여읍,중상사고,0,1,0,0,차대사람 - 횡단중,보행자보호의무위반,젖음/습기,비,단일로 - 기타,승용,남,65세,상해없음,보행자,남,69세,중상
2021022500100361,2021년 2월 25일 18시,목요일,충청남도 천안시 서북구 성거읍,경상사고,0,0,1,0,차대차 - 기타,교차로운행방법위반,건조,맑음,교차로 - 교차로안,승용,여,27세,상해없음,승용,여,59세,경상
2021022500100445,2021년 2월 25일 20시,목요일,충청남도 천안시 서북구 두정동,경상사고,0,0,1,0,차대차 - 기타,안전운전불이행,건조,맑음,교차로 - 교차로안,승용,남,47세,상해없음,승용,남,26세,경상
2021022500100505,2021년 2월 25일 22시,목요일,충청남도 천안시 서북구 성정동,경상사고,0,0,1,0,차대사람 - 기타,안전운전불이행,건조,맑음,단일로 - 기타,화물,남,44세,상해없음,보행자,여,31세,경상
2021022600100046,2021년 2월 26일 06시,금요일,충청남도 당진시 송악읍,경상사고,0,0,1,0,차대차 - 추돌,교차로운행방법위반,건조,맑음,교차로 - 교차로부근,화물,남,62세,상해없음,건설기계,남,48세,경상
2021022600100047,2021년 2월 26일 06시,금요일,충청남도 금산군 금산읍,중상사고,0,1,0,0,차대사람 - 기타,안전운전불이행,젖음/습기,흐림,교차로 - 교차로안,승용,남,49세,상해없음,보행자,여,49세,중상
2021022600100083,2021년 2월 26일 08시,금요일,충청남도 천안시 서북구 입장면,경상사고,0,0,1,0,차대차 - 측면충돌,중앙선침범,건조,맑음,교차로 - 교차로부근,승용,남,50세,상해없음,승용,남,56세,경상
2021022600100139,2021년 2월 26일 10시,금요일,충청남도 부여군 부여읍,중상사고,0,1,0,0,차대사람 - 차도통행중,안전운전불이행,건조,맑음,교차로 - 교차로부근,승용,남,72세,상해없음,보행자,남,83세,중상
2021022600100169,2021년 2월 26일 11시,금요일,충청남도 홍성군 홍성읍,중상사고,0,1,0,0,차대차 - 추돌,안전운전불이행,건조,맑음,단일로 - 기타,승용,여,38세,상해없음,승용,남,73세,중상
2021022600100170,2021년 2월 26일 11시,금요일,충청남도 공주시 신관동,경상사고,0,0,1,0,차대차 - 기타,교차로운행방법위반,건조,맑음,교차로 - 교차로안,승용,남,64세,상해없음,이륜,남,23세,경상
2021022600100171,2021년 2월 26일 11시,금요일,충청남도 천안시 동남구 신부동,경상사고,0,0,1,0,차대차 - 기타,불법유턴,건조,맑음,교차로 - 교차로부근,자전거,남,53세,경상,승용,남,57세,상해없음
2021022600100206,2021년 2월 26일 12시,금요일,충청남도 보령시 죽정동,중상사고,0,1,0,0,차대사람 - 횡단중,보행자보호의무위반,건조,맑음,교차로 - 교차로부근,승용,남,74세,상해없음,보행자,여,65세,중상
2021022600100247,2021년 2월 26일 13시,금요일,충청남도 서산시 석림동,중상사고,0,1,2,0,차대차 - 측면충돌,신호위반,건조,맑음,교차로 - 교차로안,화물,남,77세,상해없음,승합,남,57세,중상
2021022600100319,2021년 2월 26일 15시,금요일,충청남도 논산시 내동,중상사고,0,1,0,0,차대차 - 기타,안전운전불이행,건조,맑음,교차로 - 교차로부근,승용,남,28세,상해없음,이륜,남,49세,중상
2021022600100320,2021년 2월 26일 15시,금요일,충청남도 천안시 동남구 신부동,경상사고,0,0,2,0,차대차 - 추돌,안전거리미확보,건조,맑음,교차로 - 교차로부근,승용,남,58세,상해없음,승용,남,54세,경상
2021022600100391,2021년 2월 26일 17시,금요일,충청남도 천안시 동남구 신방동,중상사고,0,2,0,0,차대차 - 측면충돌,직진우회전진행방해,건조,맑음,교차로 - 교차로안,승용,여,49세,상해없음,이륜,남,17세,중상
2021022600100392,2021년 2월 26일 17시,금요일,충청남도 논산시 벌곡면,중상사고,0,1,1,0,차대차 - 측면충돌,안전거리미확보,건조,맑음,단일로 - 기타,승용,남,28세,상해없음,승용,여,47세,중상
2021022600100433,2021년 2월 26일 18시,금요일,충청남도 천안시 서북구 쌍용동,중상사고,0,1,0,0,차대차 - 정면충돌,안전운전불이행,건조,맑음,교차로 - 교차로안,승용,여,50세,기타불명,이륜,남,44세,중상
2021022600100434,2021년 2월 26일 18시,금요일,충청남도 천안시 서북구 불당동,경상사고,0,0,1,1,차대차 - 측면충돌,안전운전불이행,건조,맑음,교차로 - 교차로안,승용,여,42세,부상신고,이륜,남,32세,경상
2021022600100435,2021년 2월 26일 18시,금요일,충청남도 논산시 연무읍,중상사고,0,1,0,0,차대차 - 기타,안전운전불이행,건조,맑음,단일로 - 기타,승용,남,29세,상해없음,승용,남,62세,중상
2021022600100531,2021년 2월 26일 20시,금요일,충청남도 보령시 주산면,경상사고,0,0,1,0,차대차 - 측면충돌,안전운전불이행,건조,맑음,단일로 - 기타,화물,남,58세,경상,화물,남,56세,상해없음