사고번호,사고일시,요일,시군구,사고내용,사망자수,중상자수,경상자수,부상신고자수,사고유형,법규위반,노면상태,기상상태,도로형태,가해운전자 차종,가해운전자 성별,가해운전자 연령,가해운전자 상해정도,피해운전자 차종,피해운전자 성별,피해운전자 연령,피해운전자 상해정도
2021022700100010,2021년 2월 27일 01시,토요일,충청남도 천안시 서북구 백석동,경상사고,0,0,1,0,차량단독 - 공작물충돌,안전운전불이행,건조,흐림,단일로 - 기타,승용,남,25세,상해없음,,,,
2021022700100013,2021년 2월 27일 02시,토요일,충청남도 천안시 서북구 성정동,경상사고,0,0,2,0,차대차 - 추돌,안전운전불이행,건조,맑음,교차로 - 교차로안,승용,남,38세,상해없음,승용,남,66세,경상
2021022700100083,2021년 2월 27일 09시,토요일,충청남도 아산시 배방읍,경상사고,0,0,1,1,차대차 - 측면충돌,차로위반,건조,맑음,단일로 - 기타,승용,여,50세,부상신고,건설기계,남,61세,경상
2021022700100104,2021년 2월 27일 10시,토요일,충청남도 논산시 연무읍,경상사고,0,0,1,0,차대차 - 측면충돌,안전운전불이행,건조,맑음,단일로 - 기타,이륜,남,78세,경상,화물,남,63세,기타불명
2021022700100105,2021년 2월 27일 10시,토요일,충청남도 천안시 동남구 신방동,경상사고,0,0,1,0,차대차 - 기타,기타,건조,맑음,단일로 - 기타,승용,남,58세,상해없음,이륜,남,40세,경상
2021022700100135,2021년 2월 27일 11시,토요일,충청남도 당진시 읍내동,경상사고,0,0,1,0,차대차 - 추돌,안전운전불이행,건조,맑음,교차로 - 교차로안,승용,남,37세,상해없음,승용,여,46세,경상
2021022700100166,2021년 2월 27일 12시,토요일,충청남도 공주시 유구읍,중상사고,0,1,0,0,차량단독 - 전도전복 - 전도,안전운전불이행,건조,맑음,단일로 - 기타,자전거,남,52세,중상,,,,
2021022700100167,2021년 2월 27일 12시,토요일,충청남도 천안시 동남구 신부동,경상사고,0,0,1,0,차대차 - 기타,교차로운행방법위반,건조,맑음,교차로 - 교차로안,승용,남,62세,상해없음,승용,남,28세,상해없음
2021022700100214,2021년 2월 27일 13시,토요일,충청남도 천안시 서북구 쌍용동,경상사고,0,0,1,0,차대차 - 기타,안전운전불이행,건조,맑음,교차로 - 교차로부근,승용,여,49세,상해없음,승용,여,35세,경상
2021022700100215,2021년 2월 27일 13시,토요일,충청남도 보령시 대천동,중상사고,0,1,0,0,차대차 - 기타,기타,건조,맑음,단일로 - 기타,승용,남,33세,상해없음,자전거,남,51세,중상
2021022700100263,2021년 2월 27일 14시,토요일,충청남도 아산시 배방읍,경상사고,0,0,1,0,차대차 - 측면충돌,차로위반,건조,맑음,교차로 - 교차로안,승용,여,45세,상해없음,승용,남,58세,경상
2021022700100264,2021년 2월 27일 14시,토요일,충청남도 당진시 신평면,경상사고,0,0,5,0,차대차 - 측면충돌,안전운전불이행,건조,맑음,기타 - 기타,승용,남,49세,상해없음,승용,남,43세,경상
2021022700100296,2021년 2월 27일 15시,토요일,충청남도 서산시 석남동,경상사고,0,0,1,0,차량단독 - 공작물충돌,안전운전불이행,건조,맑음,교차로 - 교차로안,승용,여,53세,상해없음,,,,
2021022700100297,2021년 2월 27일 15시,토요일,충청남도 아산시 신창면,경상사고,0,0,1,0,차대차 - 추돌,안전운전불이행,건조,맑음,단일로 - 기타,승합,여,64세,상해없음,승용,남,26세,경상
2021022700100298,2021년 2월 27일 15시,토요일,충청남도 청양군 청양읍,경상사고,0,0,3,0,차대차 - 측면충돌,직진우회전진행방해,건조,맑음,교차로 - 교차로안,승용,남,69세,경상,승용,남,53세,경상
2021022700100332,2021년 2월 27일 16시,토요일,충청남도 서산시 음암면,경상사고,0,0,8,0,차대차 - 추돌,안전운전불이행,건조,맑음,단일로 - 기타,승합,여,41세,경상,승용,남,63세,경상
2021022700100355,2021년 2월 27일 17시,토요일,충청남도 천안시 서북구 성거읍,중상사고,0,1,0,0,차대차 - 기타,신호위반,건조,맑음,교차로 - 교차로부근,승용,남,58세,상해없음,이륜,남,42세,중상
2021022700100431,2021년 2월 27일 19시,토요일,충청남도 천안시 서북구 두정동,중상사고,0,1,1,0,차대차 - 추돌,신호위반,건조,맑음,교차로 - 교차로안,승용,남,41세,상해없음,승용,남,49세,경상
2021022700100432,2021년 2월 27일 19시,토요일,충청남도 당진시 읍내동,중상사고,0,1,0,0,차대차 - 측면충돌,안전운전불이행,건조,맑음,교차로 - 교차로안,승용,남,61세,상해없음,이륜,남,27세,중상
2021022700100433,2021년 2월 27일 19시,토요일,충청남도 당진시 송악읍,중상사고,0,1,0,0,차대사람 - 횡단중,신호위반,건조,맑음,교차로 - 교차로안,승용,남,55세,상해없음,보행자,남,62세,중상
2021022700100468,2021년 2월 27일 20시,토요일,충청남도 아산시 탕정면,중상사고,0,3,1,0,차대차 - 기타,신호위반,건조,맑음,교차로 - 교차로안,승용,남,47세,상해없음,승용,여,36세,경상
2021022700100499,2021년 2월 27일 21시,토요일,충청남도 아산시 초사동,중상사고,0,1,2,0,차대차 - 추돌,안전운전불이행,건조,맑음,단일로 - 기타,승용,남,22세,상해없음,화물,남,42세,중상
2021022700100541,2021년 2월 27일 23시,토요일,충청남도 홍성군 홍북읍,경상사고,0,0,4,0,차대차 - 정면충돌,신호위반,건조,맑음,교차로 - 교차로안,화물,남,55세,상해없음,승용,남,38세,경상
2021022700100542,2021년 2월 27일 23시,토요일,충청남도 부여군 규암면,경상사고,0,0,1,0,차대차 - 추돌,안전운전불이행,건조,맑음,단일로 - 기타,승용,남,38세,상해없음,화물,남,44세,경상
2021022700100543,2021년 2월 27일 23시,토요일,충청남도 천안시 서북구 성거읍,중상사고,0,1,0,0,차대차 - 추돌,안전운전불이행,건조,맑음,단일로 - 기타,승용,남,31세,상해없음,화물,남,55세,중상
2021022800100029,2021년 2월 28일 03시,일요일,충청남도 아산시 온천동,경상사고,0,0,1,0,차대차 - 추돌,안전운전불이행,건조,맑음,단일로 - 기타,승용,남,28세,상해없음,승용,남,43세,경상
2021022800100099,2021년 2월 28일 11시,일요일,충청남도 서산시 예천동,중상사고,0,2,0,0,차대차 - 추돌,안전운전불이행,건조,흐림,교차로 - 교차로부근,승용,여,41세,상해없음,승용,남,78세,중상
2021022800100100,2021년 2월 28일 11시,일요일,충청남도 홍성군 홍동면,경상사고,0,0,2,0,차대차 - 기타,안전운전불이행,건조,맑음,단일로 - 기타,화물,남,71세,상해없음,승용,남,86세,경상
2021022800100101,2021년 2월 28일 11시,일요일,충청남도 아산시 둔포면,중상사고,0,1,0,0,차대차 - 측면충돌,신호위반,건조,맑음,교차로 - 교차로안,승용,남,29세,기타불명,승용,남,34세,중상
2021022800100102,2021년 2월 28일 11시,일요일,충청남도 천안시 동남구 청당동,중상사고,0,1,1,0,차대차 - 추돌,안전거리미확보,건조,맑음,단일로 - 기타,승용,남,40세,상해없음,승용,여,64세,경상
2021022800100150,2021년 2월 28일 13시,일요일,충청남도 천안시 서북구 쌍용동,경상사고,0,0,1,0,차대차 - 기타,안전거리미확보,건조,맑음,단일로 - 기타,승용,남,69세,상해없음,승용,남,59세,경상
2021022800100151,2021년 2월 28일 13시,일요일,충청남도 태안군 안면읍,중상사고,0,2,4,0,차대차 - 정면충돌,중앙선침범,건조,맑음,단일로 - 기타,승용,남,72세,상해없음,승용,남,36세,경상
2021022800100152,2021년 2월 28일 13시,일요일,충청남도 천안시 서북구 성거읍,경상사고,0,0,4,0,차대차 - 후진중충돌,안전운전불이행,건조,맑음,주차장 - 주차장,승용,여,47세,상해없음,승용,남,48세,경상
2021022800100210,2021년 2월 28일 15시,일요일,충청남도 천안시 동남구 북면,경상사고,0,0,1,0,차대차 - 기타,중앙선침범,건조,맑음,단일로 - 기타,승용,여,48세,상해없음,승용,남,40세,경상
2021022800100256,2021년 2월 28일 17시,일요일,충청남도 홍성군 은하면,경상사고,0,0,1,0,차량단독 - 도로외이탈 - 추락,안전운전불이행,건조,맑음,단일로 - 기타,화물,남,45세,경상,,,,
2021022800100390,2021년 2월 28일 23시,일요일,충청남도 천안시 서북구 두정동,경상사고,0,0,1,0,차대사람 - 기타,안전운전불이행,건조,맑음,교차로 - 교차로부근,승용,여,23세,상해없음,보행자,남,30세,경상
2021022800100391,2021년 2월 28일 23시,일요일,충청남도 부여군 초촌면,경상사고,0,0,1,0,차량단독 - 공작물충돌,안전운전불이행,건조,맑음,단일로 - 기타,승용,남,23세,상해없음,,,,
2021030100100018,2021년 3월 1일 02시,월요일,충청남도 천안시 서북구 두정동,경상사고,0,0,2,0,차대차 - 측면충돌,교차로운행방법위반,젖음/습기,비,교차로 - 교차로안,승용,남,37세,상해없음,승용,남,50세,경상
2021030100100023,2021년 3월 1일 03시,월요일,충청남도 예산군 덕산면,사망사고,2,0,0,0,차량단독 - 공작물충돌,기타,젖음/습기,비,교차로 - 교차로안,승용,남,40세,사망,,,,
2021030100100065,2021년 3월 1일 10시,월요일,충청남도 아산시 둔포면,경상사고,0,0,1,0,차대차 - 추돌,안전거리미확보,젖음/습기,비,단일로 - 기타,승용,남,64세,기타불명,승용,남,25세,경상
2021030100100094,2021년 3월 1일 12시,월요일,충청남도 아산시 음봉면,경상사고,0,0,1,0,차대차 - 기타,안전운전불이행,젖음/습기,비,교차로 - 교차로안,승용,남,59세,상해없음,승용,남,53세,경상
2021030100100146,2021년 3월 1일 14시,월요일,충청남도 태안군 근흥면,중상사고,0,2,0,0,차대차 - 측면충돌,신호위반,젖음/습기,비,단일로 - 기타,승용,남,66세,상해없음,승용,여,35세,중상
2021030100100171,2021년 3월 1일 15시,월요일,충청남도 아산시 선장면,경상사고,0,0,2,0,차대차 - 측면충돌,안전운전불이행,젖음/습기,비,교차로 - 교차로부근,화물,남,54세,상해없음,승용,남,45세,경상
2021030100100239,2021년 3월 1일 17시,월요일,충청남도 아산시 인주면,경상사고,0,0,1,0,차대차 - 정면충돌,중앙선침범,젖음/습기,비,단일로 - 기타,화물,남,61세,상해없음,승용,남,55세,경상
2021030100100285,2021년 3월 1일 18시,월요일,충청남도 당진시 읍내동,경상사고,0,0,3,0,차대차 - 기타,안전운전불이행,젖음/습기,비,단일로 - 기타,승용,여,44세,상해없음,승용,남,33세,경상
2021030100100335,2021년 3월 1일 19시,월요일,충청남도 서산시 대산읍,경상사고,0,0,2,0,차대차 - 측면충돌,신호위반,젖음/습기,비,교차로 - 교차로안,승용,남,68세,상해없음,승용,여,36세,경상
2021030100100336,2021년 3월 1일 19시,월요일,충청남도 천안시 서북구 쌍용동,경상사고,0,0,1,0,차대차 - 측면충돌,안전운전불이행,젖음/습기,비,교차로 - 교차로부근,승용,남,50세,상해없음,승용,여,35세,경상
2021030100100337,2021년 3월 1일 19시,월요일,충청남도 서천군 마산면,사망사고,1,0,0,0,차대차 - 추돌,안전운전불이행,젖음/습기,비,기타 - 기타,화물,남,46세,사망,특수,남,46세,상해없음
2021030100100371,2021년 3월 1일 20시,월요일,충청남도 아산시 모종동,중상사고,0,1,0,0,차대사람 - 횡단중,보행자보호의무위반,젖음/습기,비,교차로 - 교차로안,승용,남,31세,상해없음,보행자,남,63세,중상
2021030100100401,2021년 3월 1일 21시,월요일,충청남도 보령시 명천동,경상사고,0,0,2,0,차대차 - 기타,신호위반,젖음/습기,흐림,교차로 - 교차로안,승용,여,54세,상해없음,승용,남,53세,경상
2021030100100402,2021년 3월 1일 21시,월요일,충청남도 당진시 읍내동,경상사고,0,0,1,0,차대차 - 기타,신호위반,젖음/습기,비,교차로 - 교차로안,승용,남,29세,상해없음,승용,여,23세,경상
2021030100100451,2021년 3월 1일 23시,월요일,충청남도 아산시 둔포면,중상사고,0,1,2,0,차대차 - 추돌,안전운전불이행,젖음/습기,비,단일로 - 기타,승용,여,50세,경상,승용,남,36세,경상
2021030200100039,2021년 3월 2일 06시,화요일,충청남도 서산시 해미면,중상사고,0,1,0,0,차대사람 - 기타,안전운전불이행,젖음/습기,안개,단일로 - 기타,승합,남,40세,상해없음,보행자,여,79세,중상
2021030200100051,2021년 3월 2일 07시,화요일,충청남도 당진시 송악읍,중상사고,0,1,0,0,차대차 - 측면충돌,안전운전불이행,건조,맑음,단일로 - 기타,이륜,남,52세,중상,화물,남,65세,상해없음
2021030200100103,2021년 3월 2일 09시,화요일,충청남도 아산시 온천동,경상사고,0,0,1,0,차대사람 - 기타,안전운전불이행,건조,맑음,단일로 - 기타,승합,남,58세,상해없음,보행자,여,91세,경상
2021030200100105,2021년 3월 2일 09시,화요일,충청남도 당진시 합덕읍,경상사고,0,0,1,0,차대차 - 기타,교차로운행방법위반,건조,맑음,교차로 - 교차로안,화물,남,32세,상해없음,이륜,남,82세,경상
2021030200100161,2021년 3월 2일 11시,화요일,충청남도 서산시 예천동,경상사고,0,0,1,0,차대차 - 정면충돌,안전운전불이행,건조,맑음,단일로 - 기타,승용,남,20세,상해없음,이륜,남,43세,경상
2021030200100162,2021년 3월 2일 11시,화요일,충청남도 홍성군 갈산면,경상사고,0,0,1,0,차대차 - 정면충돌,안전운전불이행,건조,맑음,단일로 - 기타,화물,남,58세,상해없음,이륜,여,77세,경상
2021030200100163,2021년 3월 2일 11시,화요일,충청남도 천안시 동남구 신부동,경상사고,0,0,1,0,차대차 - 측면충돌,안전운전불이행,건조,맑음,교차로 - 교차로안,승용,여,37세,상해없음,화물,남,32세,경상
2021030200100196,2021년 3월 2일 12시,화요일,충청남도 천안시 서북구 두정동,경상사고,0,0,1,0,차대차 - 추돌,안전거리미확보,건조,맑음,단일로 - 기타,승용,여,35세,상해없음,승용,남,28세,상해없음
2021030200100216,2021년 3월 2일 13시,화요일,충청남도 천안시 서북구 두정동,경상사고,0,0,1,0,차대차 - 기타,차로위반,건조,맑음,단일로 - 기타,승용,남,27세,상해없음,승용,여,43세,경상
2021030200100217,2021년 3월 2일 13시,화요일,충청남도 공주시 중동,중상사고,0,1,0,0,차대차 - 측면충돌,안전운전불이행,건조,흐림,교차로 - 교차로안,자전거,남,66세,중상,승용,여,59세,기타불명
2021030200100351,2021년 3월 2일 17시,화요일,충청남도 당진시 송악읍,경상사고,0,0,1,0,차대차 - 측면충돌,안전운전불이행,건조,맑음,교차로 - 교차로안,승용,여,25세,상해없음,승용,남,67세,경상
2021030200100433,2021년 3월 2일 19시,화요일,충청남도 천안시 서북구 성정동,경상사고,0,0,1,0,차대사람 - 기타,안전운전불이행,건조,맑음,단일로 - 기타,기타불명,기타불명,미분류,기타불명,보행자,여,56세,경상
2021030200100434,2021년 3월 2일 19시,화요일,충청남도 천안시 서북구 불당동,경상사고,0,0,1,0,차대차 - 기타,안전운전불이행,건조,맑음,주차장 - 주차장,승용,남,42세,기타불명,승용,여,48세,경상
2021030200100507,2021년 3월 2일 22시,화요일,충청남도 공주시 신관동,중상사고,0,2,1,0,차대차 - 측면충돌,신호위반,건조,기타,교차로 - 교차로안,승용,여,27세,기타불명,승용,남,35세,경상
2021030200100524,2021년 3월 2일 23시,화요일,충청남도 공주시 신관동,경상사고,0,0,1,0,차대차 - 측면충돌,신호위반,건조,기타,교차로 - 교차로안,화물,남,50세,기타불명,화물,남,47세,경상
2021030300100004,2021년 3월 3일 00시,수요일,충청남도 서산시 읍내동,중상사고,0,2,0,0,차대차 - 측면충돌,교차로운행방법위반,건조,맑음,교차로 - 교차로안,승용,남,26세,상해없음,승용,남,54세,중상
2021030300100005,2021년 3월 3일 00시,수요일,충청남도 아산시 배방읍,중상사고,0,1,0,0,차대차 - 추돌,안전운전불이행,건조,맑음,교차로 - 교차로부근,승용,남,39세,상해없음,승용,여,28세,중상
2021030300100041,2021년 3월 3일 06시,수요일,충청남도 보령시 명천동,중상사고,0,1,0,0,차대차 - 기타,안전운전불이행,건조,맑음,교차로 - 교차로안,승용,여,62세,상해없음,자전거,여,66세,중상
2021030300100042,2021년 3월 3일 06시,수요일,충청남도 금산군 금산읍,경상사고,0,0,1,0,차대차 - 추돌,안전운전불이행,건조,맑음,단일로 - 기타,승용,남,38세,상해없음,자전거,남,73세,경상
2021030300100060,2021년 3월 3일 07시,수요일,충청남도 천안시 서북구 직산읍,경상사고,0,0,1,0,차대차 - 추돌,안전운전불이행,건조,맑음,단일로 - 기타,승용,남,40세,상해없음,승용,남,52세,경상
2021030300100097,2021년 3월 3일 08시,수요일,충청남도 천안시 서북구 쌍용동,경상사고,0,0,1,0,차대차 - 측면충돌,교차로운행방법위반,건조,맑음,교차로 - 교차로안,승용,남,76세,상해없음,승용,여,41세,경상
2021030300100098,2021년 3월 3일 08시,수요일,충청남도 아산시 온천동,경상사고,0,0,3,0,차대차 - 측면충돌,안전운전불이행,건조,맑음,단일로 - 기타,승용,남,40세,상해없음,승합,남,34세,경상
2021030300100128,2021년 3월 3일 09시,수요일,충청남도 천안시 서북구 성거읍,경상사고,0,0,2,0,차대차 - 추돌,안전운전불이행,건조,맑음,단일로 - 기타,승용,여,34세,경상,화물,남,67세,경상
2021030300100180,2021년 3월 3일 11시,수요일,충청남도 당진시 신평면,중상사고,0,1,0,0,차대사람 - 기타,기타,건조,맑음,단일로 - 기타,승합,남,59세,상해없음,보행자,여,82세,중상
2021030300100222,2021년 3월 3일 12시,수요일,충청남도 천안시 서북구 성정동,경상사고,0,0,1,0,차대차 - 기타,교차로운행방법위반,건조,맑음,교차로 - 교차로부근,승용,여,36세,상해없음,이륜,남,22세,경상
2021030300100223,2021년 3월 3일 12시,수요일,충청남도 홍성군 은하면,중상사고,0,1,0,0,차대사람 - 보도통행중,기타,건조,맑음,단일로 - 기타,화물,남,50세,상해없음,보행자,여,78세,중상
2021030300100315,2021년 3월 3일 15시,수요일,충청남도 천안시 동남구 신부동,경상사고,0,0,1,0,차대차 - 측면충돌,교차로운행방법위반,건조,맑음,교차로 - 교차로부근,승용,남,36세,상해없음,승용,남,63세,경상
2021030300100345,2021년 3월 3일 16시,수요일,충청남도 천안시 서북구 두정동,중상사고,0,1,0,0,차대차 - 기타,중앙선침범,건조,맑음,교차로 - 교차로부근,승용,남,27세,상해없음,원동기,남,39세,중상
2021030300100396,2021년 3월 3일 18시,수요일,충청남도 공주시 신관동,경상사고,0,0,2,0,차대차 - 측면충돌,신호위반,건조,맑음,교차로 - 교차로안,이륜,남,17세,경상,승용,남,68세,경상
2021030300100431,2021년 3월 3일 19시,수요일,충청남도 아산시 온천동,경상사고,0,0,1,0,차대사람 - 기타,안전운전불이행,건조,맑음,단일로 - 기타,승용,남,60세,상해없음,보행자,남,43세,경상
2021030300100432,2021년 3월 3일 19시,수요일,충청남도 공주시 신관동,경상사고,0,0,1,0,차대차 - 측면충돌,안전운전불이행,건조,맑음,교차로 - 교차로안,승용,남,42세,상해없음,승용,남,39세,경상
2021030300100459,2021년 3월 3일 20시,수요일,충청남도 천안시 서북구 쌍용동,경상사고,0,0,1,0,차대차 - 측면충돌,신호위반,건조,맑음,교차로 - 교차로안,승용,남,58세,경상,승용,여,41세,상해없음
2021030300100460,2021년 3월 3일 20시,수요일,충청남도 천안시 동남구 신방동,경상사고,0,0,1,0,차대차 - 측면충돌,안전운전불이행,건조,맑음,단일로 - 기타,승용,남,37세,상해없음,승용,남,29세,경상
2021030300100483,2021년 3월 3일 21시,수요일,충청남도 천안시 서북구 백석동,경상사고,0,0,3,0,차대차 - 기타,신호위반,건조,맑음,교차로 - 교차로안,승용,여,43세,경상,승용,남,27세,경상
2021030300100528,2021년 3월 3일 23시,수요일,충청남도 아산시 신창면,경상사고,0,0,6,0,차대차 - 측면충돌,안전운전불이행,건조,맑음,교차로 - 교차로안,승용,남,26세,경상,승용,남,50세,경상
2021030400100006,2021년 3월 4일 00시,목요일,충청남도 아산시 용화동,경상사고,0,0,3,0,차대차 - 기타,안전운전불이행,건조,맑음,교차로 - 교차로안,승용,남,46세,상해없음,승용,여,27세,경상
2021030400100013,2021년 3월 4일 01시,목요일,충청남도 당진시 송악읍,중상사고,0,1,0,0,차대사람 - 기타,보행자보호의무위반,건조,맑음,기타 - 기타,승용,남,57세,상해없음,보행자,남,49세,중상
2021030400100018,2021년 3월 4일 02시,목요일,충청남도 아산시 권곡동,경상사고,0,0,1,0,차대차 - 정면충돌,중앙선침범,건조,맑음,단일로 - 기타,이륜,남,83세,상해없음,이륜,남,16세,경상
2021030400100036,2021년 3월 4일 06시,목요일,충청남도 아산시 신창면,경상사고,0,0,1,0,차대차 - 추돌,안전운전불이행,건조,맑음,단일로 - 기타,승합,남,36세,상해없음,승용,남,38세,경상
2021030400100037,2021년 3월 4일 06시,목요일,충청남도 천안시 동남구 청당동,경상사고,0,0,1,0,차대사람 - 횡단중,보행자보호의무위반,건조,맑음,기타 - 기타,승용,여,51세,상해없음,보행자,여,39세,경상
2021030400100088,2021년 3월 4일 08시,목요일,충청남도 천안시 동남구 대흥동,중상사고,0,1,0,0,차대사람 - 횡단중,안전운전불이행,건조,맑음,단일로 - 기타,승용,여,29세,상해없음,보행자,남,69세,중상
2021030400100089,2021년 3월 4일 08시,목요일,충청남도 천안시 동남구 신부동,경상사고,0,0,2,0,차대차 - 기타,안전운전불이행,건조,맑음,단일로 - 기타,승합,남,53세,상해없음,승용,남,60세,상해없음
2021030400100119,2021년 3월 4일 09시,목요일,충청남도 천안시 동남구 신방동,경상사고,0,0,3,1,차대차 - 기타,안전운전불이행,건조,맑음,교차로 - 교차로안,승용,남,19세,경상,승용,여,48세,경상
2021030400100183,2021년 3월 4일 12시,목요일,충청남도 천안시 서북구 성정동,경상사고,0,0,1,0,차대사람 - 기타,안전운전불이행,건조,맑음,단일로 - 기타,승용,남,43세,상해없음,보행자,남,33세,경상
2021030400100184,2021년 3월 4일 12시,목요일,충청남도 보령시 남포면,경상사고,0,0,1,0,차대차 - 기타,직진우회전진행방해,건조,맑음,교차로 - 교차로안,승용,남,55세,상해없음,화물,여,60세,경상
2021030400100215,2021년 3월 4일 13시,목요일,충청남도 천안시 서북구 두정동,경상사고,0,0,3,0,차대차 - 측면충돌,신호위반,건조,맑음,교차로 - 교차로안,이륜,남,31세,상해없음,승용,여,29세,경상
2021030400100216,2021년 3월 4일 13시,목요일,충청남도 천안시 서북구 두정동,경상사고,0,0,2,0,차대차 - 기타,직진우회전진행방해,건조,맑음,교차로 - 교차로안,승용,남,22세,경상,승용,남,62세,경상
2021030400100263,2021년 3월 4일 15시,목요일,충청남도 홍성군 홍성읍,중상사고,0,1,0,0,차대사람 - 횡단중,보행자보호의무위반,건조,맑음,기타 - 기타,승용,여,41세,상해없음,보행자,남,85세,중상
2021030400100393,2021년 3월 4일 19시,목요일,충청남도 천안시 서북구 성환읍,경상사고,0,0,1,0,차대사람 - 횡단중,안전운전불이행,건조,맑음,교차로 - 교차로안,화물,남,65세,상해없음,보행자,남,29세,경상
2021030400100459,2021년 3월 4일 21시,목요일,충청남도 천안시 서북구 두정동,중상사고,0,1,0,0,차대차 - 측면충돌,교차로운행방법위반,건조,맑음,교차로 - 교차로안,승용,남,42세,상해없음,이륜,남,18세,중상
2021030400100460,2021년 3월 4일 21시,목요일,충청남도 예산군 예산읍,경상사고,0,0,1,0,차대사람 - 횡단중,안전운전불이행,건조,맑음,교차로 - 교차로부근,승용,여,21세,상해없음,보행자,여,49세,경상
2021030400100494,2021년 3월 4일 22시,목요일,충청남도 천안시 서북구 성정동,경상사고,0,0,2,0,차대차 - 추돌,안전운전불이행,건조,흐림,단일로 - 기타,승용,남,24세,기타불명,승용,남,31세,경상
2021030400100519,2021년 3월 4일 23시,목요일,충청남도 홍성군 홍성읍,경상사고,0,0,1,0,차대차 - 추돌,안전운전불이행,건조,맑음,교차로 - 교차로안,승용,남,50세,상해없음,승용,남,47세,경상
2021030500100005,2021년 3월 5일 00시,금요일,충청남도 천안시 서북구 두정동,경상사고,0,0,1,0,차대차 - 측면충돌,불법유턴,건조,맑음,단일로 - 기타,승용,여,52세,경상,승용,남,37세,상해없음
2021030500100050,2021년 3월 5일 06시,금요일,충청남도 천안시 동남구 신부동,경상사고,0,0,1,0,차대차 - 추돌,안전운전불이행,건조,맑음,단일로 - 기타,화물,남,73세,상해없음,승용,여,26세,경상
2021030500100069,2021년 3월 5일 07시,금요일,충청남도 천안시 서북구 두정동,중상사고,0,1,0,0,차대차 - 측면충돌,직진우회전진행방해,건조,맑음,교차로 - 교차로안,승용,남,29세,상해없음,승용,여,54세,중상
2021030500100070,2021년 3월 5일 07시,금요일,충청남도 보령시 화산동,중상사고,0,1,2,0,차대차 - 기타,중앙선침범,건조,맑음,단일로 - 기타,승용,남,56세,경상,승용,남,48세,경상
2021030500100136,2021년 3월 5일 09시,금요일,충청남도 홍성군 홍북읍,중상사고,0,1,0,0,차대사람 - 차도통행중,안전운전불이행,건조,맑음,단일로 - 기타,승용,여,31세,상해없음,보행자,남,86세,중상
2021030500100137,2021년 3월 5일 09시,금요일,충청남도 태안군 소원면,경상사고,0,0,2,0,차대차 - 측면충돌,신호위반,건조,맑음,교차로 - 교차로안,승용,여,46세,상해없음,승용,여,71세,경상
2021030500100138,2021년 3월 5일 09시,금요일,충청남도 당진시 송악읍,중상사고,0,1,0,0,차대사람 - 기타,안전운전불이행,건조,맑음,단일로 - 기타,화물,남,36세,상해없음,보행자,남,69세,중상
2021030500100196,2021년 3월 5일 11시,금요일,충청남도 서산시 동문동,경상사고,0,0,1,0,차대차 - 후진중충돌,안전운전불이행,건조,맑음,교차로 - 교차로부근,승용,남,53세,상해없음,자전거,남,71세,경상
2021030500100197,2021년 3월 5일 11시,금요일,충청남도 청양군 청양읍,중상사고,0,2,0,0,차대차 - 측면충돌,직진우회전진행방해,건조,맑음,교차로 - 교차로안,승용,남,73세,상해없음,이륜,남,83세,중상
2021030500100250,2021년 3월 5일 13시,금요일,충청남도 논산시 내동,경상사고,0,0,1,0,차대사람 - 횡단중,보행자보호의무위반,건조,맑음,교차로 - 교차로횡단보도내,승용,남,77세,상해없음,보행자,여,6세,경상
2021030500100251,2021년 3월 5일 13시,금요일,충청남도 태안군 태안읍,부상신고사고,0,0,0,1,차대차 - 추돌,안전운전불이행,건조,맑음,단일로 - 기타,화물,남,56세,상해없음,승용,여,38세,부상신고
2021030500100321,2021년 3월 5일 15시,금요일,충청남도 홍성군 홍성읍,중상사고,0,1,0,0,차대차 - 기타,안전운전불이행,건조,맑음,교차로 - 교차로안,이륜,남,75세,중상,승용,남,56세,상해없음
2021030500100322,2021년 3월 5일 15시,금요일,충청남도 천안시 동남구 광덕면,경상사고,0,0,4,0,차대차 - 추돌,안전운전불이행,건조,맑음,단일로 - 기타,승용,남,31세,경상,승용,남,49세,경상
2021030500100362,2021년 3월 5일 16시,금요일,충청남도 서산시 해미면,중상사고,0,2,0,0,차대사람 - 기타,안전운전불이행,건조,맑음,단일로 - 기타,승합,남,66세,상해없음,보행자,여,47세,중상
2021030500100394,2021년 3월 5일 17시,금요일,충청남도 천안시 서북구 직산읍,경상사고,0,0,1,0,차대차 - 기타,차로위반,건조,맑음,단일로 - 기타,승용,남,54세,상해없음,승용,남,27세,경상
2021030500100395,2021년 3월 5일 17시,금요일,충청남도 아산시 온천동,중상사고,0,1,0,0,차대사람 - 차도통행중,안전운전불이행,건조,맑음,교차로 - 교차로부근,승용,여,61세,상해없음,보행자,여,54세,중상
2021030500100396,2021년 3월 5일 17시,금요일,충청남도 아산시 온천동,경상사고,0,0,1,0,차대차 - 측면충돌,안전운전불이행,건조,맑음,교차로 - 교차로안,승용,여,56세,상해없음,승용,남,42세,경상
2021030500100444,2021년 3월 5일 18시,금요일,충청남도 논산시 가야곡면,중상사고,0,2,0,0,차대차 - 측면충돌,기타,건조,맑음,교차로 - 교차로안,승용,남,47세,상해없음,이륜,남,83세,중상