사고번호,사고일시,요일,시군구,사고내용,사망자수,중상자수,경상자수,부상신고자수,사고유형,법규위반,노면상태,기상상태,도로형태,가해운전자 차종,가해운전자 성별,가해운전자 연령,가해운전자 상해정도,피해운전자 차종,피해운전자 성별,피해운전자 연령,피해운전자 상해정도
2021030500100445,2021년 3월 5일 18시,금요일,충청남도 홍성군 홍북읍,경상사고,0,0,4,0,차대차 - 기타,안전운전불이행,건조,맑음,단일로 - 기타,화물,남,64세,경상,승용,남,39세,경상
2021030500100446,2021년 3월 5일 18시,금요일,충청남도 아산시 신동,경상사고,0,0,2,0,차대차 - 추돌,안전거리미확보,건조,맑음,단일로 - 기타,승용,여,43세,기타불명,승용,여,36세,경상
2021030500100447,2021년 3월 5일 18시,금요일,충청남도 아산시 둔포면,경상사고,0,0,1,0,차대사람 - 횡단중,보행자보호의무위반,건조,맑음,교차로 - 교차로횡단보도내,승용,남,70세,상해없음,보행자,여,3세,경상
2021030500100483,2021년 3월 5일 19시,금요일,충청남도 천안시 서북구 직산읍,중상사고,0,1,0,0,차대차 - 측면충돌,안전운전불이행,건조,맑음,단일로 - 기타,승용,남,23세,상해없음,승용,남,57세,중상
2021030500100484,2021년 3월 5일 19시,금요일,충청남도 서천군 마서면,중상사고,0,1,1,0,차대차 - 측면충돌,안전운전불이행,건조,맑음,교차로 - 교차로부근,승용,남,72세,상해없음,승용,남,47세,중상
2021030600100036,2021년 3월 6일 04시,토요일,충청남도 당진시 석문면,사망사고,1,0,0,0,차대사람 - 횡단중,보행자보호의무위반,건조,맑음,교차로 - 교차로안,승용,남,49세,상해없음,보행자,여,76세,사망
2021030600100064,2021년 3월 6일 07시,토요일,충청남도 아산시 음봉면,경상사고,0,0,2,0,차대차 - 기타,안전운전불이행,젖음/습기,안개,교차로 - 교차로안,특수,남,63세,상해없음,승용,남,60세,경상
2021030600100084,2021년 3월 6일 09시,토요일,충청남도 서산시 팔봉면,중상사고,0,1,0,0,차대차 - 추돌,안전운전불이행,건조,맑음,단일로 - 기타,건설기계,남,63세,상해없음,승용,남,69세,중상
2021030600100112,2021년 3월 6일 10시,토요일,충청남도 금산군 금산읍,중상사고,0,1,0,0,차대차 - 측면충돌,신호위반,건조,맑음,교차로 - 교차로안,승용,남,24세,상해없음,이륜,남,63세,중상
2021030600100113,2021년 3월 6일 10시,토요일,충청남도 태안군 안면읍,경상사고,0,0,1,0,차대차 - 측면충돌,중앙선침범,건조,맑음,단일로 - 기타,승용,남,75세,상해없음,승용,여,71세,경상
2021030600100141,2021년 3월 6일 11시,토요일,충청남도 천안시 서북구 성정동,경상사고,0,0,1,0,차대차 - 정면충돌,안전운전불이행,건조,맑음,단일로 - 기타,이륜,남,28세,상해없음,승용,남,31세,경상
2021030600100142,2021년 3월 6일 11시,토요일,충청남도 보령시 신흑동,중상사고,0,2,1,0,차대차 - 기타,안전운전불이행,건조,맑음,교차로 - 교차로안,승용,남,59세,상해없음,승용,남,65세,경상
2021030600100143,2021년 3월 6일 11시,토요일,충청남도 당진시 고대면,경상사고,0,0,1,0,차대차 - 정면충돌,교차로운행방법위반,건조,맑음,교차로 - 교차로안,화물,남,65세,상해없음,이륜,남,79세,경상
2021030600100173,2021년 3월 6일 12시,토요일,충청남도 부여군 부여읍,경상사고,0,0,1,0,차대사람 - 차도통행중,안전운전불이행,건조,맑음,단일로 - 기타,승용,남,54세,상해없음,보행자,남,59세,경상
2021030600100231,2021년 3월 6일 14시,토요일,충청남도 금산군 금산읍,경상사고,0,0,1,0,차대차 - 측면충돌,중앙선침범,건조,맑음,단일로 - 기타,화물,남,64세,상해없음,이륜,남,59세,경상
2021030600100268,2021년 3월 6일 15시,토요일,충청남도 예산군 삽교읍,중상사고,0,1,0,0,차대차 - 측면충돌,직진우회전진행방해,건조,맑음,교차로 - 교차로안,승용,여,52세,상해없음,이륜,남,63세,중상
2021030600100269,2021년 3월 6일 15시,토요일,충청남도 예산군 오가면,경상사고,0,0,1,0,차대차 - 추돌,안전운전불이행,건조,맑음,단일로 - 기타,승용,남,54세,상해없음,화물,남,70세,경상
2021030600100270,2021년 3월 6일 15시,토요일,충청남도 천안시 동남구 영성동,경상사고,0,0,4,0,차대차 - 기타,안전운전불이행,건조,맑음,교차로 - 교차로안,승용,남,56세,상해없음,승용,남,51세,경상
2021030600100296,2021년 3월 6일 16시,토요일,충청남도 공주시 산성동,중상사고,0,1,0,0,차대사람 - 기타,기타,건조,맑음,단일로 - 기타,승합,남,51세,기타불명,보행자,여,71세,중상
2021030600100297,2021년 3월 6일 16시,토요일,충청남도 부여군 옥산면,경상사고,0,0,2,0,차대차 - 측면충돌,안전거리미확보,건조,맑음,단일로 - 기타,승용,남,48세,상해없음,승용,남,58세,경상
2021030600100330,2021년 3월 6일 17시,토요일,충청남도 당진시 송산면,중상사고,0,1,2,0,차대차 - 추돌,직진우회전진행방해,건조,흐림,교차로 - 교차로안,승용,남,61세,경상,화물,남,54세,경상
2021030600100357,2021년 3월 6일 18시,토요일,충청남도 천안시 서북구 성정동,부상신고사고,0,0,0,1,차대차 - 측면충돌,안전운전불이행,건조,맑음,단일로 - 기타,자전거,여,61세,부상신고,승용,남,47세,상해없음
2021030600100358,2021년 3월 6일 18시,토요일,충청남도 아산시 배방읍,경상사고,0,0,1,0,차대사람 - 횡단중,신호위반,건조,맑음,교차로 - 교차로횡단보도내,이륜,남,39세,상해없음,보행자,여,16세,경상
2021030600100398,2021년 3월 6일 19시,토요일,충청남도 천안시 서북구 성정동,경상사고,0,0,2,0,차대차 - 추돌,안전운전불이행,건조,맑음,단일로 - 기타,승용,남,61세,상해없음,승용,여,63세,경상
2021030600100444,2021년 3월 6일 21시,토요일,충청남도 천안시 서북구 쌍용동,경상사고,0,0,1,0,차대사람 - 횡단중,안전운전불이행,건조,맑음,교차로 - 교차로안,승용,여,31세,상해없음,보행자,남,64세,경상
2021030600100445,2021년 3월 6일 21시,토요일,충청남도 천안시 서북구 불당동,경상사고,0,0,1,0,차대차 - 기타,기타,건조,맑음,교차로 - 교차로부근,승용,남,64세,상해없음,이륜,남,29세,경상
2021030600100446,2021년 3월 6일 21시,토요일,충청남도 논산시 강산동,경상사고,0,0,3,0,차대차 - 정면충돌,안전운전불이행,건조,맑음,교차로 - 교차로부근,승용,남,45세,상해없음,승용,남,32세,경상
2021030600100447,2021년 3월 6일 21시,토요일,충청남도 홍성군 홍성읍,중상사고,0,1,0,0,차대사람 - 횡단중,보행자보호의무위반,건조,맑음,교차로 - 교차로안,승용,남,40세,상해없음,보행자,여,54세,중상
2021030600100468,2021년 3월 6일 22시,토요일,충청남도 천안시 동남구 원성동,중상사고,0,1,0,0,차대차 - 추돌,안전운전불이행,건조,맑음,단일로 - 기타,승용,남,18세,상해없음,승용,남,41세,중상
2021030700100006,2021년 3월 7일 00시,일요일,충청남도 천안시 서북구 두정동,중상사고,0,1,0,0,차대차 - 측면충돌,신호위반,건조,맑음,교차로 - 교차로안,이륜,남,25세,중상,승용,남,52세,상해없음
2021030700100017,2021년 3월 7일 02시,일요일,충청남도 천안시 서북구 백석동,경상사고,0,0,2,0,차대차 - 추돌,안전운전불이행,건조,맑음,단일로 - 기타,승용,남,33세,상해없음,승용,남,21세,경상
2021030700100035,2021년 3월 7일 06시,일요일,충청남도 천안시 서북구 성정동,경상사고,0,0,2,0,차대차 - 측면충돌,안전운전불이행,건조,맑음,교차로 - 교차로안,승용,여,31세,상해없음,승용,남,52세,경상
2021030700100046,2021년 3월 7일 08시,일요일,충청남도 천안시 서북구 성정동,경상사고,0,0,1,0,차대차 - 추돌,안전운전불이행,건조,맑음,교차로 - 교차로부근,승용,남,27세,상해없음,승용,남,65세,경상
2021030700100101,2021년 3월 7일 12시,일요일,충청남도 예산군 대흥면,중상사고,0,1,0,0,차대차 - 추돌,안전거리미확보,건조,맑음,단일로 - 기타,이륜,남,52세,상해없음,이륜,남,52세,중상
2021030700100130,2021년 3월 7일 13시,일요일,충청남도 천안시 서북구 백석동,경상사고,0,0,1,0,차대차 - 기타,안전운전불이행,건조,맑음,교차로 - 교차로안,승용,여,30세,상해없음,승용,여,46세,경상
2021030700100131,2021년 3월 7일 13시,일요일,충청남도 아산시 온천동,경상사고,0,0,2,0,차대차 - 측면충돌,차로위반,건조,맑음,단일로 - 기타,승용,남,46세,경상,승용,남,68세,경상
2021030700100188,2021년 3월 7일 15시,일요일,충청남도 홍성군 홍성읍,경상사고,0,0,3,0,차대차 - 측면충돌,신호위반,건조,맑음,교차로 - 교차로안,승용,남,66세,경상,승용,여,52세,경상
2021030700100189,2021년 3월 7일 15시,일요일,충청남도 아산시 용화동,경상사고,0,0,2,0,차대차 - 기타,안전운전불이행,건조,맑음,교차로 - 교차로안,승용,남,53세,상해없음,승용,여,51세,경상
2021030700100190,2021년 3월 7일 15시,일요일,충청남도 천안시 동남구 신부동,경상사고,0,0,2,0,차대차 - 측면충돌,안전거리미확보,건조,맑음,단일로 - 기타,승용,여,56세,경상,승용,여,22세,경상
2021030700100223,2021년 3월 7일 16시,일요일,충청남도 부여군 은산면,사망사고,1,1,0,0,차대차 - 정면충돌,중앙선침범,건조,맑음,단일로 - 기타,승용,남,60세,사망,승용,여,57세,중상
2021030700100269,2021년 3월 7일 18시,일요일,충청남도 아산시 온천동,경상사고,0,0,4,0,차대사람 - 횡단중,보행자보호의무위반,건조,맑음,교차로 - 교차로횡단보도내,이륜,남,24세,상해없음,보행자,여,41세,경상
2021030700100270,2021년 3월 7일 18시,일요일,충청남도 아산시 권곡동,경상사고,0,0,1,0,차대차 - 측면충돌,신호위반,건조,맑음,교차로 - 교차로안,승용,남,38세,상해없음,승용,남,22세,경상
2021030700100271,2021년 3월 7일 18시,일요일,충청남도 청양군 대치면,중상사고,0,2,0,0,차량단독 - 도로외이탈 - 기타,안전운전불이행,건조,맑음,단일로 - 기타,승용,남,60세,중상,,,,
2021030700100272,2021년 3월 7일 18시,일요일,충청남도 천안시 동남구 수신면,경상사고,0,0,4,0,차대차 - 추돌,안전운전불이행,건조,맑음,단일로 - 기타,화물,남,25세,상해없음,승용,여,47세,경상
2021030700100273,2021년 3월 7일 18시,일요일,충청남도 당진시 신평면,중상사고,0,4,2,0,차대차 - 기타,안전운전불이행,건조,맑음,단일로 - 교량,승합,남,49세,상해없음,승용,남,28세,경상
2021030700100300,2021년 3월 7일 19시,일요일,충청남도 서산시 동문동,경상사고,0,0,1,0,차대차 - 측면충돌,차로위반,건조,맑음,단일로 - 기타,승용,남,69세,상해없음,이륜,남,27세,경상
2021030700100301,2021년 3월 7일 19시,일요일,충청남도 서천군 장항읍,경상사고,0,0,3,0,차대차 - 측면충돌,신호위반,건조,맑음,교차로 - 교차로안,승용,여,41세,경상,화물,남,59세,경상
2021030700100302,2021년 3월 7일 19시,일요일,충청남도 서천군 서천읍,경상사고,0,0,2,0,차대차 - 추돌,안전운전불이행,건조,맑음,교차로 - 교차로부근,화물,남,67세,상해없음,승용,여,53세,경상
2021030700100303,2021년 3월 7일 19시,일요일,충청남도 부여군 부여읍,중상사고,0,1,0,0,차대차 - 기타,차로위반,건조,맑음,단일로 - 기타,승용,남,51세,상해없음,승용,여,55세,중상
2021030700100384,2021년 3월 7일 23시,일요일,충청남도 천안시 서북구 신당동,경상사고,0,0,1,0,차대차 - 측면충돌,신호위반,건조,맑음,교차로 - 교차로안,승용,남,29세,상해없음,승용,남,44세,경상
2021030800100006,2021년 3월 8일 01시,월요일,충청남도 서산시 읍내동,중상사고,0,1,2,0,차대차 - 측면충돌,신호위반,건조,맑음,교차로 - 교차로안,승용,남,35세,상해없음,승용,남,16세,경상
2021030800100011,2021년 3월 8일 03시,월요일,충청남도 당진시 송악읍,중상사고,0,3,0,0,차대차 - 기타,안전운전불이행,건조,맑음,단일로 - 기타,승용,남,29세,상해없음,특수,남,63세,중상
2021030800100024,2021년 3월 8일 05시,월요일,충청남도 서산시 동문동,사망사고,1,0,0,0,차대사람 - 횡단중,안전운전불이행,건조,맑음,단일로 - 기타,승합,남,65세,상해없음,보행자,남,88세,사망
2021030800100032,2021년 3월 8일 06시,월요일,충청남도 천안시 서북구 성정동,경상사고,0,0,1,0,차대사람 - 횡단중,보행자보호의무위반,건조,흐림,단일로 - 기타,승용,남,66세,상해없음,보행자,여,61세,경상
2021030800100102,2021년 3월 8일 08시,월요일,충청남도 천안시 동남구 수신면,경상사고,0,0,2,0,차대차 - 측면충돌,기타,건조,맑음,교차로 - 교차로안,승용,여,61세,경상,승용,남,60세,경상
2021030800100152,2021년 3월 8일 09시,월요일,충청남도 서산시 해미면,중상사고,0,2,0,0,차대차 - 측면충돌,교차로운행방법위반,건조,맑음,교차로 - 교차로안,승용,남,60세,상해없음,승용,남,48세,중상
2021030800100177,2021년 3월 8일 10시,월요일,충청남도 천안시 서북구 성환읍,중상사고,0,1,0,0,차대차 - 기타,안전운전불이행,건조,맑음,교차로 - 교차로안,이륜,남,80세,중상,화물,남,57세,상해없음
2021030800100229,2021년 3월 8일 12시,월요일,충청남도 천안시 서북구 쌍용동,경상사고,0,0,1,0,차대차 - 추돌,안전운전불이행,건조,맑음,교차로 - 교차로부근,화물,남,55세,상해없음,승용,남,35세,경상
2021030800100230,2021년 3월 8일 12시,월요일,충청남도 공주시 금흥동,경상사고,0,0,2,0,차대차 - 정면충돌,안전운전불이행,건조,맑음,교차로 - 교차로안,승용,남,73세,기타불명,승용,남,71세,경상
2021030800100231,2021년 3월 8일 12시,월요일,충청남도 천안시 동남구 신방동,중상사고,0,1,4,0,차대차 - 기타,직진우회전진행방해,건조,맑음,교차로 - 교차로안,승용,여,55세,경상,승용,남,38세,경상
2021030800100264,2021년 3월 8일 13시,월요일,충청남도 천안시 동남구 원성동,중상사고,0,1,0,0,차대차 - 측면충돌,중앙선침범,건조,맑음,단일로 - 기타,승용,여,51세,상해없음,이륜,남,58세,중상
2021030800100324,2021년 3월 8일 15시,월요일,충청남도 천안시 서북구 직산읍,경상사고,0,0,1,0,차대차 - 기타,안전운전불이행,건조,맑음,기타 - 기타,승용,남,26세,상해없음,화물,남,69세,경상
2021030800100325,2021년 3월 8일 15시,월요일,충청남도 보령시 동대동,중상사고,0,1,0,0,차대사람 - 기타,보행자보호의무위반,건조,맑음,단일로 - 기타,화물,남,66세,상해없음,보행자,여,76세,중상
2021030800100366,2021년 3월 8일 16시,월요일,충청남도 서산시 팔봉면,경상사고,0,0,2,0,차대차 - 기타,중앙선침범,건조,맑음,단일로 - 기타,화물,남,64세,상해없음,승용,남,37세,경상
2021030800100405,2021년 3월 8일 17시,월요일,충청남도 천안시 서북구 불당동,경상사고,0,0,1,0,차대차 - 측면충돌,직진우회전진행방해,건조,맑음,교차로 - 교차로안,화물,남,61세,상해없음,승용,남,61세,경상
2021030800100489,2021년 3월 8일 19시,월요일,충청남도 천안시 서북구 쌍용동,경상사고,0,0,3,0,차대차 - 추돌,안전운전불이행,건조,맑음,교차로 - 교차로부근,승용,여,37세,상해없음,승용,여,45세,경상
2021030800100491,2021년 3월 8일 19시,월요일,충청남도 천안시 동남구 구룡동,중상사고,0,1,1,0,차대차 - 기타,신호위반,건조,맑음,교차로 - 교차로부근,승용,남,36세,경상,이륜,남,54세,중상
2021030800100528,2021년 3월 8일 20시,월요일,충청남도 천안시 동남구 신부동,경상사고,0,0,1,0,차대차 - 측면충돌,안전운전불이행,건조,맑음,교차로 - 교차로안,승용,여,21세,상해없음,승용,여,55세,경상
2021030800100556,2021년 3월 8일 21시,월요일,충청남도 아산시 모종동,경상사고,0,0,1,0,차대사람 - 기타,안전운전불이행,건조,맑음,기타 - 기타,승용,여,39세,상해없음,보행자,남,44세,경상
2021030800100580,2021년 3월 8일 22시,월요일,충청남도 아산시 좌부동,중상사고,0,1,0,0,차대차 - 추돌,안전운전불이행,건조,맑음,기타 - 기타,승용,남,31세,상해없음,승용,여,47세,상해없음
2021030800100593,2021년 3월 8일 23시,월요일,충청남도 천안시 서북구 두정동,중상사고,0,1,2,0,차대차 - 추돌,안전거리미확보,건조,맑음,단일로 - 기타,승용,남,36세,기타불명,승용,남,23세,중상
2021030800100594,2021년 3월 8일 23시,월요일,충청남도 천안시 서북구 불당동,경상사고,0,0,1,0,차대사람 - 횡단중,신호위반,건조,맑음,교차로 - 교차로횡단보도내,기타불명,기타불명,미분류,기타불명,보행자,남,34세,경상
2021030900100014,2021년 3월 9일 02시,화요일,충청남도 계룡시 엄사면,경상사고,0,0,1,0,차량단독 - 도로외이탈 - 추락,기타,건조,맑음,단일로 - 기타,화물,남,52세,경상,,,,
2021030900100019,2021년 3월 9일 04시,화요일,충청남도 천안시 서북구 성정동,경상사고,0,0,1,0,차대차 - 측면충돌,안전운전불이행,건조,맑음,단일로 - 기타,승용,남,28세,기타불명,원동기,여,58세,경상
2021030900100078,2021년 3월 9일 08시,화요일,충청남도 천안시 서북구 쌍용동,경상사고,0,0,1,0,차대차 - 측면충돌,안전운전불이행,건조,맑음,교차로 - 교차로부근,승용,남,63세,상해없음,승합,남,51세,경상
2021030900100079,2021년 3월 9일 08시,화요일,충청남도 천안시 서북구 두정동,경상사고,0,0,3,0,차대차 - 기타,직진우회전진행방해,건조,맑음,교차로 - 교차로안,승용,여,38세,경상,승합,남,60세,경상
2021030900100080,2021년 3월 9일 08시,화요일,충청남도 공주시 신관동,경상사고,0,0,1,0,차대차 - 추돌,안전운전불이행,건조,맑음,교차로 - 교차로부근,승용,남,30세,상해없음,승용,남,25세,경상
2021030900100081,2021년 3월 9일 08시,화요일,충청남도 천안시 동남구 신부동,중상사고,0,1,1,0,차대차 - 측면충돌,안전운전불이행,건조,맑음,단일로 - 기타,승용,여,42세,상해없음,승합,남,38세,중상
2021030900100099,2021년 3월 9일 09시,화요일,충청남도 천안시 서북구 두정동,경상사고,0,0,3,0,차대차 - 추돌,안전운전불이행,건조,맑음,단일로 - 기타,승용,여,76세,상해없음,승용,여,58세,경상
2021030900100124,2021년 3월 9일 10시,화요일,충청남도 천안시 서북구 성환읍,경상사고,0,0,2,0,차대차 - 추돌,안전운전불이행,건조,맑음,단일로 - 기타,화물,남,56세,경상,화물,남,34세,경상
2021030900100156,2021년 3월 9일 11시,화요일,충청남도 공주시 웅진동,경상사고,0,0,1,0,차대차 - 기타,신호위반,건조,맑음,교차로 - 교차로안,승용,남,66세,상해없음,승용,여,31세,경상
2021030900100185,2021년 3월 9일 12시,화요일,충청남도 천안시 서북구 성정동,경상사고,0,0,1,0,차대차 - 측면충돌,안전운전불이행,건조,맑음,교차로 - 교차로안,승용,남,27세,상해없음,승용,남,20세,경상
2021030900100186,2021년 3월 9일 12시,화요일,충청남도 논산시 은진면,경상사고,0,0,2,0,차대차 - 측면충돌,직진우회전진행방해,건조,맑음,교차로 - 교차로안,승용,남,53세,경상,화물,남,42세,경상
2021030900100187,2021년 3월 9일 12시,화요일,충청남도 천안시 동남구 대흥동,경상사고,0,0,1,0,차대차 - 기타,안전운전불이행,건조,맑음,단일로 - 기타,승용,남,61세,기타불명,승합,남,53세,경상
2021030900100303,2021년 3월 9일 16시,화요일,충청남도 논산시 연무읍,중상사고,0,1,0,0,차대사람 - 기타,안전운전불이행,건조,맑음,단일로 - 기타,승용,여,45세,기타불명,보행자,남,86세,중상
2021030900100304,2021년 3월 9일 16시,화요일,충청남도 아산시 둔포면,중상사고,0,1,0,0,차대차 - 추돌,안전운전불이행,건조,맑음,단일로 - 기타,화물,남,58세,상해없음,화물,남,47세,기타불명
2021030900100305,2021년 3월 9일 16시,화요일,충청남도 보령시 대천동,경상사고,0,0,2,0,차대차 - 정면충돌,중앙선침범,건조,맑음,교차로 - 교차로부근,승용,남,50세,상해없음,승용,여,48세,경상
2021030900100342,2021년 3월 9일 17시,화요일,충청남도 천안시 서북구 불당동,경상사고,0,0,1,0,차대차 - 기타,신호위반,건조,맑음,교차로 - 교차로안,이륜,남,29세,경상,화물,남,46세,상해없음
2021030900100343,2021년 3월 9일 17시,화요일,충청남도 서천군 서천읍,경상사고,0,0,2,0,차대차 - 추돌,안전거리미확보,건조,맑음,교차로 - 교차로안,화물,남,65세,상해없음,승용,남,63세,경상
2021030900100382,2021년 3월 9일 18시,화요일,충청남도 보령시 오천면,중상사고,0,2,0,0,차대차 - 측면충돌,신호위반,건조,맑음,교차로 - 교차로안,화물,남,57세,상해없음,승용,남,46세,중상
2021030900100383,2021년 3월 9일 18시,화요일,충청남도 보령시 대천동,경상사고,0,0,1,0,차대사람 - 횡단중,중앙선침범,건조,맑음,교차로 - 교차로부근,승용,여,44세,상해없음,보행자,여,10세,경상
2021030900100411,2021년 3월 9일 19시,화요일,충청남도 천안시 서북구 성정동,경상사고,0,0,1,0,차대차 - 추돌,안전운전불이행,건조,맑음,단일로 - 기타,승용,남,41세,상해없음,승용,남,34세,경상
2021030900100445,2021년 3월 9일 20시,화요일,충청남도 부여군 은산면,경상사고,0,0,2,0,차대차 - 측면충돌,교차로운행방법위반,건조,맑음,교차로 - 교차로안,승용,남,62세,상해없음,화물,남,70세,경상
2021030900100446,2021년 3월 9일 20시,화요일,충청남도 천안시 동남구 목천읍,경상사고,0,0,1,0,차대사람 - 기타,안전운전불이행,건조,맑음,단일로 - 기타,승용,남,50세,기타불명,보행자,남,68세,경상
2021031000100002,2021년 3월 10일 00시,수요일,충청남도 보령시 내항동,중상사고,0,1,0,0,차량단독 - 공작물충돌,안전운전불이행,건조,맑음,교차로 - 교차로부근,승용,남,43세,중상,,,,
2021031000100015,2021년 3월 10일 01시,수요일,충청남도 천안시 동남구 성황동,경상사고,0,0,1,0,차대차 - 측면충돌,안전운전불이행,건조,맑음,단일로 - 기타,승용,남,56세,상해없음,이륜,남,50세,경상
2021031000100046,2021년 3월 10일 06시,수요일,충청남도 아산시 영인면,중상사고,0,1,0,0,차대사람 - 기타,안전운전불이행,건조,맑음,교차로 - 교차로부근,화물,남,56세,상해없음,보행자,남,63세,중상
2021031000100066,2021년 3월 10일 07시,수요일,충청남도 천안시 동남구 청당동,경상사고,0,0,3,0,차대차 - 측면충돌,신호위반,건조,맑음,교차로 - 교차로안,승용,남,47세,상해없음,승용,남,37세,경상
2021031000100089,2021년 3월 10일 08시,수요일,충청남도 당진시 읍내동,중상사고,0,1,0,0,차대사람 - 기타,교차로운행방법위반,건조,맑음,기타 - 기타,승용,여,51세,상해없음,보행자,여,55세,중상
2021031000100150,2021년 3월 10일 10시,수요일,충청남도 공주시 금성동,중상사고,0,1,0,0,차대차 - 기타,안전운전불이행,건조,맑음,교차로 - 교차로부근,승용,여,52세,상해없음,이륜,남,69세,중상
2021031000100176,2021년 3월 10일 11시,수요일,충청남도 공주시 신관동,경상사고,0,0,1,1,차대차 - 기타,안전운전불이행,건조,맑음,기타 - 기타,승용,여,64세,부상신고,승용,남,64세,경상
2021031000100206,2021년 3월 10일 12시,수요일,충청남도 계룡시 엄사면,중상사고,0,1,0,0,차대차 - 측면충돌,안전운전불이행,건조,맑음,교차로 - 교차로횡단보도내,승용,여,66세,상해없음,자전거,남,74세,중상
2021031000100207,2021년 3월 10일 12시,수요일,충청남도 논산시 상월면,사망사고,1,0,0,0,차량단독 - 공작물충돌,안전운전불이행,건조,맑음,단일로 - 기타,승용,여,66세,사망,,,,
2021031000100208,2021년 3월 10일 12시,수요일,충청남도 예산군 예산읍,중상사고,0,1,0,0,차대차 - 측면충돌,직진우회전진행방해,건조,맑음,교차로 - 교차로안,승용,남,71세,상해없음,이륜,남,49세,중상
2021031000100241,2021년 3월 10일 13시,수요일,충청남도 공주시 신관동,경상사고,0,0,1,0,차대차 - 기타,안전운전불이행,건조,맑음,교차로 - 교차로안,승용,여,36세,상해없음,이륜,남,82세,경상
2021031000100242,2021년 3월 10일 13시,수요일,충청남도 천안시 동남구 신부동,경상사고,0,0,1,0,차대차 - 기타,안전운전불이행,건조,맑음,단일로 - 기타,승용,남,69세,상해없음,승용,남,27세,경상
2021031000100277,2021년 3월 10일 14시,수요일,충청남도 천안시 서북구 성환읍,경상사고,0,0,1,0,차대차 - 측면충돌,안전운전불이행,건조,맑음,교차로 - 교차로안,승용,남,37세,상해없음,승용,남,59세,경상
2021031000100278,2021년 3월 10일 14시,수요일,충청남도 계룡시 금암동,경상사고,0,0,2,0,차대차 - 측면충돌,교차로운행방법위반,건조,맑음,교차로 - 교차로안,화물,여,49세,경상,승용,여,63세,경상
2021031000100279,2021년 3월 10일 14시,수요일,충청남도 천안시 동남구 삼룡동,경상사고,0,0,1,0,차대차 - 측면충돌,안전운전불이행,건조,맑음,단일로 - 기타,화물,남,53세,상해없음,승용,남,43세,경상
2021031000100329,2021년 3월 10일 15시,수요일,충청남도 천안시 서북구 입장면,경상사고,0,0,1,0,차대차 - 측면충돌,교차로운행방법위반,건조,맑음,교차로 - 교차로안,승용,남,57세,상해없음,이륜,남,70세,경상
2021031000100364,2021년 3월 10일 16시,수요일,충청남도 아산시 배방읍,중상사고,0,1,1,0,차대차 - 정면충돌,신호위반,건조,맑음,교차로 - 교차로안,승합,남,39세,상해없음,승용,여,40세,중상
2021031000100404,2021년 3월 10일 17시,수요일,충청남도 서천군 장항읍,경상사고,0,0,3,0,차대차 - 측면충돌,직진우회전진행방해,건조,맑음,교차로 - 교차로안,승용,남,59세,상해없음,승용,여,37세,경상
2021031000100439,2021년 3월 10일 18시,수요일,충청남도 천안시 서북구 쌍용동,경상사고,0,0,1,0,차대사람 - 기타,안전운전불이행,건조,맑음,기타 - 기타,승용,여,48세,상해없음,보행자,남,52세,경상
2021031000100440,2021년 3월 10일 18시,수요일,충청남도 천안시 동남구 신부동,경상사고,0,0,1,0,차대차 - 측면충돌,안전운전불이행,건조,맑음,교차로 - 교차로안,승용,남,76세,상해없음,승용,여,28세,경상
2021031000100506,2021년 3월 10일 20시,수요일,충청남도 서산시 성연면,경상사고,0,0,1,0,차대사람 - 횡단중,안전운전불이행,건조,맑음,교차로 - 교차로부근,승용,여,44세,상해없음,보행자,남,53세,경상
2021031000100508,2021년 3월 10일 20시,수요일,충청남도 천안시 서북구 성정동,중상사고,0,1,0,0,차대차 - 측면충돌,신호위반,건조,맑음,교차로 - 교차로안,승합,남,63세,상해없음,이륜,남,24세,중상
2021031000100509,2021년 3월 10일 20시,수요일,충청남도 천안시 서북구 두정동,중상사고,0,2,0,0,차대차 - 추돌,안전운전불이행,건조,맑음,교차로 - 교차로부근,승용,남,26세,상해없음,승용,남,27세,중상
2021031000100510,2021년 3월 10일 20시,수요일,충청남도 서천군 서천읍,중상사고,0,1,3,0,차대차 - 추돌,안전거리미확보,건조,맑음,교차로 - 교차로부근,승용,남,51세,상해없음,승용,남,52세,경상
2021031100100011,2021년 3월 11일 01시,목요일,충청남도 아산시 장존동,부상신고사고,0,0,0,1,차대차 - 기타,안전운전불이행,건조,맑음,주차장 - 주차장,승용,남,19세,상해없음,개인형이동수단(PM),여,40세,상해없음
2021031100100024,2021년 3월 11일 03시,목요일,충청남도 천안시 서북구 불당동,중상사고,0,2,0,0,차량단독 - 기타,안전운전불이행,건조,맑음,교차로 - 교차로부근,이륜,남,19세,중상,,,,
2021031100100041,2021년 3월 11일 06시,목요일,충청남도 당진시 신평면,중상사고,0,1,0,0,차대차 - 추돌,안전거리미확보,건조,맑음,단일로 - 교량,승합,기타불명,미분류,기타불명,승용,남,46세,중상
2021031100100065,2021년 3월 11일 07시,목요일,충청남도 당진시 송악읍,경상사고,0,0,3,0,차대차 - 기타,신호위반,건조,맑음,교차로 - 교차로부근,승합,남,63세,경상,승용,남,25세,경상
2021031100100250,2021년 3월 11일 14시,목요일,충청남도 아산시 배방읍,중상사고,0,2,1,1,차대차 - 추돌,안전운전불이행,건조,맑음,단일로 - 기타,승용,여,40세,부상신고,화물,남,43세,경상