사고번호,사고일시,요일,시군구,사고내용,사망자수,중상자수,경상자수,부상신고자수,사고유형,법규위반,노면상태,기상상태,도로형태,가해운전자 차종,가해운전자 성별,가해운전자 연령,가해운전자 상해정도,피해운전자 차종,피해운전자 성별,피해운전자 연령,피해운전자 상해정도
2021031100100284,2021년 3월 11일 15시,목요일,충청남도 천안시 서북구 입장면,중상사고,0,1,0,0,차대차 - 기타,교차로운행방법위반,건조,맑음,교차로 - 교차로안,승용,남,36세,상해없음,승용,남,41세,중상
2021031100100320,2021년 3월 11일 16시,목요일,충청남도 천안시 서북구 직산읍,경상사고,0,0,1,0,차대차 - 측면충돌,직진우회전진행방해,건조,맑음,교차로 - 교차로안,승용,여,28세,경상,화물,남,56세,상해없음
2021031100100354,2021년 3월 11일 17시,목요일,충청남도 천안시 동남구 다가동,부상신고사고,0,0,0,1,차대차 - 측면충돌,직진우회전진행방해,건조,맑음,교차로 - 교차로안,원동기,남,22세,부상신고,승용,남,67세,상해없음
2021031100100355,2021년 3월 11일 17시,목요일,충청남도 천안시 동남구 삼룡동,경상사고,0,0,1,0,차대차 - 측면충돌,안전운전불이행,건조,맑음,교차로 - 교차로부근,승용,남,21세,상해없음,승용,여,29세,경상
2021031100100387,2021년 3월 11일 18시,목요일,충청남도 홍성군 홍성읍,경상사고,0,0,2,0,차대차 - 기타,안전운전불이행,건조,맑음,교차로 - 교차로안,승용,여,43세,상해없음,승용,남,30세,경상
2021031100100388,2021년 3월 11일 18시,목요일,충청남도 아산시 배방읍,중상사고,0,1,0,0,차대차 - 추돌,안전운전불이행,건조,맑음,단일로 - 기타,화물,남,55세,상해없음,승용,남,21세,중상
2021031100100389,2021년 3월 11일 18시,목요일,충청남도 공주시 신관동,경상사고,0,0,2,0,차대차 - 추돌,안전운전불이행,건조,맑음,단일로 - 기타,승용,남,40세,상해없음,승용,남,65세,경상
2021031100100390,2021년 3월 11일 18시,목요일,충청남도 천안시 동남구 신방동,중상사고,0,1,0,0,차대사람 - 횡단중,보행자보호의무위반,건조,맑음,교차로 - 교차로부근,승용,여,38세,상해없음,보행자,남,6세,중상
2021031100100437,2021년 3월 11일 19시,목요일,충청남도 아산시 권곡동,경상사고,0,0,1,0,차대차 - 정면충돌,안전운전불이행,건조,맑음,교차로 - 교차로안,승용,여,26세,기타불명,승용,남,32세,경상
2021031100100532,2021년 3월 11일 22시,목요일,충청남도 천안시 동남구 신방동,경상사고,0,0,1,0,차대차 - 정면충돌,안전운전불이행,건조,맑음,단일로 - 기타,승용,남,29세,상해없음,화물,남,31세,경상
2021031200100002,2021년 3월 12일 00시,금요일,충청남도 부여군 부여읍,경상사고,0,0,1,0,차대차 - 기타,직진우회전진행방해,건조,맑음,교차로 - 교차로안,승용,남,19세,상해없음,자전거,남,55세,경상
2021031200100005,2021년 3월 12일 01시,금요일,충청남도 천안시 서북구 성정동,경상사고,0,0,1,0,차대차 - 추돌,안전운전불이행,건조,맑음,단일로 - 기타,승용,남,28세,상해없음,승용,남,45세,상해없음
2021031200100006,2021년 3월 12일 01시,금요일,충청남도 아산시 용화동,중상사고,0,1,0,1,차량단독 - 기타,안전운전불이행,건조,맑음,단일로 - 기타,이륜,남,26세,부상신고,,,,
2021031200100025,2021년 3월 12일 05시,금요일,충청남도 천안시 서북구 불당동,중상사고,0,1,0,0,차대사람 - 횡단중,보행자보호의무위반,건조,맑음,교차로 - 교차로횡단보도내,승용,남,29세,상해없음,보행자,여,52세,중상
2021031200100035,2021년 3월 12일 06시,금요일,충청남도 천안시 서북구 성정동,경상사고,0,0,1,0,차대사람 - 횡단중,안전운전불이행,건조,맑음,단일로 - 기타,승용,남,36세,상해없음,보행자,남,82세,경상
2021031200100046,2021년 3월 12일 07시,금요일,충청남도 아산시 인주면,경상사고,0,0,3,0,차량단독 - 기타,안전운전불이행,건조,맑음,기타 - 기타,승용,여,38세,경상,,,,
2021031200100069,2021년 3월 12일 08시,금요일,충청남도 천안시 서북구 성성동,경상사고,0,0,1,0,차대차 - 추돌,안전거리미확보,건조,맑음,단일로 - 기타,승용,여,35세,상해없음,승용,여,68세,경상
2021031200100094,2021년 3월 12일 09시,금요일,충청남도 아산시 권곡동,중상사고,0,1,0,0,차대차 - 측면충돌,안전운전불이행,건조,맑음,교차로 - 교차로안,승용,남,26세,상해없음,승용,여,66세,중상
2021031200100155,2021년 3월 12일 11시,금요일,충청남도 예산군 예산읍,경상사고,0,0,2,0,차대차 - 측면충돌,신호위반,건조,맑음,교차로 - 교차로안,승용,여,50세,상해없음,승용,여,44세,경상
2021031200100215,2021년 3월 12일 13시,금요일,충청남도 당진시 수청동,경상사고,0,0,1,0,차대차 - 기타,교차로운행방법위반,건조,맑음,교차로 - 교차로안,승용,남,47세,상해없음,승용,여,28세,경상
2021031200100250,2021년 3월 12일 14시,금요일,충청남도 홍성군 홍북읍,경상사고,0,0,1,0,차대차 - 측면충돌,신호위반,젖음/습기,비,교차로 - 교차로안,승용,여,52세,상해없음,승용,여,54세,경상
2021031200100251,2021년 3월 12일 14시,금요일,충청남도 아산시 음봉면,경상사고,0,0,1,0,차대차 - 추돌,안전운전불이행,젖음/습기,비,교차로 - 교차로부근,승용,남,62세,기타불명,승용,여,46세,경상
2021031200100288,2021년 3월 12일 15시,금요일,충청남도 당진시 송악읍,경상사고,0,0,1,0,차대차 - 기타,안전운전불이행,젖음/습기,비,단일로 - 터널,기타불명,기타불명,미분류,기타불명,이륜,남,30세,경상
2021031200100329,2021년 3월 12일 16시,금요일,충청남도 천안시 서북구 두정동,경상사고,0,0,1,0,차대차 - 기타,안전거리미확보,젖음/습기,비,단일로 - 기타,승용,남,30세,상해없음,이륜,남,28세,경상
2021031200100330,2021년 3월 12일 16시,금요일,충청남도 천안시 서북구 입장면,경상사고,0,0,2,0,차대차 - 추돌,안전운전불이행,젖음/습기,흐림,교차로 - 교차로부근,승용,남,31세,상해없음,승용,여,35세,경상
2021031200100378,2021년 3월 12일 17시,금요일,충청남도 금산군 남일면,경상사고,0,0,1,0,차량단독 - 전도전복 - 전도,안전운전불이행,젖음/습기,비,단일로 - 교량,이륜,남,60세,경상,,,,
2021031200100379,2021년 3월 12일 17시,금요일,충청남도 천안시 동남구 다가동,중상사고,0,1,0,0,차대차 - 측면충돌,직진우회전진행방해,건조,맑음,교차로 - 교차로안,승용,남,62세,상해없음,자전거,남,58세,중상
2021031200100466,2021년 3월 12일 19시,금요일,충청남도 천안시 서북구 두정동,경상사고,0,0,1,0,차대차 - 추돌,안전운전불이행,건조,맑음,교차로 - 교차로안,승용,여,51세,상해없음,승용,남,58세,경상
2021031200100516,2021년 3월 12일 20시,금요일,충청남도 보령시 신흑동,중상사고,0,2,0,0,차대차 - 기타,중앙선침범,젖음/습기,흐림,교차로 - 교차로부근,승용,남,54세,상해없음,승용,남,51세,중상
2021031200100517,2021년 3월 12일 20시,금요일,충청남도 당진시 고대면,경상사고,0,0,1,0,차대차 - 추돌,안전거리미확보,건조,맑음,단일로 - 기타,승용,남,66세,상해없음,승용,여,27세,경상
2021031200100553,2021년 3월 12일 21시,금요일,충청남도 아산시 배방읍,경상사고,0,0,1,0,차대차 - 추돌,안전운전불이행,건조,맑음,단일로 - 기타,승용,남,48세,상해없음,승용,남,46세,경상
2021031200100586,2021년 3월 12일 22시,금요일,충청남도 천안시 동남구 신방동,중상사고,0,1,0,0,차대차 - 기타,안전거리미확보,건조,맑음,단일로 - 기타,승용,남,40세,상해없음,이륜,남,59세,중상
2021031200100614,2021년 3월 12일 23시,금요일,충청남도 아산시 온천동,경상사고,0,0,4,0,차대차 - 기타,안전운전불이행,건조,맑음,교차로 - 교차로부근,승용,남,37세,상해없음,승용,남,56세,경상
2021031300100007,2021년 3월 13일 00시,토요일,충청남도 천안시 서북구 신당동,경상사고,0,0,1,0,차대차 - 측면충돌,신호위반,건조,맑음,교차로 - 교차로안,승용,남,40세,상해없음,승용,여,44세,경상
2021031300100043,2021년 3월 13일 05시,토요일,충청남도 천안시 서북구 백석동,경상사고,0,0,1,0,차대차 - 측면충돌,교차로운행방법위반,젖음/습기,흐림,교차로 - 교차로안,승용,남,23세,상해없음,승용,남,34세,경상
2021031300100055,2021년 3월 13일 07시,토요일,충청남도 공주시 신관동,중상사고,0,1,0,0,차대차 - 추돌,안전운전불이행,젖음/습기,안개,교차로 - 교차로부근,화물,남,39세,상해없음,승용,남,44세,중상
2021031300100091,2021년 3월 13일 09시,토요일,충청남도 공주시 태봉동,중상사고,0,1,0,0,차량단독 - 전도전복 - 전도,안전운전불이행,건조,맑음,교차로 - 교차로안,이륜,남,82세,중상,,,,
2021031300100092,2021년 3월 13일 09시,토요일,충청남도 당진시 신평면,경상사고,0,0,1,0,차대차 - 측면충돌,중앙선침범,건조,맑음,교차로 - 교차로안,승용,남,77세,상해없음,화물,남,52세,경상
2021031300100118,2021년 3월 13일 10시,토요일,충청남도 아산시 염치읍,경상사고,0,0,3,0,차대차 - 측면충돌,안전거리미확보,건조,맑음,단일로 - 기타,건설기계,남,57세,상해없음,승용,남,40세,경상
2021031300100119,2021년 3월 13일 10시,토요일,충청남도 금산군 금산읍,경상사고,0,0,1,0,차대차 - 후진중충돌,안전운전불이행,건조,맑음,단일로 - 기타,승용,남,83세,상해없음,승합,남,71세,경상
2021031300100120,2021년 3월 13일 10시,토요일,충청남도 청양군 청양읍,중상사고,0,1,0,0,차대차 - 측면충돌,직진우회전진행방해,건조,맑음,교차로 - 교차로안,이륜,남,17세,중상,승용,여,59세,상해없음
2021031300100121,2021년 3월 13일 10시,토요일,충청남도 태안군 태안읍,경상사고,0,0,1,0,차대차 - 추돌,안전운전불이행,건조,맑음,기타 - 기타,승용,여,54세,상해없음,승용,여,33세,경상
2021031300100122,2021년 3월 13일 10시,토요일,충청남도 공주시 정안면,중상사고,0,4,1,1,차대차 - 기타,안전운전불이행,건조,맑음,단일로 - 기타,승용,남,45세,상해없음,승용,여,64세,중상
2021031300100307,2021년 3월 13일 15시,토요일,충청남도 천안시 동남구 목천읍,경상사고,0,0,2,0,차대차 - 기타,안전운전불이행,건조,맑음,단일로 - 기타,승용,남,50세,상해없음,승용,남,76세,경상
2021031300100335,2021년 3월 13일 16시,토요일,충청남도 천안시 서북구 불당동,경상사고,0,0,1,0,차대차 - 기타,직진우회전진행방해,건조,맑음,교차로 - 교차로안,승용,남,52세,상해없음,원동기,남,34세,경상
2021031300100336,2021년 3월 13일 16시,토요일,충청남도 천안시 동남구 신방동,중상사고,0,1,0,0,차대차 - 측면충돌,신호위반,건조,맑음,교차로 - 교차로횡단보도내,원동기,남,64세,상해없음,자전거,남,74세,중상
2021031300100371,2021년 3월 13일 17시,토요일,충청남도 보령시 주교면,경상사고,0,0,3,0,차대차 - 기타,안전운전불이행,건조,맑음,단일로 - 기타,승용,남,56세,상해없음,승용,남,60세,경상
2021031300100471,2021년 3월 13일 20시,토요일,충청남도 천안시 서북구 불당동,경상사고,0,0,1,0,차대차 - 기타,안전운전불이행,건조,맑음,교차로 - 교차로부근,승용,남,63세,상해없음,승용,남,58세,상해없음
2021031300100519,2021년 3월 13일 22시,토요일,충청남도 아산시 신창면,중상사고,0,1,0,0,차대차 - 추돌,안전운전불이행,건조,흐림,단일로 - 기타,승용,남,35세,상해없음,농기계,남,58세,중상
2021031300100532,2021년 3월 13일 23시,토요일,충청남도 보령시 동대동,경상사고,0,0,1,0,차대차 - 기타,안전운전불이행,건조,맑음,단일로 - 기타,승용,남,43세,상해없음,승용,남,19세,경상
2021031400100017,2021년 3월 14일 01시,일요일,충청남도 아산시 용화동,경상사고,0,0,1,0,차대차 - 추돌,안전운전불이행,건조,맑음,단일로 - 기타,승용,여,27세,상해없음,승용,남,63세,경상
2021031400100034,2021년 3월 14일 04시,일요일,충청남도 천안시 서북구 성거읍,중상사고,0,1,3,0,차대차 - 추돌,안전운전불이행,건조,맑음,단일로 - 기타,승용,남,26세,상해없음,화물,남,21세,경상
2021031400100070,2021년 3월 14일 09시,일요일,충청남도 태안군 안면읍,중상사고,0,2,0,0,차대차 - 정면충돌,중앙선침범,건조,맑음,단일로 - 기타,승용,남,81세,중상,화물,남,66세,중상
2021031400100076,2021년 3월 14일 10시,일요일,충청남도 천안시 서북구 두정동,경상사고,0,0,2,0,차대차 - 기타,안전운전불이행,건조,맑음,단일로 - 기타,승용,여,35세,기타불명,승용,남,25세,경상
2021031400100077,2021년 3월 14일 10시,일요일,충청남도 보령시 주산면,중상사고,0,1,0,0,차대차 - 측면충돌,직진우회전진행방해,건조,맑음,교차로 - 교차로안,농기계,남,67세,상해없음,승용,여,60세,중상
2021031400100078,2021년 3월 14일 10시,일요일,충청남도 천안시 동남구 대흥동,경상사고,0,0,4,0,차대차 - 기타,안전운전불이행,건조,맑음,교차로 - 교차로안,화물,남,79세,상해없음,승용,남,54세,기타불명
2021031400100119,2021년 3월 14일 12시,일요일,충청남도 논산시 취암동,중상사고,0,2,3,0,차대차 - 측면충돌,기타,건조,맑음,교차로 - 교차로안,승용,남,52세,중상,승용,남,42세,경상
2021031400100120,2021년 3월 14일 12시,일요일,충청남도 천안시 동남구 신부동,경상사고,0,0,1,0,차대차 - 기타,안전운전불이행,건조,맑음,단일로 - 기타,이륜,남,39세,경상,승용,남,27세,상해없음
2021031400100177,2021년 3월 14일 14시,일요일,충청남도 당진시 수청동,경상사고,0,0,1,0,차대차 - 기타,안전거리미확보,건조,맑음,단일로 - 기타,승용,남,28세,상해없음,승합,남,40세,경상
2021031400100193,2021년 3월 14일 15시,일요일,충청남도 홍성군 홍성읍,중상사고,0,2,0,0,차대차 - 정면충돌,안전운전불이행,건조,맑음,교차로 - 교차로안,승용,남,26세,상해없음,승용,남,52세,상해없음
2021031400100194,2021년 3월 14일 15시,일요일,충청남도 아산시 인주면,중상사고,0,1,0,0,차대차 - 기타,차로위반,건조,맑음,단일로 - 기타,승용,남,51세,상해없음,이륜,남,37세,중상
2021031400100195,2021년 3월 14일 15시,일요일,충청남도 공주시 유구읍,경상사고,0,0,1,0,차대차 - 측면충돌,안전운전불이행,건조,맑음,교차로 - 교차로부근,이륜,남,45세,기타불명,승용,남,73세,상해없음
2021031400100196,2021년 3월 14일 15시,일요일,충청남도 예산군 삽교읍,중상사고,0,1,0,0,차대차 - 정면충돌,교차로운행방법위반,건조,맑음,교차로 - 교차로안,승용,남,60세,상해없음,이륜,남,38세,중상
2021031400100197,2021년 3월 14일 15시,일요일,충청남도 당진시 송악읍,경상사고,0,0,1,0,차대차 - 측면충돌,신호위반,건조,맑음,교차로 - 교차로안,이륜,남,61세,상해없음,승용,남,67세,경상
2021031400100223,2021년 3월 14일 16시,일요일,충청남도 천안시 서북구 성정동,경상사고,0,0,1,0,차대사람 - 기타,안전운전불이행,건조,맑음,단일로 - 기타,승용,남,25세,상해없음,보행자,남,4세,경상
2021031400100224,2021년 3월 14일 16시,일요일,충청남도 천안시 서북구 성성동,경상사고,0,0,1,0,차대사람 - 기타,신호위반,건조,맑음,교차로 - 교차로안,승용,남,56세,상해없음,보행자,남,48세,상해없음
2021031400100255,2021년 3월 14일 17시,일요일,충청남도 서산시 인지면,경상사고,0,0,3,0,차대차 - 측면충돌,중앙선침범,건조,맑음,단일로 - 기타,승용,여,58세,상해없음,승용,남,55세,경상
2021031400100256,2021년 3월 14일 17시,일요일,충청남도 논산시 부적면,경상사고,0,0,1,0,차대차 - 추돌,안전운전불이행,건조,맑음,교차로 - 교차로부근,승용,기타불명,미분류,기타불명,승용,남,40세,경상
2021031400100257,2021년 3월 14일 17시,일요일,충청남도 천안시 동남구 원성동,경상사고,0,0,1,0,차대차 - 측면충돌,안전운전불이행,건조,맑음,단일로 - 기타,승용,남,28세,상해없음,이륜,남,24세,경상
2021031400100324,2021년 3월 14일 19시,일요일,충청남도 천안시 서북구 성환읍,경상사고,0,0,1,0,차대차 - 후진중충돌,안전운전불이행,건조,맑음,단일로 - 기타,승용,남,50세,상해없음,화물,남,59세,경상
2021031400100325,2021년 3월 14일 19시,일요일,충청남도 논산시 취암동,경상사고,0,0,1,0,차대차 - 측면충돌,중앙선침범,건조,맑음,교차로 - 교차로부근,이륜,남,20세,상해없음,이륜,남,18세,경상
2021031400100342,2021년 3월 14일 20시,일요일,충청남도 천안시 서북구 두정동,경상사고,0,0,1,0,차대차 - 기타,직진우회전진행방해,건조,맑음,교차로 - 교차로안,승용,남,27세,상해없음,이륜,남,53세,경상
2021031400100365,2021년 3월 14일 21시,일요일,충청남도 천안시 서북구 불당동,경상사고,0,0,1,0,차대차 - 기타,차로위반,건조,맑음,교차로 - 교차로안,승용,남,47세,상해없음,이륜,남,22세,경상
2021031500100017,2021년 3월 15일 04시,월요일,충청남도 아산시 용화동,중상사고,0,1,1,0,차대차 - 정면충돌,안전운전불이행,건조,맑음,교차로 - 교차로부근,승용,남,40세,상해없음,화물,남,59세,기타불명
2021031500100032,2021년 3월 15일 06시,월요일,충청남도 보령시 대천동,중상사고,0,1,0,0,차대사람 - 횡단중,안전운전불이행,건조,맑음,교차로 - 교차로안,승용,여,50세,상해없음,보행자,여,63세,중상
2021031500100046,2021년 3월 15일 07시,월요일,충청남도 천안시 서북구 두정동,경상사고,0,0,1,0,차대차 - 기타,신호위반,건조,맑음,단일로 - 기타,화물,남,69세,상해없음,승용,남,34세,경상
2021031500100047,2021년 3월 15일 07시,월요일,충청남도 아산시 신인동,경상사고,0,0,1,0,차대차 - 정면충돌,중앙선침범,건조,맑음,단일로 - 기타,승용,여,23세,상해없음,승용,남,31세,경상
2021031500100048,2021년 3월 15일 07시,월요일,충청남도 천안시 동남구 청당동,경상사고,0,0,2,0,차대차 - 측면충돌,직진우회전진행방해,건조,맑음,주차장 - 주차장,화물,남,56세,경상,승용,남,46세,경상
2021031500100049,2021년 3월 15일 07시,월요일,충청남도 천안시 동남구 영성동,경상사고,0,0,1,0,차대차 - 정면충돌,교차로운행방법위반,건조,맑음,교차로 - 교차로안,승용,남,76세,상해없음,승용,남,47세,경상
2021031500100128,2021년 3월 15일 09시,월요일,충청남도 서산시 동문동,중상사고,0,1,0,0,차대사람 - 횡단중,보행자보호의무위반,건조,맑음,교차로 - 교차로횡단보도내,승용,여,40세,상해없음,보행자,여,64세,중상
2021031500100161,2021년 3월 15일 10시,월요일,충청남도 예산군 예산읍,중상사고,0,1,0,0,차대차 - 측면충돌,안전운전불이행,건조,맑음,단일로 - 기타,화물,남,68세,상해없음,이륜,남,80세,중상
2021031500100182,2021년 3월 15일 11시,월요일,충청남도 서산시 석림동,중상사고,0,1,0,0,차대차 - 측면충돌,신호위반,건조,맑음,교차로 - 교차로안,화물,남,66세,상해없음,승용,여,44세,중상
2021031500100183,2021년 3월 15일 11시,월요일,충청남도 아산시 배방읍,경상사고,0,0,2,0,차대차 - 기타,안전운전불이행,건조,맑음,교차로 - 교차로안,승용,남,31세,상해없음,화물,남,49세,경상
2021031500100185,2021년 3월 15일 11시,월요일,충청남도 천안시 동남구 풍세면,경상사고,0,0,1,0,차대차 - 측면충돌,안전운전불이행,건조,맑음,단일로 - 교량,화물,남,47세,상해없음,이륜,남,52세,경상
2021031500100234,2021년 3월 15일 13시,월요일,충청남도 천안시 서북구 두정동,경상사고,0,0,1,0,차대차 - 측면충돌,안전운전불이행,건조,맑음,단일로 - 기타,이륜,남,40세,경상,승합,여,56세,상해없음
2021031500100299,2021년 3월 15일 15시,월요일,충청남도 천안시 서북구 두정동,중상사고,0,1,0,0,차대차 - 측면충돌,중앙선침범,건조,맑음,단일로 - 기타,승합,남,63세,상해없음,이륜,남,31세,중상
2021031500100300,2021년 3월 15일 15시,월요일,충청남도 아산시 모종동,부상신고사고,0,0,0,1,차대차 - 기타,안전운전불이행,건조,맑음,단일로 - 기타,이륜,남,20세,부상신고,승용,여,43세,상해없음
2021031500100331,2021년 3월 15일 16시,월요일,충청남도 천안시 서북구 성정동,중상사고,0,1,0,0,차대사람 - 기타,안전운전불이행,건조,맑음,단일로 - 기타,화물,남,24세,상해없음,보행자,여,58세,중상
2021031500100332,2021년 3월 15일 16시,월요일,충청남도 천안시 서북구 직산읍,경상사고,0,0,1,0,차대차 - 추돌,안전운전불이행,건조,맑음,단일로 - 고가도로위,화물,남,69세,상해없음,승용,여,65세,경상
2021031500100333,2021년 3월 15일 16시,월요일,충청남도 천안시 서북구 성성동,경상사고,0,0,2,0,차대차 - 추돌,안전운전불이행,건조,맑음,교차로 - 교차로횡단보도내,화물,남,52세,경상,승용,여,39세,경상
2021031500100334,2021년 3월 15일 16시,월요일,충청남도 아산시 신창면,경상사고,0,0,1,0,차대사람 - 기타,안전운전불이행,건조,맑음,주차장 - 주차장,승용,여,39세,상해없음,보행자,남,28세,경상
2021031500100335,2021년 3월 15일 16시,월요일,충청남도 아산시 둔포면,경상사고,0,0,1,0,차대차 - 기타,안전운전불이행,건조,맑음,교차로 - 교차로안,승용,남,54세,상해없음,승용,여,64세,경상
2021031500100423,2021년 3월 15일 18시,월요일,충청남도 천안시 서북구 백석동,경상사고,0,0,2,0,차대차 - 추돌,안전운전불이행,건조,맑음,단일로 - 기타,승용,남,67세,상해없음,승합,남,27세,경상
2021031500100424,2021년 3월 15일 18시,월요일,충청남도 아산시 권곡동,경상사고,0,0,1,0,차대차 - 기타,안전운전불이행,건조,맑음,단일로 - 기타,승용,여,49세,상해없음,승용,남,33세,경상
2021031500100462,2021년 3월 15일 19시,월요일,충청남도 서천군 서천읍,중상사고,0,1,0,0,차대차 - 측면충돌,중앙선침범,건조,맑음,단일로 - 기타,자전거,여,77세,중상,승용,남,29세,상해없음
2021031500100463,2021년 3월 15일 19시,월요일,충청남도 당진시 송악읍,경상사고,0,0,1,0,차대차 - 기타,안전운전불이행,건조,맑음,교차로 - 교차로안,화물,여,55세,상해없음,화물,남,33세,경상
2021031500100493,2021년 3월 15일 20시,월요일,충청남도 천안시 서북구 쌍용동,경상사고,0,0,1,0,차대차 - 기타,신호위반,건조,맑음,교차로 - 교차로안,승용,여,27세,상해없음,승용,남,35세,경상
2021031500100494,2021년 3월 15일 20시,월요일,충청남도 천안시 서북구 쌍용동,중상사고,0,1,0,0,차대사람 - 횡단중,보행자보호의무위반,건조,기타,교차로 - 교차로횡단보도내,승용,남,66세,상해없음,보행자,여,52세,중상
2021031500100495,2021년 3월 15일 20시,월요일,충청남도 천안시 서북구 쌍용동,경상사고,0,0,1,0,차대차 - 기타,안전운전불이행,건조,기타,단일로 - 기타,승용,여,61세,상해없음,승용,남,47세,경상
2021031500100534,2021년 3월 15일 22시,월요일,충청남도 아산시 온천동,경상사고,0,0,1,0,차대차 - 추돌,안전운전불이행,젖음/습기,비,교차로 - 교차로부근,승용,남,32세,상해없음,승용,남,42세,경상
2021031600100023,2021년 3월 16일 01시,화요일,충청남도 아산시 모종동,경상사고,0,0,1,0,차대차 - 기타,안전운전불이행,건조,맑음,교차로 - 교차로부근,승용,남,55세,상해없음,승용,남,23세,경상
2021031600100033,2021년 3월 16일 04시,화요일,충청남도 논산시 채운면,중상사고,0,2,0,0,차대차 - 정면충돌,중앙선침범,젖음/습기,흐림,단일로 - 기타,승용,남,59세,중상,화물,남,60세,중상
2021031600100042,2021년 3월 16일 05시,화요일,충청남도 천안시 서북구 직산읍,사망사고,1,0,0,0,차대차 - 추돌,안전운전불이행,건조,맑음,단일로 - 기타,승용,남,28세,사망,승합,남,56세,상해없음
2021031600100074,2021년 3월 16일 07시,화요일,충청남도 천안시 서북구 부대동,중상사고,0,3,3,0,차대차 - 추돌,안전운전불이행,건조,맑음,단일로 - 기타,승용,남,57세,상해없음,승용,남,41세,경상
2021031600100075,2021년 3월 16일 07시,화요일,충청남도 천안시 서북구 불당동,부상신고사고,0,0,0,1,차대차 - 측면충돌,안전운전불이행,건조,맑음,교차로 - 교차로횡단보도내,개인형이동수단(PM),남,40세,부상신고,승용,남,37세,상해없음
2021031600100076,2021년 3월 16일 07시,화요일,충청남도 천안시 서북구 직산읍,경상사고,0,0,2,0,차대차 - 측면충돌,교차로운행방법위반,건조,맑음,교차로 - 교차로안,승용,남,34세,경상,승용,여,28세,경상
2021031600100077,2021년 3월 16일 07시,화요일,충청남도 아산시 배방읍,경상사고,0,0,1,0,차대차 - 추돌,안전운전불이행,건조,맑음,교차로 - 교차로안,승용,여,33세,상해없음,승용,여,32세,경상
2021031600100078,2021년 3월 16일 07시,화요일,충청남도 당진시 순성면,경상사고,0,0,1,0,차대차 - 정면충돌,직진우회전진행방해,건조,맑음,교차로 - 교차로안,승용,남,56세,상해없음,승용,남,57세,경상
2021031600100111,2021년 3월 16일 08시,화요일,충청남도 아산시 염치읍,경상사고,0,0,1,0,차대차 - 정면충돌,중앙선침범,건조,맑음,단일로 - 기타,승용,여,26세,상해없음,승용,여,29세,경상
2021031600100112,2021년 3월 16일 08시,화요일,충청남도 서천군 장항읍,경상사고,0,0,1,0,차대사람 - 길가장자리구역통행중,안전운전불이행,건조,맑음,교차로 - 교차로부근,승용,여,26세,상해없음,보행자,남,56세,경상
2021031600100144,2021년 3월 16일 09시,화요일,충청남도 보령시 명천동,경상사고,0,0,1,0,차대차 - 기타,신호위반,건조,맑음,교차로 - 교차로안,승용,여,40세,상해없음,승용,남,67세,경상
2021031600100175,2021년 3월 16일 10시,화요일,충청남도 천안시 서북구 직산읍,경상사고,0,0,1,0,차대차 - 정면충돌,중앙선침범,건조,맑음,교차로 - 교차로안,승용,여,69세,상해없음,승용,남,41세,경상
2021031600100176,2021년 3월 16일 10시,화요일,충청남도 천안시 서북구 쌍용동,경상사고,0,0,1,0,차대차 - 측면충돌,안전운전불이행,건조,맑음,교차로 - 교차로부근,승용,남,56세,상해없음,승용,남,44세,경상
2021031600100177,2021년 3월 16일 10시,화요일,충청남도 당진시 읍내동,중상사고,0,1,0,0,차대차 - 측면충돌,직진우회전진행방해,건조,맑음,교차로 - 교차로안,자전거,여,60세,중상,승용,남,65세,상해없음
2021031600100238,2021년 3월 16일 12시,화요일,충청남도 천안시 서북구 성환읍,경상사고,0,0,1,0,차대사람 - 기타,안전운전불이행,건조,맑음,단일로 - 기타,화물,남,61세,상해없음,보행자,여,66세,경상
2021031600100302,2021년 3월 16일 14시,화요일,충청남도 계룡시 엄사면,경상사고,0,0,3,0,차대차 - 측면충돌,직진우회전진행방해,건조,맑음,교차로 - 교차로안,승용,남,45세,경상,승용,남,55세,경상
2021031600100336,2021년 3월 16일 15시,화요일,충청남도 서산시 지곡면,경상사고,0,0,1,0,차대차 - 측면충돌,안전거리미확보,건조,맑음,단일로 - 기타,승용,여,52세,상해없음,승용,남,33세,경상
2021031600100451,2021년 3월 16일 18시,화요일,충청남도 천안시 서북구 불당동,경상사고,0,0,1,0,차대차 - 측면충돌,기타,건조,맑음,교차로 - 교차로부근,승용,여,47세,상해없음,이륜,남,19세,경상
2021031600100497,2021년 3월 16일 19시,화요일,충청남도 당진시 송악읍,중상사고,0,1,0,0,차대사람 - 횡단중,안전운전불이행,건조,맑음,단일로 - 기타,승용,여,59세,상해없음,보행자,여,69세,중상
2021031600100519,2021년 3월 16일 20시,화요일,충청남도 아산시 배방읍,경상사고,0,0,1,0,차대차 - 기타,안전운전불이행,건조,맑음,기타 - 기타,원동기,남,25세,상해없음,승용,남,28세,경상
2021031600100535,2021년 3월 16일 21시,화요일,충청남도 천안시 서북구 불당동,경상사고,0,0,1,0,차대차 - 추돌,안전운전불이행,건조,맑음,단일로 - 기타,승용,남,58세,상해없음,승용,여,34세,경상