사고번호,사고일시,요일,시군구,사고내용,사망자수,중상자수,경상자수,부상신고자수,사고유형,법규위반,노면상태,기상상태,도로형태,가해운전자 차종,가해운전자 성별,가해운전자 연령,가해운전자 상해정도,피해운전자 차종,피해운전자 성별,피해운전자 연령,피해운전자 상해정도
2021032200100512,2021년 3월 22일 20시,월요일,충청남도 공주시 탄천면,경상사고,0,0,1,0,차대사람 - 기타,안전운전불이행,건조,맑음,단일로 - 기타,승합,남,50세,상해없음,보행자,남,28세,경상
2021032200100577,2021년 3월 22일 23시,월요일,충청남도 부여군 부여읍,경상사고,0,0,1,0,차대사람 - 차도통행중,안전운전불이행,건조,맑음,단일로 - 기타,승용,여,45세,상해없음,보행자,남,48세,경상
2021032300100005,2021년 3월 23일 00시,화요일,충청남도 홍성군 홍성읍,경상사고,0,0,5,0,차대차 - 측면충돌,안전운전불이행,건조,맑음,교차로 - 교차로안,승용,남,43세,경상,승용,남,27세,경상
2021032300100084,2021년 3월 23일 08시,화요일,충청남도 아산시 배방읍,중상사고,0,1,1,0,차대차 - 추돌,안전운전불이행,건조,맑음,단일로 - 기타,승용,남,30세,상해없음,승용,남,62세,중상
2021032300100085,2021년 3월 23일 08시,화요일,충청남도 공주시 옥룡동,경상사고,0,0,1,0,차대차 - 측면충돌,안전운전불이행,건조,맑음,교차로 - 교차로안,승용,여,38세,상해없음,이륜,남,60세,경상
2021032300100103,2021년 3월 23일 09시,화요일,충청남도 논산시 은진면,경상사고,0,0,1,0,차대차 - 측면충돌,안전거리미확보,건조,맑음,단일로 - 기타,승용,여,61세,상해없음,승용,여,20세,경상
2021032300100104,2021년 3월 23일 09시,화요일,충청남도 아산시 법곡동,경상사고,0,0,1,0,차대차 - 기타,안전운전불이행,건조,맑음,교차로 - 교차로부근,승용,여,68세,상해없음,승용,남,36세,경상
2021032300100105,2021년 3월 23일 09시,화요일,충청남도 천안시 동남구 원성동,경상사고,0,0,3,0,차대차 - 추돌,안전운전불이행,건조,맑음,단일로 - 기타,화물,남,52세,상해없음,승용,남,23세,경상
2021032300100106,2021년 3월 23일 09시,화요일,충청남도 천안시 동남구 용곡동,경상사고,0,0,1,0,차대사람 - 기타,안전운전불이행,건조,맑음,단일로 - 기타,자전거,기타불명,미분류,기타불명,보행자,여,45세,경상
2021032300100131,2021년 3월 23일 10시,화요일,충청남도 천안시 동남구 원성동,경상사고,0,0,1,0,차대차 - 기타,차로위반,건조,맑음,단일로 - 기타,화물,남,67세,상해없음,승용,여,52세,경상
2021032300100159,2021년 3월 23일 11시,화요일,충청남도 서산시 동문동,중상사고,0,1,0,0,차대차 - 추돌,안전운전불이행,건조,맑음,단일로 - 기타,이륜,남,34세,중상,화물,남,49세,상해없음
2021032300100160,2021년 3월 23일 11시,화요일,충청남도 아산시 배방읍,경상사고,0,0,1,0,차대차 - 기타,중앙선침범,건조,맑음,교차로 - 교차로부근,승용,남,51세,상해없음,승용,남,25세,경상
2021032300100306,2021년 3월 23일 15시,화요일,충청남도 천안시 서북구 직산읍,경상사고,0,0,1,0,차대차 - 기타,안전운전불이행,건조,맑음,단일로 - 기타,이륜,남,26세,경상,승용,남,37세,상해없음
2021032300100307,2021년 3월 23일 15시,화요일,충청남도 논산시 부적면,경상사고,0,0,1,0,차대차 - 추돌,안전운전불이행,건조,맑음,교차로 - 교차로부근,승용,남,50세,기타불명,승용,남,39세,경상
2021032300100308,2021년 3월 23일 15시,화요일,충청남도 청양군 청양읍,중상사고,0,1,0,0,차대사람 - 길가장자리구역통행중,안전운전불이행,건조,맑음,단일로 - 기타,승용,여,60세,기타불명,보행자,여,63세,중상
2021032300100383,2021년 3월 23일 17시,화요일,충청남도 천안시 서북구 성환읍,경상사고,0,0,1,0,차대차 - 기타,안전운전불이행,건조,맑음,단일로 - 기타,승용,남,21세,상해없음,승용,남,30세,경상
2021032300100384,2021년 3월 23일 17시,화요일,충청남도 아산시 배방읍,경상사고,0,0,1,0,차대차 - 측면충돌,직진우회전진행방해,건조,맑음,교차로 - 교차로안,승용,남,36세,상해없음,승용,남,45세,경상
2021032300100385,2021년 3월 23일 17시,화요일,충청남도 부여군 홍산면,중상사고,0,2,0,0,차대차 - 추돌,안전운전불이행,건조,맑음,단일로 - 기타,승합,남,59세,상해없음,승용,남,27세,상해없음
2021032300100433,2021년 3월 23일 18시,화요일,충청남도 아산시 탕정면,중상사고,0,1,0,0,차대차 - 기타,안전운전불이행,건조,맑음,교차로 - 교차로안,승용,여,24세,상해없음,승용,남,46세,중상
2021032300100434,2021년 3월 23일 18시,화요일,충청남도 보령시 내항동,경상사고,0,0,2,0,차대차 - 측면충돌,신호위반,건조,맑음,교차로 - 교차로안,승용,여,25세,경상,승용,남,30세,경상
2021032300100435,2021년 3월 23일 18시,화요일,충청남도 금산군 복수면,경상사고,0,0,2,0,차대차 - 측면충돌,안전운전불이행,건조,맑음,단일로 - 기타,승용,여,51세,상해없음,승용,여,37세,경상
2021032300100472,2021년 3월 23일 19시,화요일,충청남도 서산시 음암면,중상사고,0,1,1,0,차대차 - 기타,안전운전불이행,건조,맑음,교차로 - 교차로부근,승용,남,25세,상해없음,승합,남,53세,상해없음
2021032300100498,2021년 3월 23일 20시,화요일,충청남도 천안시 서북구 신당동,경상사고,0,0,1,0,차대차 - 기타,안전운전불이행,건조,기타,기타 - 기타,승용,남,31세,상해없음,승용,남,29세,경상
2021032300100499,2021년 3월 23일 20시,화요일,충청남도 당진시 읍내동,경상사고,0,0,1,0,차대사람 - 횡단중,보행자보호의무위반,건조,맑음,교차로 - 교차로안,승용,여,23세,상해없음,보행자,여,54세,경상
2021032400100042,2021년 3월 24일 06시,수요일,충청남도 서천군 서천읍,중상사고,0,1,3,0,차대차 - 정면충돌,직진우회전진행방해,건조,맑음,교차로 - 교차로안,승용,여,57세,상해없음,승용,남,52세,경상
2021032400100061,2021년 3월 24일 07시,수요일,충청남도 공주시 금흥동,중상사고,0,1,0,0,차대차 - 추돌,안전운전불이행,건조,맑음,교차로 - 교차로부근,승용,여,45세,기타불명,승용,여,56세,중상
2021032400100094,2021년 3월 24일 08시,수요일,충청남도 천안시 서북구 두정동,경상사고,0,0,1,0,차대차 - 기타,안전운전불이행,건조,맑음,기타 - 기타,승합,남,43세,기타불명,승용,남,40세,경상
2021032400100095,2021년 3월 24일 08시,수요일,충청남도 공주시 계룡면,중상사고,0,1,0,0,차대차 - 추돌,안전운전불이행,건조,맑음,단일로 - 기타,화물,남,59세,상해없음,승용,여,63세,중상
2021032400100096,2021년 3월 24일 08시,수요일,충청남도 천안시 동남구 구성동,경상사고,0,0,2,0,차대차 - 측면충돌,차로위반,건조,맑음,단일로 - 기타,승용,남,56세,상해없음,승용,남,40세,경상
2021032400100130,2021년 3월 24일 09시,수요일,충청남도 천안시 서북구 입장면,경상사고,0,0,1,0,차대차 - 정면충돌,중앙선침범,건조,맑음,단일로 - 기타,승용,남,53세,상해없음,화물,남,57세,경상
2021032400100131,2021년 3월 24일 09시,수요일,충청남도 홍성군 광천읍,경상사고,0,0,1,0,차대차 - 측면충돌,신호위반,건조,맑음,교차로 - 교차로안,승용,남,79세,상해없음,승용,남,29세,경상
2021032400100133,2021년 3월 24일 09시,수요일,충청남도 당진시 송악읍,경상사고,0,0,1,0,차대차 - 측면충돌,교차로운행방법위반,건조,맑음,교차로 - 교차로안,승용,남,67세,상해없음,화물,남,38세,경상
2021032400100186,2021년 3월 24일 11시,수요일,충청남도 천안시 동남구 풍세면,경상사고,0,0,1,0,차대차 - 측면충돌,안전운전불이행,건조,맑음,단일로 - 기타,화물,남,63세,상해없음,승용,여,61세,경상
2021032400100310,2021년 3월 24일 15시,수요일,충청남도 당진시 송악읍,경상사고,0,0,1,0,차대차 - 기타,교차로운행방법위반,건조,맑음,교차로 - 교차로안,특수,남,57세,상해없음,승용,남,48세,경상
2021032400100341,2021년 3월 24일 16시,수요일,충청남도 당진시 송산면,경상사고,0,0,2,0,차대차 - 기타,안전운전불이행,건조,맑음,단일로 - 기타,화물,남,56세,상해없음,승용,남,40세,경상
2021032400100342,2021년 3월 24일 16시,수요일,충청남도 천안시 동남구 안서동,중상사고,0,1,3,0,차대차 - 추돌,안전거리미확보,건조,맑음,단일로 - 교량,이륜,남,28세,중상,승합,남,54세,경상
2021032400100382,2021년 3월 24일 17시,수요일,충청남도 서산시 수석동,경상사고,0,0,1,0,차대차 - 측면충돌,안전운전불이행,건조,맑음,교차로 - 교차로안,승용,여,25세,상해없음,승용,여,66세,경상
2021032400100470,2021년 3월 24일 19시,수요일,충청남도 예산군 예산읍,부상신고사고,0,0,0,1,차대차 - 추돌,안전운전불이행,건조,맑음,단일로 - 기타,승용,남,48세,부상신고,승용,남,49세,상해없음
2021032400100501,2021년 3월 24일 20시,수요일,충청남도 서산시 갈산동,경상사고,0,0,1,0,차대사람 - 횡단중,안전운전불이행,건조,맑음,교차로 - 교차로안,승합,남,57세,상해없음,보행자,남,57세,경상
2021032500100031,2021년 3월 25일 05시,목요일,충청남도 천안시 서북구 성성동,경상사고,0,0,1,0,차대차 - 기타,안전거리미확보,건조,맑음,단일로 - 기타,화물,남,58세,상해없음,승용,여,53세,경상
2021032500100086,2021년 3월 25일 08시,목요일,충청남도 논산시 연무읍,중상사고,0,1,1,0,차대차 - 측면충돌,차로위반,건조,맑음,단일로 - 기타,이륜,남,84세,경상,화물,남,44세,상해없음
2021032500100107,2021년 3월 25일 09시,목요일,충청남도 천안시 서북구 두정동,경상사고,0,0,1,0,차대차 - 측면충돌,교차로운행방법위반,건조,맑음,교차로 - 교차로안,승용,남,37세,상해없음,승용,남,37세,경상
2021032500100139,2021년 3월 25일 10시,목요일,충청남도 천안시 서북구 쌍용동,경상사고,0,0,1,0,차대차 - 기타,안전운전불이행,건조,맑음,교차로 - 교차로안,승용,남,48세,상해없음,승용,여,35세,경상
2021032500100140,2021년 3월 25일 10시,목요일,충청남도 홍성군 홍성읍,경상사고,0,0,1,0,차대차 - 기타,안전운전불이행,건조,맑음,교차로 - 교차로안,승용,여,54세,상해없음,화물,남,49세,경상
2021032500100141,2021년 3월 25일 10시,목요일,충청남도 아산시 신창면,경상사고,0,0,1,0,차대차 - 기타,안전운전불이행,건조,맑음,교차로 - 교차로안,자전거,남,47세,경상,승용,여,35세,상해없음
2021032500100142,2021년 3월 25일 10시,목요일,충청남도 서천군 장항읍,경상사고,0,0,1,0,차대차 - 측면충돌,직진우회전진행방해,건조,맑음,교차로 - 교차로안,승용,남,67세,상해없음,이륜,남,78세,경상
2021032500100143,2021년 3월 25일 10시,목요일,충청남도 천안시 동남구 영성동,중상사고,0,1,0,0,차대사람 - 횡단중,안전운전불이행,건조,맑음,교차로 - 교차로부근,승용,남,50세,상해없음,보행자,남,50세,중상
2021032500100174,2021년 3월 25일 11시,목요일,충청남도 서천군 서천읍,경상사고,0,0,1,0,차대차 - 추돌,안전운전불이행,건조,맑음,단일로 - 기타,승용,남,35세,상해없음,승용,남,48세,경상
2021032500100240,2021년 3월 25일 13시,목요일,충청남도 천안시 서북구 성환읍,중상사고,0,1,0,0,차량단독 - 기타,안전운전불이행,건조,맑음,단일로 - 기타,승합,남,57세,상해없음,,,,
2021032500100241,2021년 3월 25일 13시,목요일,충청남도 예산군 오가면,중상사고,0,1,1,0,차대차 - 측면충돌,안전운전불이행,건조,맑음,단일로 - 기타,승용,남,77세,상해없음,건설기계,남,55세,경상
2021032500100286,2021년 3월 25일 14시,목요일,충청남도 논산시 연무읍,중상사고,0,1,0,0,차대사람 - 횡단중,보행자보호의무위반,건조,맑음,교차로 - 교차로안,승용,여,57세,상해없음,보행자,여,83세,중상
2021032500100287,2021년 3월 25일 14시,목요일,충청남도 아산시 용화동,경상사고,0,0,1,0,차대사람 - 차도통행중,안전운전불이행,건조,맑음,교차로 - 교차로부근,승합,남,65세,상해없음,보행자,남,25세,경상
2021032500100288,2021년 3월 25일 14시,목요일,충청남도 아산시 온천동,중상사고,0,1,0,0,차대사람 - 기타,안전운전불이행,건조,맑음,교차로 - 교차로안,승용,여,48세,상해없음,보행자,여,78세,중상
2021032500100289,2021년 3월 25일 14시,목요일,충청남도 예산군 예산읍,경상사고,0,0,1,0,차대차 - 측면충돌,신호위반,건조,맑음,교차로 - 교차로안,승용,여,55세,상해없음,승용,남,39세,경상
2021032500100368,2021년 3월 25일 16시,목요일,충청남도 홍성군 홍북읍,경상사고,0,0,1,0,차대차 - 기타,중앙선침범,건조,맑음,기타 - 기타,승용,남,50세,상해없음,이륜,남,48세,경상
2021032500100369,2021년 3월 25일 16시,목요일,충청남도 예산군 대흥면,경상사고,0,0,1,0,차대차 - 측면충돌,직진우회전진행방해,건조,맑음,교차로 - 교차로안,승용,여,49세,상해없음,승용,여,47세,경상
2021032500100400,2021년 3월 25일 17시,목요일,충청남도 논산시 강경읍,중상사고,0,1,0,0,차대차 - 측면충돌,중앙선침범,건조,맑음,교차로 - 교차로부근,화물,남,72세,상해없음,자전거,남,73세,중상
2021032500100489,2021년 3월 25일 19시,목요일,충청남도 천안시 서북구 두정동,경상사고,0,0,2,0,차대차 - 측면충돌,안전운전불이행,건조,맑음,단일로 - 기타,승용,여,55세,상해없음,이륜,남,21세,경상
2021032500100520,2021년 3월 25일 20시,목요일,충청남도 아산시 배방읍,중상사고,0,1,0,0,차대차 - 측면충돌,신호위반,건조,맑음,교차로 - 교차로안,이륜,남,37세,기타불명,이륜,남,45세,중상
2021032500100559,2021년 3월 25일 21시,목요일,충청남도 천안시 서북구 직산읍,부상신고사고,0,0,0,1,차대차 - 측면충돌,안전운전불이행,건조,맑음,교차로 - 교차로안,자전거,남,15세,부상신고,화물,남,46세,상해없음
2021032500100589,2021년 3월 25일 22시,목요일,충청남도 천안시 서북구 두정동,부상신고사고,0,0,0,1,차대차 - 측면충돌,안전운전불이행,건조,맑음,단일로 - 기타,승용,남,56세,상해없음,이륜,남,28세,부상신고
2021032500100590,2021년 3월 25일 22시,목요일,충청남도 홍성군 홍성읍,중상사고,0,1,0,0,차대사람 - 기타,안전운전불이행,젖음/습기,안개,교차로 - 교차로부근,승용,여,49세,상해없음,보행자,남,51세,중상
2021032500100591,2021년 3월 25일 22시,목요일,충청남도 아산시 배방읍,경상사고,0,0,1,0,차대차 - 추돌,안전운전불이행,건조,맑음,교차로 - 교차로부근,승용,남,60세,기타불명,승용,여,50세,경상
2021032600100006,2021년 3월 26일 00시,금요일,충청남도 서산시 팔봉면,사망사고,1,0,0,0,차대사람 - 차도통행중,안전운전불이행,젖음/습기,안개,단일로 - 기타,승용,여,51세,상해없음,보행자,남,51세,사망
2021032600100039,2021년 3월 26일 06시,금요일,충청남도 보령시 죽정동,경상사고,0,0,1,0,차대차 - 정면충돌,중앙선침범,젖음/습기,안개,교차로 - 교차로부근,화물,남,54세,상해없음,승용,남,43세,경상
2021032600100085,2021년 3월 26일 08시,금요일,충청남도 천안시 동남구 청당동,경상사고,0,0,3,0,차대차 - 기타,안전운전불이행,건조,맑음,교차로 - 교차로부근,승용,여,46세,경상,승용,남,26세,경상
2021032600100132,2021년 3월 26일 09시,금요일,충청남도 천안시 서북구 불당동,경상사고,0,0,1,0,차대차 - 기타,안전운전불이행,건조,맑음,교차로 - 교차로부근,승용,남,77세,상해없음,승용,여,37세,경상
2021032600100165,2021년 3월 26일 10시,금요일,충청남도 서산시 동문동,중상사고,0,1,0,0,차대차 - 추돌,안전운전불이행,건조,맑음,교차로 - 교차로부근,승용,남,65세,상해없음,승용,여,54세,중상
2021032600100166,2021년 3월 26일 10시,금요일,충청남도 논산시 강경읍,중상사고,0,1,2,1,차대사람 - 차도통행중,안전운전불이행,건조,맑음,단일로 - 기타,승용,남,73세,부상신고,보행자,남,58세,중상
2021032600100167,2021년 3월 26일 10시,금요일,충청남도 공주시 의당면,경상사고,0,0,1,0,차대차 - 정면충돌,신호위반,건조,맑음,교차로 - 교차로안,승용,여,64세,상해없음,이륜,남,78세,경상
2021032600100196,2021년 3월 26일 11시,금요일,충청남도 홍성군 홍성읍,중상사고,0,1,0,0,차대차 - 기타,안전운전불이행,건조,맑음,교차로 - 교차로안,승용,여,59세,상해없음,이륜,남,30세,중상
2021032600100197,2021년 3월 26일 11시,금요일,충청남도 아산시 배방읍,중상사고,0,1,0,0,차대사람 - 기타,기타,건조,맑음,단일로 - 기타,승합,남,51세,상해없음,보행자,여,54세,중상
2021032600100224,2021년 3월 26일 12시,금요일,충청남도 아산시 둔포면,경상사고,0,0,1,0,차대사람 - 기타,안전운전불이행,건조,맑음,단일로 - 기타,승용,남,42세,상해없음,보행자,남,57세,경상
2021032600100258,2021년 3월 26일 13시,금요일,충청남도 천안시 서북구 두정동,경상사고,0,0,1,0,차대차 - 기타,직진우회전진행방해,건조,맑음,교차로 - 교차로안,승용,남,33세,상해없음,승용,여,40세,경상
2021032600100259,2021년 3월 26일 13시,금요일,충청남도 천안시 서북구 두정동,중상사고,0,1,0,0,차대차 - 기타,안전운전불이행,건조,맑음,단일로 - 기타,승용,남,36세,상해없음,이륜,남,24세,중상
2021032600100291,2021년 3월 26일 14시,금요일,충청남도 천안시 동남구 쌍용동,경상사고,0,0,1,0,차대차 - 추돌,안전운전불이행,건조,맑음,단일로 - 기타,승용,여,33세,상해없음,승용,여,49세,경상
2021032600100292,2021년 3월 26일 14시,금요일,충청남도 아산시 장존동,경상사고,0,0,4,0,차대차 - 추돌,안전운전불이행,건조,맑음,교차로 - 교차로부근,승용,남,53세,상해없음,승용,남,28세,경상
2021032600100293,2021년 3월 26일 14시,금요일,충청남도 청양군 화성면,중상사고,0,1,1,0,차대차 - 추돌,안전운전불이행,건조,맑음,단일로 - 기타,승용,남,33세,경상,승용,남,51세,중상
2021032600100294,2021년 3월 26일 14시,금요일,충청남도 태안군 근흥면,경상사고,0,0,3,0,차대차 - 측면충돌,안전운전불이행,건조,맑음,기타 - 기타,화물,여,57세,상해없음,승용,여,53세,경상
2021032600100418,2021년 3월 26일 17시,금요일,충청남도 공주시 신관동,중상사고,0,1,0,0,차대사람 - 횡단중,안전운전불이행,건조,맑음,교차로 - 교차로안,승용,여,39세,상해없음,보행자,여,70세,중상
2021032600100419,2021년 3월 26일 17시,금요일,충청남도 당진시 신평면,중상사고,0,1,0,0,차대차 - 추돌,안전운전불이행,건조,맑음,교차로 - 교차로안,특수,남,30세,상해없음,승용,남,69세,중상
2021032600100468,2021년 3월 26일 18시,금요일,충청남도 아산시 모종동,경상사고,0,0,1,0,차대차 - 기타,안전운전불이행,건조,맑음,교차로 - 교차로안,승용,남,64세,상해없음,승용,남,23세,경상
2021032600100509,2021년 3월 26일 19시,금요일,충청남도 당진시 신평면,경상사고,0,0,1,0,차대차 - 추돌,안전운전불이행,건조,맑음,단일로 - 기타,승용,남,31세,기타불명,승용,여,48세,경상
2021032600100510,2021년 3월 26일 19시,금요일,충청남도 당진시 원당동,경상사고,0,0,1,0,차대차 - 측면충돌,안전운전불이행,건조,맑음,교차로 - 교차로안,이륜,남,31세,상해없음,승용,남,28세,경상
2021032700100024,2021년 3월 27일 01시,토요일,충청남도 당진시 읍내동,중상사고,0,1,0,0,차대사람 - 기타,안전운전불이행,건조,맑음,단일로 - 기타,승용,남,49세,기타불명,보행자,남,28세,중상
2021032700100057,2021년 3월 27일 05시,토요일,충청남도 천안시 서북구 직산읍,경상사고,0,0,1,0,차대차 - 기타,안전거리미확보,건조,맑음,단일로 - 기타,승용,남,19세,상해없음,승용,여,62세,경상
2021032700100062,2021년 3월 27일 06시,토요일,충청남도 천안시 동남구 신부동,경상사고,0,0,1,0,차대차 - 정면충돌,중앙선침범,건조,맑음,단일로 - 고가도로위,승용,남,35세,상해없음,승용,남,25세,경상
2021032700100079,2021년 3월 27일 08시,토요일,충청남도 서산시 석림동,경상사고,0,0,2,0,차대차 - 정면충돌,안전운전불이행,건조,흐림,교차로 - 교차로안,승용,여,53세,상해없음,승용,남,52세,경상
2021032700100080,2021년 3월 27일 08시,토요일,충청남도 공주시 산성동,경상사고,0,0,1,0,차대차 - 측면충돌,안전거리미확보,건조,맑음,단일로 - 기타,화물,남,66세,상해없음,자전거,남,92세,경상
2021032700100118,2021년 3월 27일 10시,토요일,충청남도 천안시 서북구 쌍용동,경상사고,0,0,2,0,차대차 - 측면충돌,차로위반,젖음/습기,비,단일로 - 기타,승용,남,79세,상해없음,승용,여,52세,경상
2021032700100146,2021년 3월 27일 11시,토요일,충청남도 천안시 서북구 성정동,경상사고,0,0,2,0,차대차 - 정면충돌,안전운전불이행,건조,흐림,교차로 - 교차로안,승용,여,37세,상해없음,승용,여,39세,경상
2021032700100147,2021년 3월 27일 11시,토요일,충청남도 천안시 서북구 불당동,중상사고,0,1,0,0,차대차 - 측면충돌,신호위반,건조,흐림,교차로 - 교차로안,승용,여,42세,상해없음,이륜,남,37세,중상
2021032700100148,2021년 3월 27일 11시,토요일,충청남도 천안시 서북구 성환읍,경상사고,0,0,1,0,차대사람 - 차도통행중,안전운전불이행,건조,맑음,단일로 - 기타,승용,여,49세,상해없음,보행자,여,16세,경상
2021032700100149,2021년 3월 27일 11시,토요일,충청남도 논산시 내동,경상사고,0,0,2,0,차대차 - 측면충돌,직진우회전진행방해,젖음/습기,비,교차로 - 교차로안,승용,여,56세,경상,승용,남,54세,경상
2021032700100183,2021년 3월 27일 12시,토요일,충청남도 서산시 예천동,부상신고사고,0,0,0,1,차대차 - 측면충돌,안전운전불이행,젖음/습기,비,교차로 - 교차로안,이륜,남,26세,부상신고,승용,여,53세,상해없음
2021032700100184,2021년 3월 27일 12시,토요일,충청남도 당진시 신평면,경상사고,0,0,3,0,차대차 - 추돌,안전거리미확보,건조,맑음,단일로 - 기타,승용,남,27세,상해없음,승용,남,62세,경상
2021032700100225,2021년 3월 27일 13시,토요일,충청남도 아산시 배방읍,중상사고,0,1,0,0,차대차 - 측면충돌,안전운전불이행,젖음/습기,비,교차로 - 교차로안,승용,남,60세,상해없음,자전거,여,49세,중상
2021032700100226,2021년 3월 27일 13시,토요일,충청남도 아산시 탕정면,경상사고,0,0,2,0,차대차 - 측면충돌,교차로운행방법위반,젖음/습기,비,교차로 - 교차로안,승용,남,23세,경상,승용,여,47세,경상
2021032700100227,2021년 3월 27일 13시,토요일,충청남도 당진시 합덕읍,경상사고,0,0,4,0,차대차 - 기타,안전운전불이행,젖음/습기,비,단일로 - 기타,승용,남,75세,상해없음,승용,남,50세,경상
2021032700100264,2021년 3월 27일 14시,토요일,충청남도 천안시 서북구 두정동,중상사고,0,1,0,0,차대차 - 측면충돌,직진우회전진행방해,젖음/습기,비,교차로 - 교차로안,승용,남,45세,상해없음,이륜,남,30세,중상
2021032700100314,2021년 3월 27일 15시,토요일,충청남도 서산시 잠홍동,경상사고,0,0,1,0,차대차 - 기타,안전운전불이행,젖음/습기,비,교차로 - 교차로안,승합,남,47세,상해없음,승용,여,68세,경상
2021032700100315,2021년 3월 27일 15시,토요일,충청남도 당진시 송악읍,경상사고,0,0,1,0,차대차 - 기타,신호위반,건조,맑음,교차로 - 교차로안,승용,여,25세,상해없음,승용,남,42세,경상
2021032700100358,2021년 3월 27일 16시,토요일,충청남도 천안시 서북구 성정동,경상사고,0,0,1,0,차대차 - 측면충돌,안전운전불이행,젖음/습기,비,교차로 - 교차로안,원동기,남,48세,상해없음,원동기,남,40세,경상
2021032700100402,2021년 3월 27일 17시,토요일,충청남도 천안시 서북구 불당동,경상사고,0,0,1,0,차대차 - 측면충돌,안전운전불이행,건조,맑음,교차로 - 교차로횡단보도내,승용,여,25세,상해없음,승용,남,29세,경상
2021032700100403,2021년 3월 27일 17시,토요일,충청남도 아산시 실옥동,경상사고,0,0,5,0,차대차 - 추돌,안전운전불이행,젖음/습기,흐림,단일로 - 기타,승용,남,37세,상해없음,승용,여,55세,경상
2021032700100404,2021년 3월 27일 17시,토요일,충청남도 당진시 읍내동,경상사고,0,0,1,0,차대차 - 기타,중앙선침범,젖음/습기,맑음,단일로 - 기타,승용,여,27세,상해없음,승용,남,28세,경상
2021032700100496,2021년 3월 27일 19시,토요일,충청남도 천안시 서북구 성정동,경상사고,0,0,1,0,차대차 - 측면충돌,안전거리미확보,젖음/습기,비,단일로 - 기타,승용,남,69세,기타불명,승용,남,34세,경상
2021032700100497,2021년 3월 27일 19시,토요일,충청남도 천안시 동남구 청당동,경상사고,0,0,1,0,차대차 - 측면충돌,안전운전불이행,젖음/습기,비,단일로 - 교량,승용,남,43세,상해없음,이륜,남,17세,경상
2021032700100546,2021년 3월 27일 20시,토요일,충청남도 천안시 서북구 직산읍,경상사고,0,0,1,0,차대차 - 측면충돌,안전운전불이행,젖음/습기,비,단일로 - 기타,승합,남,66세,상해없음,승용,남,45세,경상
2021032700100547,2021년 3월 27일 20시,토요일,충청남도 논산시 지산동,경상사고,0,0,1,0,차대차 - 후진중충돌,안전운전불이행,젖음/습기,비,교차로 - 교차로안,승용,여,47세,상해없음,이륜,남,48세,경상
2021032800100009,2021년 3월 28일 00시,일요일,충청남도 천안시 서북구 두정동,경상사고,0,0,1,0,차대사람 - 횡단중,안전운전불이행,건조,기타,교차로 - 교차로부근,승용,남,28세,상해없음,보행자,남,26세,경상
2021032800100010,2021년 3월 28일 00시,일요일,충청남도 보령시 동대동,경상사고,0,0,1,0,차대사람 - 횡단중,안전운전불이행,젖음/습기,비,단일로 - 기타,이륜,남,18세,상해없음,보행자,여,53세,경상
2021032800100033,2021년 3월 28일 01시,일요일,충청남도 천안시 서북구 두정동,부상신고사고,0,0,0,1,차대차 - 기타,안전운전불이행,젖음/습기,비,교차로 - 교차로부근,원동기,남,27세,상해없음,승용,남,20세,부상신고
2021032800100034,2021년 3월 28일 01시,일요일,충청남도 천안시 서북구 백석동,경상사고,0,0,1,0,차대차 - 기타,안전운전불이행,젖음/습기,비,교차로 - 교차로안,승용,남,25세,기타불명,승용,남,39세,경상
2021032800100058,2021년 3월 28일 03시,일요일,충청남도 아산시 인주면,중상사고,0,1,0,0,차대사람 - 기타,안전운전불이행,젖음/습기,비,단일로 - 기타,특수,남,50세,상해없음,보행자,남,33세,중상
2021032800100092,2021년 3월 28일 09시,일요일,충청남도 천안시 서북구 성정동,중상사고,0,1,0,0,차대차 - 측면충돌,교차로운행방법위반,건조,맑음,교차로 - 교차로안,이륜,남,38세,중상,승용,남,60세,상해없음
2021032800100109,2021년 3월 28일 10시,일요일,충청남도 논산시 관촉동,중상사고,0,2,0,0,차대차 - 추돌,안전거리미확보,젖음/습기,비,교차로 - 교차로부근,승용,남,35세,상해없음,승용,남,65세,중상
2021032800100110,2021년 3월 28일 10시,일요일,충청남도 예산군 덕산면,경상사고,0,0,1,0,차대차 - 측면충돌,중앙선침범,건조,맑음,기타 - 기타,승용,남,66세,상해없음,승용,남,53세,경상
2021032800100111,2021년 3월 28일 10시,일요일,충청남도 당진시 정미면,중상사고,0,1,0,0,차량단독 - 도로외이탈 - 추락,안전운전불이행,젖음/습기,흐림,단일로 - 기타,이륜,남,76세,중상,,,,
2021032800100136,2021년 3월 28일 11시,일요일,충청남도 태안군 안면읍,경상사고,0,0,1,0,차대차 - 측면충돌,교차로운행방법위반,건조,맑음,교차로 - 교차로안,승용,남,26세,상해없음,승용,남,68세,경상
2021032800100157,2021년 3월 28일 12시,일요일,충청남도 서산시 해미면,부상신고사고,0,0,0,1,차대차 - 정면충돌,직진우회전진행방해,건조,맑음,교차로 - 교차로안,이륜,남,68세,부상신고,승용,여,53세,상해없음
2021032800100158,2021년 3월 28일 12시,일요일,충청남도 보령시 주포면,중상사고,0,2,0,0,차대차 - 기타,신호위반,건조,맑음,교차로 - 교차로안,승용,여,65세,상해없음,승용,여,80세,중상