사고번호,사고일시,요일,시군구,사고내용,사망자수,중상자수,경상자수,부상신고자수,사고유형,법규위반,노면상태,기상상태,도로형태,가해운전자 차종,가해운전자 성별,가해운전자 연령,가해운전자 상해정도,피해운전자 차종,피해운전자 성별,피해운전자 연령,피해운전자 상해정도
2021032800100257,2021년 3월 28일 15시,일요일,충청남도 당진시 원당동,경상사고,0,0,4,0,차대차 - 기타,안전운전불이행,건조,맑음,단일로 - 기타,화물,남,63세,상해없음,승용,여,59세,경상
2021032800100283,2021년 3월 28일 16시,일요일,충청남도 천안시 서북구 쌍용동,경상사고,0,0,1,0,차대차 - 측면충돌,중앙선침범,건조,맑음,단일로 - 기타,승용,남,61세,상해없음,승용,남,33세,경상
2021032800100284,2021년 3월 28일 16시,일요일,충청남도 태안군 고남면,경상사고,0,0,1,0,차대차 - 추돌,안전거리미확보,건조,맑음,기타 - 기타,승용,남,62세,상해없음,승용,남,38세,경상
2021032800100338,2021년 3월 28일 18시,일요일,충청남도 논산시 연산면,부상신고사고,0,0,0,1,차량단독 - 공작물충돌,안전운전불이행,건조,맑음,교차로 - 교차로안,이륜,남,52세,부상신고,,,,
2021032800100360,2021년 3월 28일 19시,일요일,충청남도 천안시 동남구 대흥동,경상사고,0,0,1,0,차대차 - 기타,안전운전불이행,건조,맑음,교차로 - 교차로안,승용,여,65세,상해없음,이륜,남,24세,경상
2021032800100361,2021년 3월 28일 19시,일요일,충청남도 태안군 태안읍,중상사고,0,1,0,0,차대차 - 추돌,안전운전불이행,건조,맑음,교차로 - 교차로부근,승용,남,42세,상해없음,승용,남,31세,중상
2021032900100022,2021년 3월 29일 03시,월요일,충청남도 당진시 신평면,경상사고,0,0,1,0,차대차 - 추돌,안전운전불이행,건조,맑음,단일로 - 교량,화물,남,38세,상해없음,화물,남,58세,경상
2021032900100024,2021년 3월 29일 04시,월요일,충청남도 당진시 석문면,사망사고,1,0,0,0,차량단독 - 기타,안전운전불이행,기타,안개,단일로 - 기타,특수,남,64세,사망,,,,
2021032900100059,2021년 3월 29일 07시,월요일,충청남도 천안시 동남구 신방동,경상사고,0,0,3,0,차대차 - 추돌,안전거리미확보,건조,맑음,교차로 - 교차로부근,화물,남,40세,상해없음,승용,남,47세,경상
2021032900100105,2021년 3월 29일 08시,월요일,충청남도 천안시 동남구 원성동,경상사고,0,0,1,0,차대차 - 기타,안전운전불이행,건조,맑음,교차로 - 교차로부근,화물,남,26세,상해없음,승용,남,30세,경상
2021032900100139,2021년 3월 29일 09시,월요일,충청남도 천안시 서북구 성거읍,경상사고,0,0,1,0,차대차 - 측면충돌,직진우회전진행방해,건조,맑음,교차로 - 교차로안,승용,여,37세,상해없음,승용,여,51세,경상
2021032900100179,2021년 3월 29일 10시,월요일,충청남도 논산시 양촌면,중상사고,0,1,0,0,차대차 - 측면충돌,교차로운행방법위반,건조,맑음,교차로 - 교차로안,이륜,남,77세,중상,승용,여,77세,상해없음
2021032900100219,2021년 3월 29일 11시,월요일,충청남도 아산시 영인면,경상사고,0,0,2,0,차대차 - 측면충돌,기타,건조,맑음,교차로 - 교차로안,승합,남,25세,상해없음,승용,남,52세,경상
2021032900100220,2021년 3월 29일 11시,월요일,충청남도 태안군 태안읍,경상사고,0,0,1,0,차대사람 - 길가장자리구역통행중,안전운전불이행,건조,맑음,단일로 - 기타,승용,여,72세,기타불명,보행자,여,63세,경상
2021032900100298,2021년 3월 29일 13시,월요일,충청남도 천안시 서북구 쌍용동,경상사고,0,0,2,0,차대차 - 기타,안전운전불이행,건조,맑음,단일로 - 기타,승용,남,59세,상해없음,승용,남,41세,경상
2021032900100330,2021년 3월 29일 14시,월요일,충청남도 당진시 원당동,중상사고,0,1,0,0,차대차 - 기타,신호위반,건조,맑음,교차로 - 교차로안,승합,남,53세,상해없음,이륜,남,40세,중상
2021032900100357,2021년 3월 29일 15시,월요일,충청남도 서산시 석남동,중상사고,0,1,1,0,차대차 - 측면충돌,안전운전불이행,건조,맑음,교차로 - 교차로안,화물,남,49세,상해없음,승용,여,56세,중상
2021032900100383,2021년 3월 29일 16시,월요일,충청남도 아산시 풍기동,경상사고,0,0,1,0,차대사람 - 차도통행중,안전운전불이행,건조,맑음,교차로 - 교차로안,승용,여,52세,상해없음,보행자,여,17세,경상
2021032900100465,2021년 3월 29일 18시,월요일,충청남도 천안시 서북구 신당동,경상사고,0,0,1,0,차량단독 - 도로외이탈 - 추락,안전운전불이행,건조,맑음,단일로 - 교량,자전거,여,43세,경상,,,,
2021032900100466,2021년 3월 29일 18시,월요일,충청남도 천안시 서북구 쌍용동,경상사고,0,0,1,0,차대사람 - 기타,안전운전불이행,건조,맑음,교차로 - 교차로부근,승용,여,73세,상해없음,보행자,여,55세,경상
2021032900100467,2021년 3월 29일 18시,월요일,충청남도 천안시 동남구 원성동,부상신고사고,0,0,0,1,차대차 - 추돌,안전운전불이행,건조,맑음,단일로 - 기타,승용,남,54세,상해없음,승용,여,41세,부상신고
2021032900100505,2021년 3월 29일 19시,월요일,충청남도 논산시 연무읍,중상사고,0,1,0,0,차대사람 - 기타,안전운전불이행,건조,맑음,단일로 - 기타,승합,여,52세,상해없음,보행자,여,88세,중상
2021032900100550,2021년 3월 29일 21시,월요일,충청남도 천안시 서북구 차암동,경상사고,0,0,1,0,차대차 - 기타,신호위반,건조,맑음,교차로 - 교차로안,승용,남,34세,상해없음,승용,남,51세,경상
2021032900100580,2021년 3월 29일 22시,월요일,충청남도 천안시 서북구 불당동,경상사고,0,0,2,0,차대차 - 기타,안전운전불이행,건조,기타,기타 - 기타,승용,여,29세,경상,승용,여,28세,경상
2021033000100019,2021년 3월 30일 01시,화요일,충청남도 서산시 예천동,경상사고,0,0,2,0,차대차 - 후진중충돌,안전운전불이행,건조,맑음,교차로 - 교차로부근,승용,남,23세,상해없음,승용,여,20세,경상
2021033000100020,2021년 3월 30일 01시,화요일,충청남도 아산시 선장면,사망사고,1,0,0,0,차량단독 - 전도전복 - 전도,안전운전불이행,건조,맑음,단일로 - 기타,이륜,남,62세,사망,,,,
2021033000100031,2021년 3월 30일 04시,화요일,충청남도 천안시 동남구 신부동,경상사고,0,0,1,0,차대차 - 측면충돌,기타,건조,맑음,단일로 - 터널,승용,남,49세,경상,승용,남,22세,상해없음
2021033000100038,2021년 3월 30일 05시,화요일,충청남도 부여군 임천면,사망사고,1,0,0,0,차대사람 - 차도통행중,기타,건조,맑음,단일로 - 기타,승용,남,56세,상해없음,보행자,남,81세,사망
2021033000100065,2021년 3월 30일 07시,화요일,충청남도 천안시 서북구 백석동,경상사고,0,0,3,0,차대차 - 기타,기타,건조,맑음,단일로 - 기타,승용,남,26세,경상,승합,남,81세,경상
2021033000100066,2021년 3월 30일 07시,화요일,충청남도 아산시 탕정면,중상사고,0,1,0,0,차대차 - 기타,중앙선침범,건조,맑음,교차로 - 교차로안,자전거,남,58세,중상,승용,남,61세,상해없음
2021033000100067,2021년 3월 30일 07시,화요일,충청남도 공주시 우성면,중상사고,0,1,1,0,차대차 - 기타,안전운전불이행,건조,맑음,단일로 - 기타,화물,남,50세,상해없음,화물,남,33세,경상
2021033000100210,2021년 3월 30일 11시,화요일,충청남도 당진시 신평면,경상사고,0,0,2,0,차대차 - 측면충돌,교차로운행방법위반,건조,맑음,교차로 - 교차로안,승용,여,59세,상해없음,승용,여,58세,경상
2021033000100211,2021년 3월 30일 11시,화요일,충청남도 천안시 동남구 풍세면,경상사고,0,0,4,0,차대차 - 추돌,안전운전불이행,건조,맑음,단일로 - 고가도로위,승합,남,60세,상해없음,승용,남,47세,경상
2021033000100272,2021년 3월 30일 13시,화요일,충청남도 태안군 태안읍,중상사고,0,1,0,0,차대사람 - 길가장자리구역통행중,안전운전불이행,건조,맑음,단일로 - 기타,승용,여,66세,상해없음,보행자,남,33세,중상
2021033000100307,2021년 3월 30일 14시,화요일,충청남도 천안시 동남구 영성동,경상사고,0,0,4,0,차대차 - 추돌,안전운전불이행,건조,맑음,기타 - 기타,화물,남,54세,상해없음,승용,여,39세,경상
2021033000100308,2021년 3월 30일 14시,화요일,충청남도 태안군 고남면,경상사고,0,0,2,0,차대차 - 측면충돌,안전운전불이행,건조,맑음,단일로 - 기타,화물,남,82세,기타불명,승용,남,62세,경상
2021033000100381,2021년 3월 30일 16시,화요일,충청남도 아산시 모종동,경상사고,0,0,1,0,차대사람 - 기타,안전운전불이행,건조,맑음,기타 - 기타,승용,여,56세,상해없음,보행자,여,8세,경상
2021033000100421,2021년 3월 30일 17시,화요일,충청남도 금산군 금산읍,중상사고,0,1,0,0,차대사람 - 횡단중,기타,건조,맑음,단일로 - 기타,승용,남,71세,상해없음,보행자,남,85세,중상
2021033000100474,2021년 3월 30일 18시,화요일,충청남도 천안시 서북구 와촌동,중상사고,0,1,1,0,차대차 - 추돌,안전운전불이행,건조,기타,단일로 - 지하차도(도로)내,승용,남,61세,상해없음,승용,여,43세,중상
2021033000100475,2021년 3월 30일 18시,화요일,충청남도 천안시 서북구 불당동,경상사고,0,0,2,0,차대차 - 측면충돌,안전운전불이행,건조,맑음,단일로 - 기타,승용,남,31세,경상,승합,남,57세,상해없음
2021033000100476,2021년 3월 30일 18시,화요일,충청남도 천안시 서북구 백석동,경상사고,0,0,1,0,차대차 - 측면충돌,안전운전불이행,건조,맑음,교차로 - 교차로안,승용,여,50세,상해없음,승용,남,38세,경상
2021033000100477,2021년 3월 30일 18시,화요일,충청남도 당진시 송악읍,중상사고,0,1,1,0,차대차 - 추돌,안전거리미확보,건조,맑음,단일로 - 기타,특수,남,51세,상해없음,화물,남,55세,경상
2021033000100478,2021년 3월 30일 18시,화요일,충청남도 천안시 동남구 용곡동,경상사고,0,0,2,0,차대차 - 측면충돌,직진우회전진행방해,건조,맑음,교차로 - 교차로안,승용,남,61세,경상,승용,여,20세,경상
2021033000100560,2021년 3월 30일 20시,화요일,충청남도 아산시 둔포면,경상사고,0,0,2,0,차대차 - 추돌,안전운전불이행,건조,맑음,교차로 - 교차로부근,승합,남,60세,상해없음,승용,남,50세,경상
2021033000100611,2021년 3월 30일 22시,화요일,충청남도 천안시 동남구 청수동,경상사고,0,0,1,0,차대사람 - 기타,안전운전불이행,건조,맑음,단일로 - 교량,승용,남,59세,상해없음,보행자,남,25세,경상
2021033100100017,2021년 3월 31일 01시,수요일,충청남도 당진시 송악읍,중상사고,0,2,0,0,차대사람 - 기타,보행자보호의무위반,건조,맑음,단일로 - 기타,승용,남,50세,상해없음,보행자,남,52세,중상
2021033100100059,2021년 3월 31일 07시,수요일,충청남도 아산시 배미동,중상사고,0,3,0,0,차대차 - 기타,신호위반,건조,맑음,교차로 - 교차로안,승용,여,40세,상해없음,승용,남,27세,중상
2021033100100096,2021년 3월 31일 08시,수요일,충청남도 아산시 온천동,경상사고,0,0,1,0,차대사람 - 횡단중,보행자보호의무위반,건조,맑음,교차로 - 교차로횡단보도내,이륜,남,34세,상해없음,보행자,남,12세,경상
2021033100100097,2021년 3월 31일 08시,수요일,충청남도 아산시 신창면,중상사고,0,1,0,0,차대차 - 정면충돌,신호위반,건조,맑음,교차로 - 교차로안,승용,남,47세,상해없음,승합,여,39세,중상
2021033100100129,2021년 3월 31일 09시,수요일,충청남도 천안시 동남구 신방동,중상사고,0,1,0,0,차대차 - 기타,안전운전불이행,건조,맑음,교차로 - 교차로부근,승용,남,57세,상해없음,자전거,남,47세,중상
2021033100100153,2021년 3월 31일 10시,수요일,충청남도 논산시 연무읍,경상사고,0,0,2,0,차대차 - 추돌,안전운전불이행,건조,맑음,단일로 - 기타,승용,남,25세,상해없음,승용,남,67세,경상
2021033100100181,2021년 3월 31일 11시,수요일,충청남도 천안시 서북구 입장면,경상사고,0,0,1,0,차대차 - 기타,안전거리미확보,건조,맑음,단일로 - 기타,승용,여,46세,기타불명,건설기계,남,48세,경상
2021033100100250,2021년 3월 31일 13시,수요일,충청남도 서산시 대산읍,경상사고,0,0,3,0,차대차 - 정면충돌,중앙선침범,건조,맑음,단일로 - 기타,승용,남,65세,상해없음,승용,남,49세,경상
2021033100100251,2021년 3월 31일 13시,수요일,충청남도 천안시 서북구 불당동,경상사고,0,0,1,0,차대차 - 기타,중앙선침범,건조,맑음,교차로 - 교차로부근,이륜,남,47세,상해없음,승용,남,31세,경상
2021033100100252,2021년 3월 31일 13시,수요일,충청남도 천안시 서북구 성정동,경상사고,0,0,2,0,차대차 - 기타,안전운전불이행,건조,맑음,단일로 - 기타,승용,남,49세,상해없음,승용,남,26세,경상
2021033100100253,2021년 3월 31일 13시,수요일,충청남도 아산시 탕정면,경상사고,0,0,1,0,차대차 - 기타,안전운전불이행,건조,맑음,교차로 - 교차로안,화물,남,54세,상해없음,승용,남,56세,경상
2021033100100276,2021년 3월 31일 14시,수요일,충청남도 천안시 서북구 두정동,중상사고,0,1,0,0,차대차 - 측면충돌,신호위반,건조,맑음,교차로 - 교차로안,승용,남,26세,상해없음,승용,여,54세,중상
2021033100100326,2021년 3월 31일 15시,수요일,충청남도 아산시 신창면,경상사고,0,0,3,0,차대차 - 추돌,안전운전불이행,건조,맑음,단일로 - 기타,승용,남,29세,경상,화물,남,63세,상해없음
2021033100100327,2021년 3월 31일 15시,수요일,충청남도 청양군 정산면,중상사고,0,1,0,0,차량단독 - 전도전복 - 전도,안전운전불이행,건조,맑음,단일로 - 기타,이륜,여,42세,중상,,,,
2021033100100328,2021년 3월 31일 15시,수요일,충청남도 천안시 동남구 목천읍,중상사고,0,1,0,0,차대사람 - 횡단중,안전운전불이행,건조,맑음,교차로 - 교차로안,승용,남,20세,상해없음,보행자,여,54세,중상
2021033100100406,2021년 3월 31일 17시,수요일,충청남도 천안시 서북구 성정동,경상사고,0,0,1,0,차대차 - 기타,안전운전불이행,건조,맑음,교차로 - 교차로부근,승용,남,28세,상해없음,승용,남,59세,경상
2021033100100407,2021년 3월 31일 17시,수요일,충청남도 계룡시 엄사면,경상사고,0,0,1,0,차대차 - 후진중충돌,안전운전불이행,건조,맑음,교차로 - 교차로안,승용,남,22세,상해없음,승용,남,25세,경상
2021033100100408,2021년 3월 31일 17시,수요일,충청남도 당진시 읍내동,중상사고,0,1,0,0,차대사람 - 기타,중앙선침범,건조,맑음,단일로 - 기타,화물,남,64세,상해없음,보행자,여,74세,중상
2021033100100409,2021년 3월 31일 17시,수요일,충청남도 청양군 청양읍,중상사고,0,1,0,0,차대차 - 측면충돌,중앙선침범,건조,맑음,단일로 - 기타,이륜,남,83세,중상,승용,남,33세,상해없음
2021033100100558,2021년 3월 31일 21시,수요일,충청남도 천안시 서북구 성정동,경상사고,0,0,2,0,차대차 - 추돌,신호위반,건조,맑음,교차로 - 교차로부근,승용,남,23세,경상,승용,남,38세,경상
2021033100100582,2021년 3월 31일 22시,수요일,충청남도 서산시 읍내동,중상사고,0,2,0,0,차대차 - 측면충돌,교차로운행방법위반,건조,맑음,교차로 - 교차로안,승용,남,47세,상해없음,승용,남,57세,중상
2021033100100583,2021년 3월 31일 22시,수요일,충청남도 천안시 서북구 불당동,경상사고,0,0,1,0,차대차 - 기타,안전운전불이행,건조,맑음,단일로 - 기타,승용,남,27세,상해없음,승용,남,61세,경상
2021040100100024,2021년 4월 1일 03시,목요일,충청남도 천안시 서북구 성정동,경상사고,0,0,1,2,차대차 - 추돌,안전운전불이행,건조,맑음,교차로 - 교차로부근,승용,남,50세,상해없음,승용,남,61세,경상
2021040100100031,2021년 4월 1일 04시,목요일,충청남도 공주시 신관동,경상사고,0,0,1,0,차대차 - 측면충돌,신호위반,건조,맑음,교차로 - 교차로안,화물,남,61세,상해없음,승용,여,68세,경상
2021040100100045,2021년 4월 1일 06시,목요일,충청남도 아산시 신창면,경상사고,0,0,1,0,차대차 - 측면충돌,안전운전불이행,건조,맑음,단일로 - 기타,승용,남,52세,상해없음,화물,남,52세,경상
2021040100100058,2021년 4월 1일 07시,목요일,충청남도 천안시 서북구 불당동,경상사고,0,0,2,0,차대차 - 측면충돌,신호위반,건조,맑음,교차로 - 교차로안,화물,남,64세,경상,승용,여,50세,경상
2021040100100094,2021년 4월 1일 08시,목요일,충청남도 아산시 배방읍,경상사고,0,0,2,0,차대차 - 기타,안전운전불이행,건조,맑음,단일로 - 기타,승용,남,28세,경상,승용,여,39세,경상
2021040100100095,2021년 4월 1일 08시,목요일,충청남도 부여군 부여읍,경상사고,0,0,1,0,차대차 - 기타,안전운전불이행,건조,맑음,단일로 - 기타,농기계,남,65세,상해없음,화물,남,56세,경상
2021040100100096,2021년 4월 1일 08시,목요일,충청남도 천안시 동남구 신부동,경상사고,0,0,1,0,차대차 - 측면충돌,안전거리미확보,건조,맑음,단일로 - 기타,화물,남,56세,상해없음,승용,여,31세,경상
2021040100100191,2021년 4월 1일 11시,목요일,충청남도 서산시 예천동,중상사고,0,1,0,0,차대차 - 측면충돌,불법유턴,건조,맑음,교차로 - 교차로부근,승용,남,63세,상해없음,승용,여,57세,중상
2021040100100192,2021년 4월 1일 11시,목요일,충청남도 천안시 서북구 두정동,경상사고,0,0,1,0,차대차 - 기타,신호위반,건조,맑음,교차로 - 교차로안,승용,여,56세,상해없음,승용,남,25세,경상
2021040100100193,2021년 4월 1일 11시,목요일,충청남도 아산시 권곡동,중상사고,0,1,0,0,차대사람 - 횡단중,보행자보호의무위반,건조,맑음,교차로 - 교차로안,승용,여,24세,상해없음,보행자,여,60세,중상
2021040100100194,2021년 4월 1일 11시,목요일,충청남도 공주시 이인면,경상사고,0,0,1,0,차대차 - 측면충돌,중앙선침범,건조,맑음,단일로 - 기타,승합,남,54세,상해없음,이륜,남,73세,경상
2021040100100195,2021년 4월 1일 11시,목요일,충청남도 당진시 읍내동,경상사고,0,0,1,0,차대차 - 측면충돌,교차로운행방법위반,건조,맑음,교차로 - 교차로안,승용,여,40세,상해없음,승용,남,23세,경상
2021040100100233,2021년 4월 1일 12시,목요일,충청남도 서산시 해미면,중상사고,0,1,0,0,차대차 - 추돌,교차로운행방법위반,건조,맑음,교차로 - 교차로안,이륜,남,80세,중상,화물,남,44세,상해없음
2021040100100234,2021년 4월 1일 12시,목요일,충청남도 서산시 음암면,경상사고,0,0,2,0,차대차 - 측면충돌,안전운전불이행,건조,맑음,단일로 - 기타,화물,남,59세,상해없음,승용,남,31세,상해없음
2021040100100273,2021년 4월 1일 13시,목요일,충청남도 당진시 석문면,경상사고,0,0,1,0,차대차 - 측면충돌,교차로운행방법위반,건조,맑음,교차로 - 교차로안,승용,남,33세,상해없음,승용,남,60세,경상
2021040100100349,2021년 4월 1일 15시,목요일,충청남도 공주시 산성동,경상사고,0,0,1,0,차대사람 - 보도통행중,안전운전불이행,건조,맑음,단일로 - 기타,자전거,여,17세,기타불명,보행자,여,88세,경상
2021040100100350,2021년 4월 1일 15시,목요일,충청남도 당진시 읍내동,중상사고,0,1,0,0,차대차 - 정면충돌,신호위반,건조,맑음,교차로 - 교차로안,승용,여,41세,상해없음,이륜,남,56세,중상
2021040100100386,2021년 4월 1일 16시,목요일,충청남도 천안시 동남구 신방동,경상사고,0,0,1,0,차대차 - 기타,교차로운행방법위반,건조,맑음,교차로 - 교차로안,화물,남,43세,상해없음,승용,여,35세,경상
2021040100100430,2021년 4월 1일 17시,목요일,충청남도 서산시 해미면,중상사고,0,2,1,0,차대차 - 추돌,안전거리미확보,건조,맑음,교차로 - 교차로부근,화물,남,44세,상해없음,승용,여,61세,중상
2021040100100431,2021년 4월 1일 17시,목요일,충청남도 천안시 서북구 두정동,경상사고,0,0,1,0,차대차 - 기타,안전거리미확보,건조,맑음,단일로 - 기타,승용,남,27세,상해없음,승용,남,36세,상해없음
2021040100100432,2021년 4월 1일 17시,목요일,충청남도 홍성군 홍북읍,중상사고,0,1,2,0,차대차 - 측면충돌,교차로운행방법위반,건조,맑음,교차로 - 교차로안,승용,여,41세,경상,승용,여,42세,중상
2021040100100433,2021년 4월 1일 17시,목요일,충청남도 홍성군 홍북읍,경상사고,0,0,3,0,차대차 - 측면충돌,안전운전불이행,건조,맑음,단일로 - 기타,승용,남,31세,경상,승용,여,46세,경상
2021040100100434,2021년 4월 1일 17시,목요일,충청남도 천안시 동남구 원성동,경상사고,0,0,3,0,차대차 - 측면충돌,안전운전불이행,건조,맑음,교차로 - 교차로안,이륜,남,48세,경상,승용,여,42세,경상
2021040100100525,2021년 4월 1일 19시,목요일,충청남도 천안시 동남구 원성동,경상사고,0,0,1,0,차대차 - 기타,신호위반,건조,맑음,교차로 - 교차로부근,승용,남,75세,상해없음,승합,남,59세,경상
2021040100100590,2021년 4월 1일 21시,목요일,충청남도 계룡시 엄사면,중상사고,0,1,1,0,차대차 - 정면충돌,안전운전불이행,건조,맑음,교차로 - 교차로부근,승용,남,43세,중상,화물,여,67세,기타불명
2021040100100615,2021년 4월 1일 22시,목요일,충청남도 천안시 동남구 구성동,경상사고,0,0,1,0,차대사람 - 기타,안전운전불이행,건조,맑음,교차로 - 교차로안,승용,남,46세,상해없음,보행자,여,47세,경상
2021040200100013,2021년 4월 2일 01시,금요일,충청남도 천안시 동남구 봉명동,경상사고,0,0,1,0,차대차 - 기타,안전거리미확보,건조,맑음,단일로 - 기타,승용,남,27세,상해없음,승용,남,49세,경상
2021040200100024,2021년 4월 2일 03시,금요일,충청남도 당진시 송산면,경상사고,0,0,1,0,차대사람 - 차도통행중,안전운전불이행,건조,맑음,단일로 - 기타,승용,남,48세,상해없음,보행자,남,31세,경상
2021040200100060,2021년 4월 2일 07시,금요일,충청남도 천안시 서북구 성거읍,경상사고,0,0,1,0,차대차 - 기타,안전운전불이행,건조,맑음,단일로 - 기타,승용,여,44세,상해없음,승용,남,29세,상해없음
2021040200100061,2021년 4월 2일 07시,금요일,충청남도 아산시 배방읍,경상사고,0,0,1,0,차대차 - 측면충돌,차로위반,건조,맑음,단일로 - 기타,화물,남,56세,상해없음,승용,남,25세,경상
2021040200100062,2021년 4월 2일 07시,금요일,충청남도 공주시 계룡면,중상사고,0,1,1,0,차대차 - 정면충돌,중앙선침범,건조,맑음,교차로 - 교차로안,승합,남,60세,경상,승용,여,26세,중상
2021040200100063,2021년 4월 2일 07시,금요일,충청남도 당진시 수청동,경상사고,0,0,1,0,차대차 - 측면충돌,신호위반,건조,맑음,교차로 - 교차로안,승용,남,58세,상해없음,승용,남,31세,경상
2021040200100091,2021년 4월 2일 08시,금요일,충청남도 천안시 서북구 직산읍,경상사고,0,0,1,0,차대차 - 기타,직진우회전진행방해,건조,맑음,교차로 - 교차로안,화물,남,68세,상해없음,승용,여,27세,경상
2021040200100092,2021년 4월 2일 08시,금요일,충청남도 홍성군 홍북읍,중상사고,0,1,1,0,차대차 - 추돌,안전운전불이행,건조,맑음,교차로 - 교차로부근,화물,남,63세,상해없음,승용,여,44세,경상
2021040200100093,2021년 4월 2일 08시,금요일,충청남도 아산시 온천동,경상사고,0,0,1,0,차대차 - 정면충돌,안전운전불이행,건조,맑음,단일로 - 기타,승용,여,59세,기타불명,승용,여,25세,경상
2021040200100155,2021년 4월 2일 10시,금요일,충청남도 천안시 동남구 영성동,경상사고,0,0,1,0,차대사람 - 길가장자리구역통행중,안전운전불이행,건조,맑음,단일로 - 기타,승용,여,60세,기타불명,보행자,남,46세,경상
2021040200100186,2021년 4월 2일 11시,금요일,충청남도 금산군 남이면,중상사고,0,4,5,0,차대차 - 추돌,안전운전불이행,건조,맑음,단일로 - 기타,화물,남,71세,경상,화물,남,70세,상해없음
2021040200100224,2021년 4월 2일 12시,금요일,충청남도 서산시 부석면,중상사고,0,1,0,0,차대차 - 기타,중앙선침범,건조,맑음,단일로 - 기타,건설기계,남,35세,상해없음,승용,남,26세,중상
2021040200100225,2021년 4월 2일 12시,금요일,충청남도 아산시 풍기동,중상사고,0,2,0,0,차대차 - 측면충돌,중앙선침범,건조,맑음,교차로 - 교차로부근,건설기계,남,54세,중상,승용,여,41세,중상
2021040200100264,2021년 4월 2일 13시,금요일,충청남도 공주시 신관동,경상사고,0,0,2,0,차대차 - 정면충돌,안전운전불이행,건조,맑음,교차로 - 교차로부근,이륜,남,20세,경상,승용,여,46세,경상
2021040200100265,2021년 4월 2일 13시,금요일,충청남도 당진시 채운동,경상사고,0,0,1,0,차대차 - 정면충돌,신호위반,건조,맑음,교차로 - 교차로안,승용,여,34세,상해없음,승용,여,60세,경상
2021040200100266,2021년 4월 2일 13시,금요일,충청남도 청양군 정산면,중상사고,0,1,0,0,차대차 - 추돌,안전운전불이행,건조,흐림,기타 - 기타,승용,남,71세,상해없음,이륜,남,67세,중상
2021040200100334,2021년 4월 2일 15시,금요일,충청남도 천안시 서북구 불당동,경상사고,0,0,2,0,차대차 - 추돌,안전운전불이행,건조,맑음,단일로 - 기타,승용,여,41세,상해없음,승용,남,26세,경상
2021040200100335,2021년 4월 2일 15시,금요일,충청남도 보령시 신흑동,중상사고,0,1,0,0,차대차 - 측면충돌,신호위반,건조,맑음,교차로 - 교차로안,화물,남,61세,상해없음,승용,남,68세,중상
2021040200100365,2021년 4월 2일 16시,금요일,충청남도 천안시 서북구 성환읍,중상사고,0,1,0,0,차대차 - 기타,신호위반,건조,맑음,교차로 - 교차로안,승용,여,31세,상해없음,이륜,남,49세,중상
2021040200100366,2021년 4월 2일 16시,금요일,충청남도 천안시 서북구 불당동,경상사고,0,0,1,0,차대차 - 측면충돌,신호위반,건조,맑음,교차로 - 교차로부근,이륜,남,24세,상해없음,자전거,남,14세,경상
2021040200100367,2021년 4월 2일 16시,금요일,충청남도 아산시 음봉면,경상사고,0,0,1,0,차대차 - 기타,안전운전불이행,건조,맑음,단일로 - 기타,승용,여,34세,상해없음,승용,여,57세,경상
2021040200100368,2021년 4월 2일 16시,금요일,충청남도 예산군 고덕면,경상사고,0,0,1,0,차대차 - 측면충돌,교차로운행방법위반,건조,맑음,교차로 - 교차로안,화물,남,76세,상해없음,화물,남,48세,경상
2021040200100464,2021년 4월 2일 18시,금요일,충청남도 천안시 서북구 불당동,경상사고,0,0,1,0,차대차 - 정면충돌,안전운전불이행,건조,맑음,교차로 - 교차로안,승용,남,56세,상해없음,승용,남,46세,경상
2021040200100465,2021년 4월 2일 18시,금요일,충청남도 공주시 옥룡동,경상사고,0,0,2,0,차대차 - 정면충돌,신호위반,건조,맑음,교차로 - 교차로안,이륜,남,20세,경상,승용,여,30세,경상
2021040200100466,2021년 4월 2일 18시,금요일,충청남도 예산군 덕산면,중상사고,0,1,1,0,차대차 - 측면충돌,신호위반,건조,맑음,교차로 - 교차로안,승용,남,37세,상해없음,승용,남,36세,중상
2021040200100508,2021년 4월 2일 19시,금요일,충청남도 아산시 인주면,중상사고,0,1,0,0,차대차 - 추돌,안전운전불이행,건조,맑음,단일로 - 기타,화물,남,49세,상해없음,농기계,남,63세,중상
2021040200100509,2021년 4월 2일 19시,금요일,충청남도 공주시 신관동,경상사고,0,0,1,0,차대차 - 측면충돌,직진우회전진행방해,건조,맑음,교차로 - 교차로안,승용,여,56세,상해없음,승용,남,47세,경상
2021040200100553,2021년 4월 2일 20시,금요일,충청남도 서산시 읍내동,경상사고,0,0,1,0,차대차 - 정면충돌,신호위반,건조,맑음,교차로 - 교차로안,승용,남,55세,상해없음,승용,남,39세,경상
2021040200100554,2021년 4월 2일 20시,금요일,충청남도 천안시 서북구 직산읍,부상신고사고,0,0,0,1,차대차 - 추돌,안전운전불이행,건조,맑음,단일로 - 기타,이륜,남,26세,상해없음,자전거,남,52세,부상신고
2021040200100555,2021년 4월 2일 20시,금요일,충청남도 천안시 서북구 성정동,경상사고,0,0,1,0,차대차 - 측면충돌,신호위반,건조,맑음,교차로 - 교차로안,원동기,남,41세,상해없음,원동기,남,24세,경상