사고번호,사고일시,요일,시군구,사고내용,사망자수,중상자수,경상자수,부상신고자수,사고유형,법규위반,노면상태,기상상태,도로형태,가해운전자 차종,가해운전자 성별,가해운전자 연령,가해운전자 상해정도,피해운전자 차종,피해운전자 성별,피해운전자 연령,피해운전자 상해정도
2021041600100454,2021년 4월 16일 19시,금요일,충청남도 아산시 남동,경상사고,0,0,1,0,차대차 - 측면충돌,안전운전불이행,건조,맑음,교차로 - 교차로안,승용,남,61세,상해없음,승용,남,46세,상해없음
2021041600100455,2021년 4월 16일 19시,금요일,충청남도 보령시 동대동,중상사고,0,1,1,0,차대차 - 측면충돌,교차로운행방법위반,건조,맑음,교차로 - 교차로안,승용,남,71세,상해없음,승용,남,45세,중상
2021041600100456,2021년 4월 16일 19시,금요일,충청남도 공주시 신관동,중상사고,0,1,0,0,차대차 - 측면충돌,직진우회전진행방해,건조,맑음,교차로 - 교차로안,승용,남,64세,상해없음,이륜,남,43세,중상
2021041600100457,2021년 4월 16일 19시,금요일,충청남도 천안시 동남구 목천읍,경상사고,0,0,5,0,차대사람 - 기타,안전운전불이행,건조,맑음,주차장 - 주차장,승용,남,19세,상해없음,보행자,남,48세,경상
2021041600100489,2021년 4월 16일 20시,금요일,충청남도 서산시 성연면,중상사고,0,1,1,0,차대차 - 측면충돌,안전운전불이행,건조,맑음,교차로 - 교차로부근,승용,남,37세,상해없음,승용,남,61세,중상
2021041600100523,2021년 4월 16일 21시,금요일,충청남도 당진시 신평면,중상사고,0,1,3,0,차대차 - 기타,신호위반,건조,맑음,교차로 - 교차로안,승용,남,18세,상해없음,승용,남,53세,경상
2021041700100018,2021년 4월 17일 01시,토요일,충청남도 천안시 서북구 성정동,중상사고,0,1,0,0,차대차 - 기타,신호위반,건조,맑음,교차로 - 교차로안,승용,남,61세,상해없음,자전거,남,54세,중상
2021041700100031,2021년 4월 17일 03시,토요일,충청남도 천안시 서북구 성정동,경상사고,0,0,2,0,차대차 - 기타,안전운전불이행,건조,맑음,교차로 - 교차로부근,승용,남,24세,기타불명,승용,남,34세,경상
2021041700100038,2021년 4월 17일 04시,토요일,충청남도 태안군 남면,중상사고,0,4,0,0,차량단독 - 공작물충돌,안전운전불이행,건조,맑음,교차로 - 교차로안,승용,여,69세,중상,,,,
2021041700100045,2021년 4월 17일 05시,토요일,충청남도 당진시 신평면,경상사고,0,0,1,0,차량단독 - 기타,안전운전불이행,건조,맑음,단일로 - 기타,승용,남,19세,상해없음,,,,
2021041700100067,2021년 4월 17일 07시,토요일,충청남도 아산시 음봉면,중상사고,0,1,0,0,차대차 - 기타,신호위반,건조,맑음,교차로 - 교차로안,승용,남,26세,상해없음,승용,남,59세,중상
2021041700100083,2021년 4월 17일 08시,토요일,충청남도 천안시 서북구 성거읍,경상사고,0,0,1,0,차대차 - 추돌,안전운전불이행,건조,맑음,단일로 - 기타,승용,남,52세,상해없음,승용,남,32세,경상
2021041700100105,2021년 4월 17일 09시,토요일,충청남도 천안시 서북구 두정동,경상사고,0,0,1,0,차대차 - 기타,안전운전불이행,건조,맑음,교차로 - 교차로횡단보도내,기타불명,기타불명,미분류,기타불명,승용,여,58세,경상
2021041700100106,2021년 4월 17일 09시,토요일,충청남도 태안군 안면읍,경상사고,0,0,1,0,차대차 - 측면충돌,안전운전불이행,건조,맑음,교차로 - 교차로안,승용,남,64세,상해없음,승합,남,48세,상해없음
2021041700100107,2021년 4월 17일 09시,토요일,충청남도 태안군 태안읍,경상사고,0,0,1,0,차대차 - 측면충돌,안전운전불이행,건조,맑음,단일로 - 기타,승용,남,71세,상해없음,승용,여,62세,경상
2021041700100209,2021년 4월 17일 12시,토요일,충청남도 아산시 모종동,중상사고,0,1,0,0,차대차 - 기타,안전운전불이행,건조,맑음,단일로 - 기타,승용,여,64세,상해없음,승용,남,28세,중상
2021041700100210,2021년 4월 17일 12시,토요일,충청남도 천안시 동남구 대흥동,경상사고,0,0,4,0,차대차 - 추돌,안전거리미확보,건조,맑음,단일로 - 기타,승용,남,49세,상해없음,화물,남,37세,경상
2021041700100211,2021년 4월 17일 12시,토요일,충청남도 천안시 동남구 원성동,경상사고,0,0,2,0,차대차 - 측면충돌,안전거리미확보,건조,맑음,기타 - 기타,승용,남,65세,상해없음,승용,남,74세,경상
2021041700100245,2021년 4월 17일 13시,토요일,충청남도 논산시 연산면,경상사고,0,0,1,0,차대사람 - 차도통행중,안전운전불이행,건조,맑음,단일로 - 기타,화물,남,30세,상해없음,보행자,남,56세,경상
2021041700100246,2021년 4월 17일 13시,토요일,충청남도 천안시 동남구 사직동,중상사고,0,1,0,0,차대사람 - 횡단중,보행자보호의무위반,건조,맑음,교차로 - 교차로횡단보도내,이륜,남,65세,상해없음,보행자,여,61세,중상
2021041700100291,2021년 4월 17일 14시,토요일,충청남도 서산시 대산읍,중상사고,0,1,0,0,차대사람 - 기타,안전운전불이행,건조,맑음,주차장 - 주차장,승용,남,53세,상해없음,보행자,여,71세,중상
2021041700100292,2021년 4월 17일 14시,토요일,충청남도 보령시 웅천읍,중상사고,0,2,0,0,차대차 - 기타,기타,건조,맑음,교차로 - 교차로안,승용,남,20세,상해없음,승용,남,79세,중상
2021041700100337,2021년 4월 17일 15시,토요일,충청남도 서산시 읍내동,경상사고,0,0,1,0,차대차 - 측면충돌,안전운전불이행,건조,맑음,교차로 - 교차로안,승용,남,29세,상해없음,이륜,남,43세,경상
2021041700100338,2021년 4월 17일 15시,토요일,충청남도 천안시 서북구 성거읍,경상사고,0,0,1,0,차대차 - 기타,신호위반,건조,맑음,교차로 - 교차로안,승용,남,52세,상해없음,승용,여,58세,경상
2021041700100384,2021년 4월 17일 16시,토요일,충청남도 부여군 부여읍,경상사고,0,0,1,0,차대사람 - 차도통행중,안전운전불이행,건조,맑음,단일로 - 기타,승용,여,50세,상해없음,보행자,남,46세,경상
2021041700100385,2021년 4월 17일 16시,토요일,충청남도 천안시 동남구 목천읍,경상사고,0,0,1,0,차대차 - 기타,안전운전불이행,건조,맑음,단일로 - 기타,화물,남,40세,상해없음,승용,여,44세,경상
2021041700100426,2021년 4월 17일 17시,토요일,충청남도 부여군 부여읍,경상사고,0,0,1,0,차대차 - 측면충돌,안전운전불이행,건조,맑음,교차로 - 교차로안,승용,남,26세,상해없음,승용,여,65세,경상
2021041700100492,2021년 4월 17일 19시,토요일,충청남도 천안시 서북구 불당동,경상사고,0,0,1,0,차대차 - 기타,안전거리미확보,건조,맑음,단일로 - 기타,승용,여,33세,상해없음,이륜,남,35세,경상
2021041700100493,2021년 4월 17일 19시,토요일,충청남도 천안시 서북구 두정동,경상사고,0,0,4,0,차대차 - 기타,안전운전불이행,건조,맑음,단일로 - 기타,승용,남,34세,경상,승용,남,32세,경상
2021041700100522,2021년 4월 17일 20시,토요일,충청남도 아산시 모종동,중상사고,0,1,0,0,차대사람 - 횡단중,안전운전불이행,건조,맑음,기타 - 기타,이륜,남,38세,상해없음,보행자,여,35세,중상
2021041700100523,2021년 4월 17일 20시,토요일,충청남도 당진시 석문면,중상사고,0,2,1,1,차량단독 - 공작물충돌,기타,건조,맑음,단일로 - 기타,승용,남,20세,상해없음,,,,
2021041700100573,2021년 4월 17일 22시,토요일,충청남도 당진시 송악읍,경상사고,0,0,1,0,차대차 - 기타,신호위반,건조,맑음,교차로 - 교차로안,승용,남,31세,상해없음,승용,남,34세,경상
2021041800100005,2021년 4월 18일 00시,일요일,충청남도 아산시 배방읍,중상사고,0,1,0,0,차량단독 - 공작물충돌,안전운전불이행,건조,맑음,교차로 - 교차로안,승용,남,32세,중상,,,,
2021041800100006,2021년 4월 18일 00시,일요일,충청남도 천안시 동남구 구성동,경상사고,0,0,1,0,차대차 - 기타,기타,건조,맑음,기타 - 기타,승용,남,58세,상해없음,승용,남,63세,상해없음
2021041800100031,2021년 4월 18일 04시,일요일,충청남도 공주시 사곡면,중상사고,0,1,0,0,차대차 - 기타,안전운전불이행,건조,맑음,단일로 - 기타,이륜,남,52세,중상,승용,남,36세,상해없음
2021041800100038,2021년 4월 18일 05시,일요일,충청남도 천안시 서북구 성정동,경상사고,0,0,1,0,차대차 - 정면충돌,신호위반,건조,기타,교차로 - 교차로안,승용,남,24세,상해없음,승용,남,57세,경상
2021041800100039,2021년 4월 18일 05시,일요일,충청남도 아산시 음봉면,경상사고,0,0,1,0,차대차 - 측면충돌,안전운전불이행,건조,맑음,단일로 - 기타,승용,남,22세,기타불명,승용,남,33세,경상
2021041800100060,2021년 4월 18일 09시,일요일,충청남도 천안시 서북구 성거읍,중상사고,0,1,0,0,차대차 - 측면충돌,안전운전불이행,건조,맑음,단일로 - 기타,승용,남,57세,상해없음,원동기,여,69세,중상
2021041800100075,2021년 4월 18일 10시,일요일,충청남도 천안시 서북구 두정동,경상사고,0,0,1,0,차대차 - 기타,직진우회전진행방해,건조,맑음,교차로 - 교차로안,승용,여,49세,기타불명,승용,남,42세,경상
2021041800100076,2021년 4월 18일 10시,일요일,충청남도 서천군 마서면,사망사고,1,1,0,0,차대차 - 추돌,안전운전불이행,건조,맑음,단일로 - 기타,이륜,남,41세,사망,이륜,남,41세,중상
2021041800100077,2021년 4월 18일 10시,일요일,충청남도 당진시 원당동,경상사고,0,0,1,0,차대차 - 기타,안전운전불이행,건조,맑음,단일로 - 기타,승용,여,64세,상해없음,원동기,남,83세,경상
2021041800100093,2021년 4월 18일 11시,일요일,충청남도 천안시 동남구 영성동,경상사고,0,0,1,0,차대사람 - 기타,안전운전불이행,건조,맑음,단일로 - 기타,승용,여,50세,상해없음,보행자,여,53세,경상
2021041800100117,2021년 4월 18일 12시,일요일,충청남도 공주시 의당면,경상사고,0,0,1,0,차대차 - 기타,중앙선침범,건조,맑음,단일로 - 기타,승용,여,59세,기타불명,승용,남,58세,경상
2021041800100181,2021년 4월 18일 14시,일요일,충청남도 보령시 명천동,경상사고,0,0,1,0,차대차 - 측면충돌,중앙선침범,건조,맑음,단일로 - 기타,승용,여,37세,상해없음,승용,남,37세,경상
2021041800100182,2021년 4월 18일 14시,일요일,충청남도 태안군 안면읍,중상사고,0,1,0,0,차대차 - 추돌,안전운전불이행,건조,맑음,단일로 - 기타,승용,여,57세,상해없음,이륜,남,66세,중상
2021041800100272,2021년 4월 18일 17시,일요일,충청남도 보령시 동대동,중상사고,0,1,0,0,차대차 - 측면충돌,신호위반,건조,맑음,교차로 - 교차로안,승용,남,28세,상해없음,이륜,남,20세,중상
2021041800100273,2021년 4월 18일 17시,일요일,충청남도 공주시 산성동,경상사고,0,0,2,0,차대차 - 기타,안전운전불이행,건조,맑음,단일로 - 기타,승용,남,72세,상해없음,승용,남,76세,경상
2021041800100308,2021년 4월 18일 18시,일요일,충청남도 태안군 태안읍,경상사고,0,0,1,0,차대차 - 기타,기타,건조,맑음,단일로 - 기타,승용,여,37세,상해없음,승용,남,37세,경상
2021041800100339,2021년 4월 18일 19시,일요일,충청남도 천안시 서북구 두정동,사망사고,1,0,0,0,차대차 - 정면충돌,신호위반,건조,맑음,교차로 - 교차로안,승용,남,34세,상해없음,이륜,남,51세,사망
2021041800100355,2021년 4월 18일 20시,일요일,충청남도 서산시 석림동,경상사고,0,0,1,0,차대차 - 측면충돌,차로위반,건조,맑음,단일로 - 기타,승용,여,25세,상해없음,승합,남,43세,상해없음
2021041800100356,2021년 4월 18일 20시,일요일,충청남도 아산시 온천동,경상사고,0,0,2,0,차대사람 - 차도통행중,안전운전불이행,건조,맑음,교차로 - 교차로안,승용,남,59세,상해없음,보행자,남,71세,경상
2021041800100385,2021년 4월 18일 21시,일요일,충청남도 천안시 서북구 직산읍,경상사고,0,0,2,0,차대차 - 측면충돌,교차로운행방법위반,건조,흐림,교차로 - 교차로안,승용,남,24세,경상,화물,남,65세,경상
2021041800100386,2021년 4월 18일 21시,일요일,충청남도 천안시 서북구 성환읍,중상사고,0,2,0,0,차대차 - 측면충돌,기타,건조,맑음,교차로 - 교차로안,승용,여,30세,중상,승용,여,63세,중상
2021041800100387,2021년 4월 18일 21시,일요일,충청남도 천안시 동남구 목천읍,중상사고,0,1,0,0,차대차 - 측면충돌,신호위반,건조,맑음,교차로 - 교차로안,원동기,남,60세,중상,승용,남,63세,상해없음
2021041900100006,2021년 4월 19일 00시,월요일,충청남도 천안시 서북구 두정동,경상사고,0,0,1,0,차대차 - 측면충돌,신호위반,건조,맑음,교차로 - 교차로안,승용,남,57세,상해없음,이륜,남,38세,경상
2021041900100033,2021년 4월 19일 06시,월요일,충청남도 당진시 송산면,경상사고,0,0,1,0,차대차 - 기타,안전운전불이행,건조,맑음,단일로 - 기타,자전거,남,55세,경상,승용,남,46세,상해없음
2021041900100034,2021년 4월 19일 06시,월요일,충청남도 당진시 송산면,경상사고,0,0,1,0,차대사람 - 길가장자리구역통행중,안전운전불이행,건조,맑음,단일로 - 기타,승용,남,46세,상해없음,보행자,남,55세,경상
2021041900100059,2021년 4월 19일 07시,월요일,충청남도 공주시 신관동,경상사고,0,0,1,0,차대차 - 추돌,안전운전불이행,건조,맑음,단일로 - 교량,승용,여,53세,상해없음,화물,남,46세,경상
2021041900100091,2021년 4월 19일 08시,월요일,충청남도 천안시 서북구 성성동,경상사고,0,0,3,0,차대차 - 기타,신호위반,건조,맑음,교차로 - 교차로안,승용,남,32세,경상,승용,남,30세,경상
2021041900100092,2021년 4월 19일 08시,월요일,충청남도 천안시 서북구 불당동,경상사고,0,0,1,0,차대차 - 기타,신호위반,건조,맑음,교차로 - 교차로안,승용,여,44세,상해없음,승용,남,41세,경상
2021041900100093,2021년 4월 19일 08시,월요일,충청남도 예산군 덕산면,중상사고,0,1,1,0,차대차 - 측면충돌,안전운전불이행,건조,맑음,단일로 - 기타,승용,여,42세,상해없음,승용,여,37세,경상
2021041900100173,2021년 4월 19일 10시,월요일,충청남도 천안시 서북구 불당동,경상사고,0,0,1,0,차대차 - 기타,안전운전불이행,건조,맑음,단일로 - 기타,화물,남,69세,상해없음,화물,남,47세,상해없음
2021041900100174,2021년 4월 19일 10시,월요일,충청남도 당진시 읍내동,경상사고,0,0,1,0,차대차 - 측면충돌,교차로운행방법위반,건조,맑음,교차로 - 교차로안,승용,여,55세,상해없음,승용,남,44세,경상
2021041900100208,2021년 4월 19일 11시,월요일,충청남도 천안시 서북구 두정동,경상사고,0,0,1,0,차대차 - 기타,안전거리미확보,건조,맑음,단일로 - 기타,승용,여,48세,상해없음,이륜,남,22세,경상
2021041900100232,2021년 4월 19일 12시,월요일,충청남도 천안시 동남구 광덕면,경상사고,0,0,1,0,차대차 - 추돌,안전운전불이행,건조,맑음,단일로 - 터널,승용,남,54세,상해없음,승용,남,23세,상해없음
2021041900100289,2021년 4월 19일 14시,월요일,충청남도 천안시 서북구 두정동,경상사고,0,0,2,0,차대차 - 기타,신호위반,건조,맑음,교차로 - 교차로안,원동기,남,17세,상해없음,승용,남,34세,경상
2021041900100290,2021년 4월 19일 14시,월요일,충청남도 천안시 서북구 성정동,중상사고,0,1,0,0,차대차 - 기타,중앙선침범,건조,맑음,단일로 - 기타,승용,남,63세,상해없음,이륜,남,45세,중상
2021041900100328,2021년 4월 19일 15시,월요일,충청남도 천안시 서북구 성정동,경상사고,0,0,1,0,차대차 - 기타,교차로운행방법위반,건조,맑음,기타 - 기타,승용,여,37세,상해없음,승용,여,40세,경상
2021041900100329,2021년 4월 19일 15시,월요일,충청남도 아산시 방축동,부상신고사고,0,0,0,1,차대사람 - 기타,기타,건조,맑음,주차장 - 주차장,승합,남,45세,상해없음,보행자,여,65세,부상신고
2021041900100371,2021년 4월 19일 16시,월요일,충청남도 천안시 동남구 대흥동,경상사고,0,0,2,0,차대차 - 추돌,안전운전불이행,건조,맑음,기타 - 기타,승용,남,58세,기타불명,승용,남,56세,경상
2021041900100406,2021년 4월 19일 17시,월요일,충청남도 천안시 서북구 불당동,중상사고,0,1,0,0,차대차 - 기타,안전운전불이행,건조,맑음,교차로 - 교차로부근,이륜,남,21세,중상,화물,남,50세,상해없음
2021041900100407,2021년 4월 19일 17시,월요일,충청남도 천안시 서북구 성정동,중상사고,0,1,0,0,차대차 - 기타,중앙선침범,건조,맑음,단일로 - 기타,승용,남,40세,상해없음,이륜,남,26세,중상
2021041900100408,2021년 4월 19일 17시,월요일,충청남도 논산시 양촌면,경상사고,0,0,1,0,차량단독 - 도로외이탈 - 기타,안전운전불이행,건조,맑음,단일로 - 기타,이륜,남,16세,경상,,,,
2021041900100409,2021년 4월 19일 17시,월요일,충청남도 아산시 둔포면,경상사고,0,0,1,0,차대차 - 추돌,안전운전불이행,건조,맑음,교차로 - 교차로부근,화물,남,47세,상해없음,승용,남,83세,경상
2021041900100455,2021년 4월 19일 18시,월요일,충청남도 공주시 사곡면,경상사고,0,0,1,0,차대차 - 기타,안전운전불이행,건조,맑음,단일로 - 교량,화물,남,26세,상해없음,화물,남,42세,경상
2021041900100517,2021년 4월 19일 20시,월요일,충청남도 서산시 동문동,중상사고,0,1,0,0,차대차 - 측면충돌,안전운전불이행,건조,맑음,교차로 - 교차로안,승용,남,34세,상해없음,자전거,남,68세,중상
2021041900100518,2021년 4월 19일 20시,월요일,충청남도 서산시 팔봉면,중상사고,0,1,0,2,차대차 - 기타,기타,건조,맑음,단일로 - 기타,기타불명,기타불명,미분류,기타불명,승용,여,50세,중상
2021041900100519,2021년 4월 19일 20시,월요일,충청남도 천안시 동남구 목천읍,경상사고,0,0,1,0,차대차 - 측면충돌,중앙선침범,건조,맑음,기타 - 기타,승용,남,50세,상해없음,승용,여,55세,경상
2021041900100543,2021년 4월 19일 21시,월요일,충청남도 천안시 동남구 풍세면,경상사고,0,0,3,0,차대차 - 기타,중앙선침범,건조,맑음,단일로 - 기타,승용,여,41세,상해없음,승용,남,40세,경상
2021042000100021,2021년 4월 20일 04시,화요일,충청남도 당진시 시곡동,경상사고,0,0,1,0,차대차 - 측면충돌,안전거리미확보,건조,맑음,단일로 - 기타,승용,여,29세,상해없음,승용,여,34세,경상
2021042000100054,2021년 4월 20일 07시,화요일,충청남도 서천군 장항읍,경상사고,0,0,1,0,차대차 - 측면충돌,직진우회전진행방해,건조,맑음,교차로 - 교차로안,화물,남,33세,상해없음,화물,남,56세,경상
2021042000100055,2021년 4월 20일 07시,화요일,충청남도 당진시 송악읍,경상사고,0,0,3,0,차대차 - 추돌,안전운전불이행,건조,맑음,단일로 - 기타,화물,남,54세,상해없음,승합,남,62세,경상
2021042000100056,2021년 4월 20일 07시,화요일,충청남도 태안군 원북면,경상사고,0,0,1,0,차량단독 - 도로외이탈 - 추락,안전운전불이행,건조,맑음,단일로 - 기타,농기계,남,75세,경상,,,,
2021042000100085,2021년 4월 20일 08시,화요일,충청남도 보령시 명천동,경상사고,0,0,1,0,차대차 - 측면충돌,기타,건조,맑음,교차로 - 교차로안,승용,여,30세,상해없음,승용,남,36세,경상
2021042000100086,2021년 4월 20일 08시,화요일,충청남도 천안시 동남구 신부동,경상사고,0,0,2,0,차대차 - 추돌,안전거리미확보,건조,맑음,단일로 - 기타,승용,남,28세,상해없음,승용,여,45세,경상
2021042000100133,2021년 4월 20일 09시,화요일,충청남도 천안시 서북구 쌍용동,중상사고,0,1,0,0,차대차 - 측면충돌,안전거리미확보,건조,맑음,단일로 - 기타,승용,여,56세,상해없음,승용,여,61세,중상
2021042000100134,2021년 4월 20일 09시,화요일,충청남도 아산시 용화동,경상사고,0,0,1,0,차대차 - 측면충돌,안전운전불이행,건조,맑음,교차로 - 교차로부근,승용,여,40세,경상,승용,여,69세,상해없음
2021042000100171,2021년 4월 20일 10시,화요일,충청남도 천안시 동남구 성황동,경상사고,0,0,1,0,차대차 - 측면충돌,안전운전불이행,건조,맑음,교차로 - 교차로안,승용,여,33세,상해없음,화물,남,58세,경상
2021042000100236,2021년 4월 20일 12시,화요일,충청남도 천안시 서북구 직산읍,부상신고사고,0,0,0,1,차대차 - 측면충돌,안전운전불이행,건조,맑음,교차로 - 교차로안,이륜,남,20세,부상신고,승용,남,39세,상해없음
2021042000100237,2021년 4월 20일 12시,화요일,충청남도 논산시 내동,중상사고,0,1,6,0,차대차 - 추돌,안전운전불이행,건조,맑음,단일로 - 기타,승용,남,35세,경상,승용,남,52세,경상
2021042000100238,2021년 4월 20일 12시,화요일,충청남도 보령시 명천동,경상사고,0,0,1,0,차대차 - 기타,신호위반,건조,맑음,교차로 - 교차로안,승용,여,45세,상해없음,승용,여,26세,경상
2021042000100239,2021년 4월 20일 12시,화요일,충청남도 금산군 제원면,경상사고,0,0,1,0,차대차 - 측면충돌,안전운전불이행,건조,맑음,단일로 - 기타,이륜,남,67세,경상,화물,남,58세,상해없음
2021042000100277,2021년 4월 20일 13시,화요일,충청남도 아산시 온천동,경상사고,0,0,1,0,차대사람 - 기타,안전운전불이행,건조,맑음,단일로 - 기타,승용,여,65세,상해없음,보행자,여,67세,경상
2021042000100350,2021년 4월 20일 15시,화요일,충청남도 예산군 예산읍,중상사고,0,1,0,0,차대차 - 측면충돌,안전운전불이행,건조,맑음,단일로 - 기타,승용,남,78세,상해없음,이륜,남,81세,중상
2021042000100392,2021년 4월 20일 16시,화요일,충청남도 서산시 운산면,중상사고,0,1,0,0,차대사람 - 기타,안전운전불이행,건조,맑음,주차장 - 주차장,승용,남,50세,상해없음,보행자,여,57세,중상
2021042000100393,2021년 4월 20일 16시,화요일,충청남도 청양군 청양읍,중상사고,0,1,2,0,차대차 - 정면충돌,중앙선침범,건조,맑음,기타 - 기타,승용,남,58세,경상,화물,남,72세,중상
2021042000100437,2021년 4월 20일 17시,화요일,충청남도 천안시 동남구 봉명동,경상사고,0,0,1,0,차대차 - 추돌,안전거리미확보,건조,맑음,교차로 - 교차로안,승용,남,57세,상해없음,승용,남,34세,경상
2021042000100473,2021년 4월 20일 18시,화요일,충청남도 천안시 서북구 백석동,부상신고사고,0,0,0,1,차대차 - 측면충돌,안전운전불이행,건조,맑음,단일로 - 기타,이륜,남,21세,부상신고,승용,남,56세,상해없음
2021042000100474,2021년 4월 20일 18시,화요일,충청남도 보령시 남포면,중상사고,0,1,0,0,차량단독 - 전도전복 - 전복,안전운전불이행,건조,맑음,단일로 - 기타,건설기계,남,51세,중상,,,,
2021042000100475,2021년 4월 20일 18시,화요일,충청남도 태안군 태안읍,경상사고,0,0,2,0,차대차 - 측면충돌,안전운전불이행,건조,맑음,교차로 - 교차로부근,승용,남,39세,상해없음,승용,남,31세,경상
2021042000100543,2021년 4월 20일 20시,화요일,충청남도 예산군 예산읍,경상사고,0,0,1,0,차대차 - 정면충돌,중앙선침범,건조,맑음,단일로 - 기타,승용,남,53세,상해없음,승용,남,56세,상해없음
2021042000100595,2021년 4월 20일 22시,화요일,충청남도 천안시 서북구 성정동,경상사고,0,0,1,0,차대사람 - 횡단중,안전운전불이행,건조,맑음,교차로 - 교차로부근,승합,남,29세,상해없음,보행자,여,52세,경상
2021042000100596,2021년 4월 20일 22시,화요일,충청남도 아산시 온천동,경상사고,0,0,3,0,차대차 - 기타,안전운전불이행,건조,맑음,교차로 - 교차로안,화물,남,54세,상해없음,승용,남,43세,경상
2021042000100610,2021년 4월 20일 23시,화요일,충청남도 천안시 동남구 신부동,중상사고,0,1,0,0,차대차 - 측면충돌,기타,건조,맑음,교차로 - 교차로안,승용,남,23세,상해없음,승용,남,33세,중상
2021042100100002,2021년 4월 21일 00시,수요일,충청남도 천안시 서북구 쌍용동,경상사고,0,0,1,0,차대차 - 후진중충돌,안전운전불이행,건조,맑음,단일로 - 기타,승용,남,43세,상해없음,승용,여,29세,경상
2021042100100025,2021년 4월 21일 04시,수요일,충청남도 아산시 풍기동,경상사고,0,0,1,0,차대차 - 추돌,기타,건조,맑음,단일로 - 기타,승용,여,22세,상해없음,승용,여,43세,경상
2021042100100046,2021년 4월 21일 06시,수요일,충청남도 천안시 서북구 성거읍,경상사고,0,0,1,0,차대차 - 기타,안전운전불이행,건조,맑음,교차로 - 교차로안,승용,남,58세,상해없음,승용,남,48세,경상
2021042100100060,2021년 4월 21일 07시,수요일,충청남도 아산시 신창면,경상사고,0,0,1,1,차대차 - 추돌,안전운전불이행,건조,맑음,단일로 - 기타,건설기계,남,57세,부상신고,화물,남,48세,경상
2021042100100061,2021년 4월 21일 07시,수요일,충청남도 아산시 둔포면,경상사고,0,0,1,0,차대차 - 기타,안전운전불이행,건조,맑음,단일로 - 교량,건설기계,남,53세,상해없음,승용,남,39세,경상
2021042100100094,2021년 4월 21일 08시,수요일,충청남도 예산군 예산읍,경상사고,0,0,1,0,차대차 - 측면충돌,직진우회전진행방해,건조,맑음,교차로 - 교차로안,승용,남,70세,상해없음,이륜,남,71세,경상
2021042100100134,2021년 4월 21일 09시,수요일,충청남도 천안시 서북구 성환읍,경상사고,0,0,1,0,차대차 - 측면충돌,교차로운행방법위반,건조,맑음,교차로 - 교차로안,화물,남,67세,상해없음,승용,여,64세,경상
2021042100100135,2021년 4월 21일 09시,수요일,충청남도 논산시 광석면,중상사고,0,1,0,0,차대차 - 측면충돌,신호위반,건조,맑음,교차로 - 교차로안,건설기계,남,54세,상해없음,이륜,여,76세,중상
2021042100100160,2021년 4월 21일 10시,수요일,충청남도 아산시 용화동,경상사고,0,0,1,0,차대차 - 기타,안전운전불이행,건조,맑음,단일로 - 기타,승용,여,38세,상해없음,승용,여,29세,경상
2021042100100189,2021년 4월 21일 11시,수요일,충청남도 당진시 송악읍,경상사고,0,0,1,0,차대차 - 측면충돌,차로위반,건조,맑음,교차로 - 교차로부근,승용,여,59세,상해없음,화물,남,70세,경상
2021042100100190,2021년 4월 21일 11시,수요일,충청남도 당진시 사기소동,사망사고,1,0,2,3,차대차 - 추돌,안전운전불이행,건조,맑음,단일로 - 기타,승용,남,57세,사망,승합,남,60세,부상신고
2021042100100225,2021년 4월 21일 12시,수요일,충청남도 당진시 석문면,경상사고,0,0,1,0,차대차 - 추돌,안전운전불이행,건조,맑음,단일로 - 기타,승용,남,67세,상해없음,화물,남,41세,경상
2021042100100252,2021년 4월 21일 13시,수요일,충청남도 당진시 신평면,중상사고,0,1,0,0,차대차 - 정면충돌,중앙선침범,건조,맑음,단일로 - 기타,화물,남,74세,상해없음,승용,여,40세,중상
2021042100100297,2021년 4월 21일 14시,수요일,충청남도 천안시 서북구 성정동,경상사고,0,0,1,0,차대사람 - 횡단중,안전운전불이행,건조,맑음,교차로 - 교차로부근,승용,남,65세,상해없음,보행자,여,8세,경상
2021042100100298,2021년 4월 21일 14시,수요일,충청남도 보령시 대천동,중상사고,0,1,0,0,차대사람 - 횡단중,보행자보호의무위반,건조,맑음,교차로 - 교차로안,승용,남,33세,상해없음,보행자,여,71세,중상
2021042100100299,2021년 4월 21일 14시,수요일,충청남도 공주시 사곡면,중상사고,0,1,2,0,차대차 - 기타,안전운전불이행,건조,맑음,단일로 - 터널,승용,남,61세,상해없음,자전거,남,45세,경상
2021042100100379,2021년 4월 21일 16시,수요일,충청남도 천안시 서북구 두정동,사망사고,1,0,0,0,차대사람 - 횡단중,안전운전불이행,건조,맑음,단일로 - 기타,승용,남,35세,상해없음,보행자,여,84세,사망
2021042100100380,2021년 4월 21일 16시,수요일,충청남도 당진시 채운동,경상사고,0,0,1,0,차대차 - 측면충돌,안전운전불이행,건조,맑음,단일로 - 기타,승용,여,57세,상해없음,자전거,남,9세,경상