사고번호,사고일시,요일,시군구,사고내용,사망자수,중상자수,경상자수,부상신고자수,사고유형,법규위반,노면상태,기상상태,도로형태,가해운전자 차종,가해운전자 성별,가해운전자 연령,가해운전자 상해정도,피해운전자 차종,피해운전자 성별,피해운전자 연령,피해운전자 상해정도
2021042600100214,2021년 4월 26일 11시,월요일,충청남도 부여군 남면,중상사고,0,1,0,0,차대사람 - 기타,안전운전불이행,건조,맑음,기타 - 기타,화물,남,54세,상해없음,보행자,남,75세,중상
2021042600100231,2021년 4월 26일 12시,월요일,충청남도 보령시 신흑동,중상사고,0,2,0,0,차대차 - 추돌,안전거리미확보,건조,맑음,교차로 - 교차로부근,이륜,남,68세,중상,승용,남,67세,상해없음
2021042600100232,2021년 4월 26일 12시,월요일,충청남도 천안시 동남구 신방동,중상사고,0,1,0,0,차대사람 - 기타,안전운전불이행,건조,맑음,주차장 - 주차장,승합,여,42세,상해없음,보행자,여,38세,중상
2021042600100272,2021년 4월 26일 13시,월요일,충청남도 서산시 운산면,경상사고,0,0,1,0,차대차 - 정면충돌,신호위반,건조,맑음,교차로 - 교차로안,승용,여,62세,상해없음,화물,남,67세,경상
2021042600100273,2021년 4월 26일 13시,월요일,충청남도 서천군 서천읍,경상사고,0,0,2,0,차대차 - 추돌,안전운전불이행,건조,맑음,단일로 - 기타,승용,남,52세,상해없음,승용,남,77세,경상
2021042600100274,2021년 4월 26일 13시,월요일,충청남도 보령시 대천동,경상사고,0,0,1,0,차대차 - 측면충돌,안전운전불이행,건조,맑음,교차로 - 교차로안,승용,여,41세,상해없음,자전거,남,15세,경상
2021042600100311,2021년 4월 26일 14시,월요일,충청남도 공주시 의당면,사망사고,1,0,0,0,차량단독 - 도로외이탈 - 기타,안전운전불이행,건조,맑음,단일로 - 기타,화물,남,68세,사망,,,,
2021042600100388,2021년 4월 26일 16시,월요일,충청남도 천안시 서북구 쌍용동,중상사고,0,1,0,0,차대사람 - 횡단중,안전운전불이행,건조,맑음,단일로 - 기타,승용,남,57세,기타불명,보행자,남,17세,중상
2021042600100389,2021년 4월 26일 16시,월요일,충청남도 아산시 배방읍,경상사고,0,0,3,0,차대차 - 기타,안전운전불이행,건조,맑음,교차로 - 교차로안,승용,여,69세,상해없음,승용,여,31세,경상
2021042600100390,2021년 4월 26일 16시,월요일,충청남도 공주시 계룡면,중상사고,0,1,0,0,차량단독 - 도로외이탈 - 기타,안전운전불이행,건조,맑음,단일로 - 기타,화물,남,68세,중상,,,,
2021042600100391,2021년 4월 26일 16시,월요일,충청남도 당진시 송악읍,중상사고,0,1,0,0,차대사람 - 기타,보행자보호의무위반,건조,맑음,교차로 - 교차로안,승용,여,46세,상해없음,보행자,여,10세,중상
2021042600100392,2021년 4월 26일 16시,월요일,충청남도 금산군 금산읍,경상사고,0,0,1,0,차대차 - 기타,안전운전불이행,건조,맑음,교차로 - 교차로안,승용,여,49세,상해없음,자전거,남,66세,경상
2021042600100439,2021년 4월 26일 17시,월요일,충청남도 천안시 서북구 성정동,경상사고,0,0,2,0,차대차 - 측면충돌,안전운전불이행,건조,맑음,교차로 - 교차로안,승용,남,28세,상해없음,승용,여,22세,경상
2021042600100440,2021년 4월 26일 17시,월요일,충청남도 천안시 동남구 안서동,경상사고,0,0,2,0,차대차 - 측면충돌,차로위반,건조,맑음,단일로 - 기타,화물,여,64세,상해없음,승용,남,35세,경상
2021042600100478,2021년 4월 26일 18시,월요일,충청남도 서산시 덕지천동,사망사고,1,0,0,0,차대차 - 정면충돌,중앙선침범,건조,맑음,단일로 - 기타,승용,남,38세,상해없음,자전거,남,64세,사망
2021042600100479,2021년 4월 26일 18시,월요일,충청남도 천안시 서북구 쌍용동,경상사고,0,0,2,0,차대차 - 측면충돌,안전운전불이행,건조,맑음,단일로 - 기타,승용,여,62세,상해없음,개인형이동수단(PM),남,29세,경상
2021042600100480,2021년 4월 26일 18시,월요일,충청남도 부여군 부여읍,중상사고,0,1,0,0,차대차 - 측면충돌,교차로운행방법위반,건조,맑음,교차로 - 교차로안,화물,남,35세,상해없음,이륜,남,62세,중상
2021042600100516,2021년 4월 26일 19시,월요일,충청남도 아산시 배방읍,중상사고,0,1,0,0,차대차 - 기타,안전운전불이행,건조,맑음,교차로 - 교차로안,승용,남,32세,상해없음,이륜,남,40세,중상
2021042600100517,2021년 4월 26일 19시,월요일,충청남도 천안시 동남구 신부동,중상사고,0,1,0,0,차대차 - 기타,안전운전불이행,건조,맑음,단일로 - 고가도로위,자전거,남,60세,상해없음,개인형이동수단(PM),남,19세,중상
2021042600100518,2021년 4월 26일 19시,월요일,충청남도 천안시 동남구 신방동,경상사고,0,0,1,0,차대차 - 측면충돌,안전운전불이행,건조,맑음,주차장 - 주차장,이륜,남,19세,상해없음,승용,여,33세,경상
2021042600100519,2021년 4월 26일 19시,월요일,충청남도 천안시 동남구 안서동,경상사고,0,0,1,0,차대차 - 측면충돌,안전거리미확보,건조,맑음,단일로 - 기타,승용,남,66세,상해없음,승용,남,41세,경상
2021042600100555,2021년 4월 26일 20시,월요일,충청남도 당진시 고대면,경상사고,0,0,1,0,차대차 - 정면충돌,안전운전불이행,건조,맑음,단일로 - 기타,승용,남,59세,상해없음,승용,여,30세,경상
2021042600100575,2021년 4월 26일 21시,월요일,충청남도 논산시 부창동,중상사고,0,1,0,0,차대차 - 정면충돌,중앙선침범,건조,맑음,교차로 - 교차로부근,승용,남,51세,상해없음,승용,여,37세,중상
2021042700100005,2021년 4월 27일 00시,화요일,충청남도 천안시 서북구 두정동,중상사고,0,1,0,0,차대사람 - 기타,안전운전불이행,건조,맑음,교차로 - 교차로안,승용,남,19세,상해없음,보행자,남,48세,중상
2021042700100019,2021년 4월 27일 02시,화요일,충청남도 당진시 읍내동,경상사고,0,0,1,0,차대차 - 측면충돌,직진우회전진행방해,건조,맑음,교차로 - 교차로안,승용,여,46세,경상,승용,남,38세,상해없음
2021042700100023,2021년 4월 27일 03시,화요일,충청남도 천안시 서북구 두정동,경상사고,0,0,2,0,차대차 - 기타,중앙선침범,건조,기타,단일로 - 기타,승용,남,64세,경상,승용,남,29세,경상
2021042700100031,2021년 4월 27일 05시,화요일,충청남도 부여군 부여읍,경상사고,0,0,1,0,차대차 - 측면충돌,차로위반,건조,맑음,단일로 - 기타,화물,남,72세,상해없음,승용,남,36세,경상
2021042700100047,2021년 4월 27일 07시,화요일,충청남도 예산군 삽교읍,경상사고,0,0,1,0,차대차 - 측면충돌,직진우회전진행방해,건조,맑음,교차로 - 교차로안,승용,여,49세,상해없음,승용,남,28세,경상
2021042700100075,2021년 4월 27일 08시,화요일,충청남도 홍성군 홍동면,중상사고,0,1,1,0,차대차 - 측면충돌,안전운전불이행,건조,맑음,교차로 - 교차로부근,화물,남,81세,경상,승용,남,34세,중상
2021042700100076,2021년 4월 27일 08시,화요일,충청남도 아산시 읍내동,경상사고,0,0,1,0,차대차 - 기타,안전운전불이행,건조,맑음,교차로 - 교차로안,승용,남,28세,상해없음,승용,여,50세,경상
2021042700100139,2021년 4월 27일 10시,화요일,충청남도 천안시 서북구 직산읍,경상사고,0,0,1,1,차대차 - 측면충돌,직진우회전진행방해,건조,맑음,교차로 - 교차로안,화물,남,70세,상해없음,화물,남,52세,부상신고
2021042700100140,2021년 4월 27일 10시,화요일,충청남도 논산시 내동,경상사고,0,0,1,0,차대차 - 측면충돌,직진우회전진행방해,건조,맑음,교차로 - 교차로안,이륜,남,18세,상해없음,이륜,남,65세,경상
2021042700100169,2021년 4월 27일 11시,화요일,충청남도 아산시 송악면,사망사고,1,0,0,0,차량단독 - 공작물충돌,안전운전불이행,건조,맑음,단일로 - 기타,승용,남,56세,사망,,,,
2021042700100244,2021년 4월 27일 13시,화요일,충청남도 서산시 갈산동,경상사고,0,0,2,0,차대차 - 추돌,안전운전불이행,건조,맑음,교차로 - 교차로부근,승합,남,48세,상해없음,승용,여,56세,경상
2021042700100245,2021년 4월 27일 13시,화요일,충청남도 공주시 탄천면,중상사고,0,2,0,0,차대차 - 측면충돌,안전운전불이행,건조,맑음,단일로 - 기타,화물,남,59세,상해없음,승용,여,53세,중상
2021042700100272,2021년 4월 27일 14시,화요일,충청남도 청양군 비봉면,중상사고,0,3,1,0,차대차 - 측면충돌,안전운전불이행,건조,맑음,교차로 - 교차로안,승용,남,66세,경상,승용,남,54세,중상
2021042700100273,2021년 4월 27일 14시,화요일,충청남도 천안시 동남구 신방동,경상사고,0,0,1,0,차대차 - 기타,안전운전불이행,건조,맑음,교차로 - 교차로안,승용,남,58세,상해없음,이륜,남,31세,경상
2021042700100385,2021년 4월 27일 17시,화요일,충청남도 예산군 고덕면,경상사고,0,0,1,0,차대차 - 측면충돌,불법유턴,건조,흐림,교차로 - 교차로부근,화물,남,61세,상해없음,승용,여,38세,경상
2021042700100427,2021년 4월 27일 18시,화요일,충청남도 천안시 서북구 불당동,경상사고,0,0,1,0,차대차 - 측면충돌,안전운전불이행,건조,맑음,단일로 - 기타,승용,남,54세,상해없음,이륜,남,32세,경상
2021042700100428,2021년 4월 27일 18시,화요일,충청남도 천안시 동남구 풍세면,경상사고,0,0,1,0,차대차 - 기타,안전운전불이행,건조,맑음,단일로 - 기타,승용,남,21세,상해없음,승용,남,49세,경상
2021042700100464,2021년 4월 27일 19시,화요일,충청남도 서산시 예천동,중상사고,0,1,0,0,차대차 - 정면충돌,신호위반,건조,맑음,교차로 - 교차로부근,승용,남,38세,상해없음,승용,남,39세,중상
2021042700100465,2021년 4월 27일 19시,화요일,충청남도 공주시 중동,경상사고,0,0,1,0,차대사람 - 보도통행중,기타,건조,맑음,단일로 - 기타,자전거,남,14세,상해없음,보행자,여,49세,경상
2021042700100502,2021년 4월 27일 20시,화요일,충청남도 서천군 서면,경상사고,0,0,1,0,차대차 - 추돌,안전운전불이행,건조,맑음,교차로 - 교차로안,화물,남,56세,상해없음,승용,남,53세,경상
2021042700100503,2021년 4월 27일 20시,화요일,충청남도 천안시 동남구 신부동,사망사고,1,0,0,0,차대사람 - 횡단중,기타,건조,맑음,단일로 - 기타,승용,남,59세,상해없음,보행자,여,60세,사망
2021042700100541,2021년 4월 27일 21시,화요일,충청남도 천안시 동남구 신방동,중상사고,0,1,0,0,차대차 - 측면충돌,안전거리미확보,건조,맑음,단일로 - 기타,화물,남,57세,상해없음,승용,여,40세,중상
2021042700100565,2021년 4월 27일 22시,화요일,충청남도 천안시 동남구 신방동,경상사고,0,0,1,0,차대차 - 기타,안전운전불이행,건조,맑음,단일로 - 기타,승용,여,40세,상해없음,승용,남,57세,경상
2021042700100585,2021년 4월 27일 23시,화요일,충청남도 보령시 신흑동,경상사고,0,0,2,0,차대차 - 기타,중앙선침범,건조,맑음,단일로 - 기타,승용,남,40세,상해없음,승용,남,35세,경상
2021042800100016,2021년 4월 28일 01시,수요일,충청남도 청양군 청양읍,부상신고사고,0,0,0,1,차대차 - 정면충돌,교차로운행방법위반,건조,맑음,교차로 - 교차로안,승용,여,33세,부상신고,화물,남,63세,상해없음
2021042800100021,2021년 4월 28일 02시,수요일,충청남도 아산시 염치읍,중상사고,0,1,1,0,차대차 - 기타,안전운전불이행,젖음/습기,비,단일로 - 기타,화물,남,43세,경상,화물,남,53세,중상
2021042800100027,2021년 4월 28일 04시,수요일,충청남도 천안시 서북구 두정동,경상사고,0,0,1,0,차대차 - 추돌,안전운전불이행,건조,맑음,단일로 - 기타,승용,남,24세,상해없음,승용,여,52세,경상
2021042800100034,2021년 4월 28일 05시,수요일,충청남도 천안시 서북구 불당동,경상사고,0,0,1,0,차대차 - 기타,안전거리미확보,젖음/습기,비,단일로 - 기타,승용,남,58세,상해없음,승용,여,22세,경상
2021042800100061,2021년 4월 28일 07시,수요일,충청남도 아산시 배방읍,경상사고,0,0,1,0,차대차 - 정면충돌,안전운전불이행,건조,맑음,단일로 - 기타,승용,남,26세,상해없음,이륜,남,38세,경상
2021042800100095,2021년 4월 28일 08시,수요일,충청남도 서산시 해미면,경상사고,0,0,1,0,차대차 - 추돌,안전거리미확보,건조,맑음,교차로 - 교차로부근,승용,남,27세,상해없음,화물,남,64세,경상
2021042800100096,2021년 4월 28일 08시,수요일,충청남도 천안시 서북구 성거읍,경상사고,0,0,1,0,차대차 - 기타,신호위반,건조,맑음,교차로 - 교차로안,승합,여,44세,경상,화물,남,30세,상해없음
2021042800100097,2021년 4월 28일 08시,수요일,충청남도 천안시 서북구 직산읍,중상사고,0,1,2,0,차대차 - 추돌,안전거리미확보,건조,맑음,단일로 - 기타,승용,남,34세,상해없음,승용,여,54세,경상
2021042800100098,2021년 4월 28일 08시,수요일,충청남도 아산시 권곡동,중상사고,0,1,0,0,차대사람 - 기타,안전운전불이행,건조,맑음,단일로 - 기타,승용,남,56세,상해없음,보행자,여,83세,중상
2021042800100099,2021년 4월 28일 08시,수요일,충청남도 천안시 동남구 삼룡동,중상사고,0,2,2,0,차대차 - 측면충돌,차로위반,건조,맑음,단일로 - 기타,화물,남,56세,상해없음,승용,여,43세,중상
2021042800100183,2021년 4월 28일 11시,수요일,충청남도 논산시 반월동,중상사고,0,1,0,0,차대사람 - 횡단중,보행자보호의무위반,건조,맑음,교차로 - 교차로횡단보도내,승용,남,68세,상해없음,보행자,여,65세,중상
2021042800100184,2021년 4월 28일 11시,수요일,충청남도 천안시 동남구 신방동,경상사고,0,0,1,0,차대차 - 측면충돌,신호위반,건조,맑음,교차로 - 교차로안,승용,남,70세,상해없음,원동기,남,59세,경상
2021042800100206,2021년 4월 28일 12시,수요일,충청남도 아산시 둔포면,중상사고,0,1,0,0,차대차 - 측면충돌,안전운전불이행,건조,맑음,기타 - 기타,화물,남,67세,상해없음,이륜,남,27세,중상
2021042800100207,2021년 4월 28일 12시,수요일,충청남도 보령시 천북면,경상사고,0,0,3,0,차대차 - 측면충돌,안전운전불이행,건조,맑음,교차로 - 교차로부근,승용,남,81세,상해없음,화물,여,60세,경상
2021042800100336,2021년 4월 28일 16시,수요일,충청남도 천안시 서북구 직산읍,경상사고,0,0,2,0,차대차 - 기타,안전거리미확보,건조,맑음,교차로 - 교차로부근,화물,남,59세,상해없음,화물,남,61세,경상
2021042800100375,2021년 4월 28일 17시,수요일,충청남도 아산시 배방읍,경상사고,0,0,2,0,차대차 - 기타,안전운전불이행,건조,맑음,교차로 - 교차로안,승용,남,55세,상해없음,승용,여,51세,경상
2021042800100416,2021년 4월 28일 18시,수요일,충청남도 논산시 부적면,경상사고,0,0,2,0,차대차 - 측면충돌,안전운전불이행,건조,맑음,단일로 - 기타,화물,여,54세,경상,승용,남,47세,경상
2021042800100417,2021년 4월 28일 18시,수요일,충청남도 아산시 모종동,경상사고,0,0,1,0,차대사람 - 보도통행중,안전운전불이행,젖음/습기,비,기타 - 기타,자전거,여,41세,상해없음,보행자,여,27세,경상
2021042800100418,2021년 4월 28일 18시,수요일,충청남도 아산시 배방읍,경상사고,0,0,4,0,차대차 - 측면충돌,안전운전불이행,건조,맑음,교차로 - 교차로안,승용,남,58세,상해없음,승용,남,55세,경상
2021042800100458,2021년 4월 28일 19시,수요일,충청남도 홍성군 홍성읍,중상사고,0,1,0,0,차대차 - 측면충돌,안전운전불이행,건조,맑음,교차로 - 교차로안,승용,여,41세,상해없음,사륜오토바이(ATV),여,66세,중상
2021042800100486,2021년 4월 28일 20시,수요일,충청남도 천안시 서북구 쌍용동,중상사고,0,1,0,0,차대사람 - 기타,안전운전불이행,건조,맑음,단일로 - 기타,승합,남,42세,상해없음,보행자,여,20세,중상
2021042800100487,2021년 4월 28일 20시,수요일,충청남도 천안시 동남구 신방동,중상사고,0,1,0,0,차대차 - 측면충돌,안전운전불이행,건조,맑음,단일로 - 기타,승용,여,62세,상해없음,승용,여,59세,중상
2021042800100549,2021년 4월 28일 22시,수요일,충청남도 천안시 서북구 두정동,중상사고,0,1,1,0,차대차 - 기타,교차로운행방법위반,건조,맑음,교차로 - 교차로안,승용,남,41세,상해없음,승용,남,73세,경상
2021042800100550,2021년 4월 28일 22시,수요일,충청남도 공주시 신기동,경상사고,0,0,1,0,차대차 - 추돌,안전운전불이행,건조,맑음,단일로 - 기타,승용,남,61세,상해없음,승용,남,36세,상해없음
2021042800100551,2021년 4월 28일 22시,수요일,충청남도 천안시 동남구 신부동,중상사고,0,1,0,0,차대사람 - 기타,안전운전불이행,건조,맑음,단일로 - 기타,승용,남,58세,상해없음,보행자,남,23세,중상
2021042800100571,2021년 4월 28일 23시,수요일,충청남도 아산시 온천동,경상사고,0,0,4,1,차대차 - 기타,안전운전불이행,건조,맑음,교차로 - 교차로안,이륜,남,17세,부상신고,승용,남,24세,경상
2021042900100059,2021년 4월 29일 07시,목요일,충청남도 아산시 둔포면,경상사고,0,0,1,0,차대차 - 측면충돌,신호위반,건조,맑음,교차로 - 교차로안,승용,남,44세,상해없음,승용,여,54세,경상
2021042900100094,2021년 4월 29일 08시,목요일,충청남도 천안시 서북구 불당동,경상사고,0,0,1,0,차대차 - 기타,교차로운행방법위반,건조,맑음,교차로 - 교차로안,승용,여,23세,상해없음,승용,남,38세,경상
2021042900100095,2021년 4월 29일 08시,목요일,충청남도 천안시 동남구 신부동,경상사고,0,0,3,0,차대차 - 정면충돌,안전거리미확보,건조,맑음,기타 - 기타,승용,남,33세,상해없음,화물,남,34세,경상
2021042900100183,2021년 4월 29일 11시,목요일,충청남도 천안시 동남구 신방동,경상사고,0,0,2,0,차대차 - 추돌,안전거리미확보,젖음/습기,비,단일로 - 기타,승용,남,70세,상해없음,승용,여,62세,경상
2021042900100218,2021년 4월 29일 12시,목요일,충청남도 아산시 둔포면,경상사고,0,0,1,0,차대차 - 측면충돌,안전운전불이행,건조,맑음,교차로 - 교차로안,승용,남,23세,상해없음,승용,남,26세,경상
2021042900100258,2021년 4월 29일 13시,목요일,충청남도 천안시 서북구 성정동,경상사고,0,0,1,0,차대차 - 측면충돌,안전운전불이행,건조,맑음,교차로 - 교차로안,화물,남,54세,상해없음,원동기,남,49세,경상
2021042900100289,2021년 4월 29일 14시,목요일,충청남도 천안시 동남구 사직동,경상사고,0,0,1,0,차대사람 - 보도통행중,안전운전불이행,건조,맑음,단일로 - 기타,승용,여,38세,상해없음,보행자,남,42세,경상
2021042900100290,2021년 4월 29일 14시,목요일,충청남도 천안시 동남구 병천면,중상사고,0,1,0,0,차대차 - 기타,안전거리미확보,건조,맑음,단일로 - 기타,화물,남,25세,상해없음,화물,남,29세,중상
2021042900100320,2021년 4월 29일 15시,목요일,충청남도 서산시 동문동,중상사고,0,1,0,0,차대사람 - 횡단중,안전운전불이행,건조,맑음,교차로 - 교차로횡단보도내,승용,남,34세,상해없음,보행자,남,60세,중상
2021042900100321,2021년 4월 29일 15시,목요일,충청남도 천안시 동남구 신방동,경상사고,0,0,2,0,차대차 - 측면충돌,안전거리미확보,건조,맑음,단일로 - 기타,화물,남,59세,상해없음,승용,여,29세,경상
2021042900100366,2021년 4월 29일 16시,목요일,충청남도 공주시 중동,경상사고,0,0,1,0,차대사람 - 횡단중,보행자보호의무위반,건조,맑음,교차로 - 교차로횡단보도내,승용,남,61세,상해없음,보행자,여,13세,경상
2021042900100404,2021년 4월 29일 17시,목요일,충청남도 서천군 서천읍,경상사고,0,0,1,0,차대차 - 측면충돌,안전거리미확보,건조,맑음,단일로 - 기타,원동기,여,65세,경상,화물,남,65세,상해없음
2021042900100405,2021년 4월 29일 17시,목요일,충청남도 보령시 동대동,경상사고,0,0,1,0,차대차 - 기타,직진우회전진행방해,건조,맑음,교차로 - 교차로안,승용,여,45세,상해없음,이륜,남,21세,경상
2021042900100406,2021년 4월 29일 17시,목요일,충청남도 공주시 정안면,경상사고,0,0,1,1,차대차 - 기타,기타,건조,맑음,교차로 - 교차로안,승용,남,19세,부상신고,승용,남,43세,경상
2021042900100466,2021년 4월 29일 18시,목요일,충청남도 서산시 인지면,경상사고,0,0,2,0,차대차 - 추돌,안전거리미확보,건조,맑음,단일로 - 기타,승용,여,21세,경상,승용,여,32세,경상
2021042900100467,2021년 4월 29일 18시,목요일,충청남도 천안시 서북구 성정동,경상사고,0,0,1,0,차대사람 - 기타,안전운전불이행,건조,맑음,단일로 - 기타,승용,여,26세,상해없음,보행자,남,31세,경상
2021042900100468,2021년 4월 29일 18시,목요일,충청남도 천안시 서북구 성성동,경상사고,0,0,1,0,차대차 - 측면충돌,안전운전불이행,젖음/습기,비,단일로 - 기타,화물,남,57세,상해없음,승용,남,35세,경상
2021042900100469,2021년 4월 29일 18시,목요일,충청남도 보령시 명천동,중상사고,0,1,1,0,차대차 - 기타,안전운전불이행,건조,맑음,교차로 - 교차로안,승합,남,55세,상해없음,화물,남,28세,경상
2021042900100470,2021년 4월 29일 18시,목요일,충청남도 예산군 오가면,경상사고,0,0,1,0,차대차 - 측면충돌,직진우회전진행방해,건조,맑음,교차로 - 교차로안,승용,여,45세,상해없음,승용,여,48세,경상
2021042900100511,2021년 4월 29일 19시,목요일,충청남도 청양군 청양읍,중상사고,0,1,0,0,차량단독 - 전도전복 - 전도,안전운전불이행,건조,흐림,단일로 - 기타,이륜,남,52세,중상,,,,
2021042900100539,2021년 4월 29일 20시,목요일,충청남도 천안시 동남구 봉명동,중상사고,0,1,0,0,차대사람 - 횡단중,안전운전불이행,건조,맑음,교차로 - 교차로부근,승합,남,65세,상해없음,보행자,여,77세,중상
2021042900100602,2021년 4월 29일 22시,목요일,충청남도 천안시 서북구 백석동,중상사고,0,1,4,0,차대차 - 추돌,안전운전불이행,젖음/습기,비,단일로 - 기타,승용,남,45세,상해없음,이륜,남,38세,중상
2021042900100603,2021년 4월 29일 22시,목요일,충청남도 천안시 동남구 신방동,경상사고,0,0,3,0,차대차 - 추돌,안전운전불이행,젖음/습기,비,단일로 - 기타,승용,남,51세,상해없음,승용,남,58세,경상
2021042900100634,2021년 4월 29일 23시,목요일,충청남도 천안시 서북구 쌍용동,경상사고,0,0,1,0,차대차 - 측면충돌,신호위반,젖음/습기,비,교차로 - 교차로횡단보도내,승용,남,60세,상해없음,승용,남,62세,경상
2021043000100037,2021년 4월 30일 05시,금요일,충청남도 천안시 서북구 백석동,경상사고,0,0,1,0,차대차 - 측면충돌,안전운전불이행,젖음/습기,비,단일로 - 기타,승용,남,73세,상해없음,승용,여,56세,상해없음
2021043000100052,2021년 4월 30일 06시,금요일,충청남도 천안시 서북구 쌍용동,경상사고,0,0,1,0,차대사람 - 횡단중,보행자보호의무위반,건조,맑음,교차로 - 교차로횡단보도내,승용,남,37세,상해없음,보행자,여,45세,경상
2021043000100071,2021년 4월 30일 07시,금요일,충청남도 천안시 서북구 차암동,경상사고,0,0,1,0,차대차 - 후진중충돌,안전운전불이행,건조,맑음,교차로 - 교차로안,화물,남,60세,상해없음,승용,남,34세,경상
2021043000100072,2021년 4월 30일 07시,금요일,충청남도 아산시 모종동,중상사고,0,1,0,0,차대사람 - 횡단중,보행자보호의무위반,건조,맑음,교차로 - 교차로횡단보도내,승합,남,55세,상해없음,보행자,여,50세,중상
2021043000100073,2021년 4월 30일 07시,금요일,충청남도 천안시 동남구 원성동,경상사고,0,0,1,0,차대차 - 기타,중앙선침범,젖음/습기,비,단일로 - 기타,자전거,남,82세,경상,승용,남,45세,상해없음
2021043000100098,2021년 4월 30일 08시,금요일,충청남도 천안시 서북구 두정동,경상사고,0,0,1,0,차대차 - 기타,기타,건조,맑음,단일로 - 기타,화물,남,39세,상해없음,승용,여,44세,상해없음
2021043000100099,2021년 4월 30일 08시,금요일,충청남도 아산시 음봉면,경상사고,0,0,1,0,차대차 - 측면충돌,안전운전불이행,건조,맑음,교차로 - 교차로부근,화물,남,47세,상해없음,승용,남,46세,경상
2021043000100134,2021년 4월 30일 09시,금요일,충청남도 아산시 실옥동,중상사고,0,1,0,0,차대차 - 기타,중앙선침범,건조,맑음,단일로 - 기타,승용,남,80세,상해없음,이륜,남,41세,중상
2021043000100268,2021년 4월 30일 13시,금요일,충청남도 아산시 둔포면,중상사고,0,1,0,0,차대차 - 정면충돌,신호위반,건조,맑음,교차로 - 교차로안,승용,남,26세,상해없음,승용,여,41세,중상
2021043000100269,2021년 4월 30일 13시,금요일,충청남도 공주시 의당면,중상사고,0,1,2,0,차대차 - 기타,신호위반,건조,맑음,교차로 - 교차로안,승용,여,47세,상해없음,승용,남,64세,경상
2021043000100349,2021년 4월 30일 15시,금요일,충청남도 천안시 동남구 다가동,부상신고사고,0,0,0,1,차대차 - 기타,직진우회전진행방해,건조,맑음,교차로 - 교차로안,자전거,남,81세,부상신고,승용,여,57세,상해없음
2021043000100382,2021년 4월 30일 16시,금요일,충청남도 아산시 음봉면,경상사고,0,0,4,0,차대차 - 기타,차로위반,건조,맑음,단일로 - 기타,화물,남,45세,상해없음,승용,남,49세,경상
2021043000100436,2021년 4월 30일 17시,금요일,충청남도 천안시 동남구 구성동,중상사고,0,1,0,0,차대사람 - 횡단중,보행자보호의무위반,건조,맑음,교차로 - 교차로안,승용,여,36세,상해없음,보행자,여,51세,중상
2021043000100437,2021년 4월 30일 17시,금요일,충청남도 천안시 동남구 신부동,중상사고,0,1,0,0,차대차 - 측면충돌,안전운전불이행,건조,맑음,교차로 - 교차로부근,승용,남,67세,상해없음,이륜,남,22세,중상
2021043000100493,2021년 4월 30일 18시,금요일,충청남도 아산시 배방읍,경상사고,0,0,1,0,차대차 - 기타,안전거리미확보,건조,맑음,단일로 - 기타,이륜,남,41세,경상,승용,남,66세,상해없음
2021043000100494,2021년 4월 30일 18시,금요일,충청남도 서천군 장항읍,중상사고,0,1,0,0,차대차 - 측면충돌,안전운전불이행,건조,맑음,단일로 - 기타,승용,여,47세,상해없음,자전거,여,61세,중상
2021043000100540,2021년 4월 30일 19시,금요일,충청남도 보령시 대천동,경상사고,0,0,2,0,차대차 - 기타,직진우회전진행방해,건조,맑음,교차로 - 교차로부근,화물,남,56세,상해없음,승용,여,53세,경상
2021043000100541,2021년 4월 30일 19시,금요일,충청남도 천안시 동남구 삼룡동,경상사고,0,0,1,0,차대차 - 기타,신호위반,건조,맑음,교차로 - 교차로안,승용,여,25세,상해없음,이륜,남,26세,경상
2021043000100626,2021년 4월 30일 21시,금요일,충청남도 논산시 부창동,경상사고,0,0,4,0,차대차 - 측면충돌,신호위반,건조,맑음,교차로 - 교차로안,승용,남,59세,상해없음,승용,여,24세,경상
2021043000100664,2021년 4월 30일 22시,금요일,충청남도 공주시 우성면,경상사고,0,0,2,0,차대차 - 기타,안전운전불이행,건조,맑음,단일로 - 기타,화물,남,55세,상해없음,승용,남,53세,경상
2021043000100692,2021년 4월 30일 23시,금요일,충청남도 천안시 서북구 불당동,경상사고,0,0,2,0,차대차 - 측면충돌,신호위반,건조,맑음,단일로 - 기타,승용,여,38세,상해없음,승용,남,23세,경상
2021050100100006,2021년 5월 1일 00시,토요일,충청남도 공주시 정안면,중상사고,0,1,1,0,차대차 - 기타,기타,건조,맑음,단일로 - 기타,승합,남,32세,상해없음,승용,남,52세,경상
2021050100100024,2021년 5월 1일 01시,토요일,충청남도 천안시 서북구 성정동,경상사고,0,0,1,0,차대차 - 측면충돌,안전운전불이행,건조,맑음,교차로 - 교차로안,승용,남,50세,상해없음,이륜,남,25세,경상
2021050100100031,2021년 5월 1일 02시,토요일,충청남도 천안시 동남구 봉명동,중상사고,0,1,0,0,차대차 - 측면충돌,안전운전불이행,건조,맑음,교차로 - 교차로안,승용,남,18세,상해없음,이륜,남,29세,중상