사고번호,사고일시,요일,시군구,사고내용,사망자수,중상자수,경상자수,부상신고자수,사고유형,법규위반,노면상태,기상상태,도로형태,가해운전자 차종,가해운전자 성별,가해운전자 연령,가해운전자 상해정도,피해운전자 차종,피해운전자 성별,피해운전자 연령,피해운전자 상해정도
2021050100100041,2021년 5월 1일 03시,토요일,충청남도 천안시 서북구 성정동,경상사고,0,0,1,0,차대차 - 측면충돌,안전거리미확보,건조,맑음,단일로 - 기타,승용,남,54세,상해없음,이륜,남,53세,경상
2021050100100042,2021년 5월 1일 03시,토요일,충청남도 천안시 서북구 백석동,경상사고,0,0,1,0,차대차 - 기타,신호위반,건조,기타,교차로 - 교차로안,승용,남,42세,기타불명,승용,남,29세,경상
2021050100100067,2021년 5월 1일 07시,토요일,충청남도 공주시 정안면,중상사고,0,1,0,0,차대사람 - 기타,안전운전불이행,건조,맑음,교차로 - 교차로안,승용,여,69세,상해없음,보행자,여,68세,중상
2021050100100083,2021년 5월 1일 08시,토요일,충청남도 천안시 서북구 입장면,경상사고,0,0,2,0,차대차 - 기타,안전운전불이행,건조,맑음,단일로 - 기타,승용,남,30세,상해없음,승용,여,41세,경상
2021050100100123,2021년 5월 1일 10시,토요일,충청남도 아산시 배방읍,경상사고,0,0,1,0,차대차 - 기타,신호위반,건조,맑음,교차로 - 교차로안,승용,남,75세,상해없음,승용,남,26세,경상
2021050100100124,2021년 5월 1일 10시,토요일,충청남도 천안시 동남구 목천읍,중상사고,0,1,3,0,차대차 - 추돌,안전거리미확보,건조,맑음,단일로 - 기타,승용,남,54세,상해없음,승용,남,37세,경상
2021050100100149,2021년 5월 1일 11시,토요일,충청남도 아산시 모종동,경상사고,0,0,1,0,차대사람 - 횡단중,안전운전불이행,건조,맑음,교차로 - 교차로횡단보도내,승용,여,62세,상해없음,보행자,여,3세,경상
2021050100100150,2021년 5월 1일 11시,토요일,충청남도 아산시 인주면,경상사고,0,0,1,0,차대차 - 추돌,안전운전불이행,건조,맑음,단일로 - 기타,승용,남,60세,상해없음,승용,남,22세,경상
2021050100100151,2021년 5월 1일 11시,토요일,충청남도 태안군 남면,경상사고,0,0,5,0,차대차 - 정면충돌,중앙선침범,건조,맑음,교차로 - 교차로부근,승용,여,46세,상해없음,승용,남,45세,경상
2021050100100267,2021년 5월 1일 14시,토요일,충청남도 공주시 정안면,부상신고사고,0,0,0,1,차대차 - 기타,중앙선침범,건조,맑음,교차로 - 교차로안,이륜,남,62세,부상신고,화물,여,61세,상해없음
2021050100100268,2021년 5월 1일 14시,토요일,충청남도 금산군 진산면,중상사고,0,2,0,0,차량단독 - 공작물충돌,중앙선침범,젖음/습기,비,단일로 - 기타,승용,남,73세,중상,,,,
2021050100100269,2021년 5월 1일 14시,토요일,충청남도 천안시 동남구 신방동,경상사고,0,0,3,0,차대차 - 추돌,안전운전불이행,건조,맑음,단일로 - 기타,승용,남,58세,상해없음,승용,남,36세,경상
2021050100100330,2021년 5월 1일 16시,토요일,충청남도 서천군 서천읍,중상사고,0,1,0,0,차대사람 - 횡단중,안전운전불이행,건조,맑음,단일로 - 기타,화물,남,54세,상해없음,보행자,남,70세,중상
2021050100100331,2021년 5월 1일 16시,토요일,충청남도 태안군 근흥면,경상사고,0,0,2,0,차대차 - 후진중충돌,안전운전불이행,건조,맑음,단일로 - 기타,화물,남,58세,상해없음,화물,남,61세,경상
2021050100100368,2021년 5월 1일 17시,토요일,충청남도 천안시 서북구 쌍용동,경상사고,0,0,1,0,차대차 - 측면충돌,안전운전불이행,건조,맑음,교차로 - 교차로안,승용,여,57세,상해없음,이륜,남,26세,경상
2021050100100369,2021년 5월 1일 17시,토요일,충청남도 서천군 마서면,중상사고,0,1,0,0,차대차 - 측면충돌,중앙선침범,건조,맑음,단일로 - 기타,승용,남,26세,상해없음,이륜,남,59세,중상
2021050100100370,2021년 5월 1일 17시,토요일,충청남도 보령시 신흑동,중상사고,0,1,1,0,차대차 - 측면충돌,교차로운행방법위반,건조,맑음,교차로 - 교차로안,승용,남,38세,상해없음,이륜,남,18세,경상
2021050100100371,2021년 5월 1일 17시,토요일,충청남도 천안시 동남구 목천읍,중상사고,0,1,0,0,차대차 - 측면충돌,안전운전불이행,건조,맑음,단일로 - 기타,원동기,남,35세,중상,승용,여,50세,상해없음
2021050100100405,2021년 5월 1일 18시,토요일,충청남도 천안시 동남구 사직동,경상사고,0,0,1,0,차대차 - 기타,직진우회전진행방해,건조,맑음,교차로 - 교차로안,승용,여,36세,상해없음,승용,남,59세,경상
2021050100100443,2021년 5월 1일 19시,토요일,충청남도 부여군 규암면,중상사고,0,1,0,0,차대차 - 기타,중앙선침범,건조,맑음,단일로 - 기타,승용,남,60세,상해없음,화물,남,58세,중상
2021050100100499,2021년 5월 1일 21시,토요일,충청남도 서산시 대산읍,경상사고,0,0,1,0,차대차 - 정면충돌,중앙선침범,건조,맑음,단일로 - 기타,승용,남,56세,상해없음,승용,남,53세,경상
2021050100100500,2021년 5월 1일 21시,토요일,충청남도 천안시 동남구 다가동,경상사고,0,0,8,0,차대차 - 추돌,안전운전불이행,젖음/습기,비,단일로 - 기타,화물,남,55세,상해없음,승용,남,37세,경상
2021050100100524,2021년 5월 1일 22시,토요일,충청남도 천안시 서북구 직산읍,중상사고,0,1,0,0,차대사람 - 기타,안전거리미확보,건조,맑음,단일로 - 기타,승용,남,60세,상해없음,보행자,남,50세,중상
2021050100100525,2021년 5월 1일 22시,토요일,충청남도 아산시 배방읍,경상사고,0,0,1,0,차대차 - 기타,차로위반,젖음/습기,비,교차로 - 교차로부근,승용,남,33세,상해없음,이륜,남,18세,경상
2021050100100526,2021년 5월 1일 22시,토요일,충청남도 당진시 송악읍,중상사고,0,1,3,0,차대차 - 추돌,안전운전불이행,젖음/습기,흐림,단일로 - 기타,승용,여,56세,중상,승용,여,30세,경상
2021050200100008,2021년 5월 2일 00시,일요일,충청남도 천안시 서북구 두정동,경상사고,0,0,2,0,차대사람 - 기타,안전운전불이행,건조,맑음,단일로 - 기타,승용,여,25세,상해없음,보행자,여,25세,경상
2021050200100038,2021년 5월 2일 04시,일요일,충청남도 아산시 둔포면,경상사고,0,0,1,0,차대차 - 추돌,안전운전불이행,젖음/습기,흐림,단일로 - 기타,승용,남,33세,상해없음,승용,여,29세,경상
2021050200100053,2021년 5월 2일 07시,일요일,충청남도 천안시 서북구 성성동,경상사고,0,0,2,0,차대차 - 측면충돌,안전운전불이행,젖음/습기,맑음,교차로 - 교차로안,승용,여,21세,상해없음,승용,여,46세,경상
2021050200100054,2021년 5월 2일 07시,일요일,충청남도 태안군 태안읍,경상사고,0,0,1,0,차대차 - 측면충돌,신호위반,건조,맑음,교차로 - 교차로안,화물,남,62세,상해없음,승합,남,49세,경상
2021050200100102,2021년 5월 2일 10시,일요일,충청남도 천안시 서북구 성정동,경상사고,0,0,5,0,차대차 - 기타,안전거리미확보,건조,맑음,교차로 - 교차로횡단보도내,승용,여,41세,상해없음,승용,남,72세,경상
2021050200100130,2021년 5월 2일 11시,일요일,충청남도 논산시 채운면,경상사고,0,0,2,0,차대차 - 추돌,안전운전불이행,건조,맑음,기타 - 기타,승용,남,52세,상해없음,승용,남,65세,경상
2021050200100159,2021년 5월 2일 12시,일요일,충청남도 천안시 서북구 백석동,경상사고,0,0,2,0,차대차 - 기타,신호위반,건조,맑음,교차로 - 교차로안,이륜,남,41세,경상,승용,남,32세,경상
2021050200100195,2021년 5월 2일 13시,일요일,충청남도 천안시 서북구 쌍용동,경상사고,0,0,2,0,차대차 - 기타,신호위반,건조,맑음,교차로 - 교차로안,이륜,남,29세,경상,승용,여,24세,경상
2021050200100196,2021년 5월 2일 13시,일요일,충청남도 서천군 기산면,사망사고,1,0,0,0,차량단독 - 기타,안전운전불이행,건조,맑음,기타 - 기타,승용,남,63세,사망,,,,
2021050200100223,2021년 5월 2일 14시,일요일,충청남도 천안시 서북구 성정동,경상사고,0,0,2,0,차대차 - 기타,중앙선침범,건조,맑음,단일로 - 기타,자전거,여,54세,경상,이륜,남,38세,경상
2021050200100261,2021년 5월 2일 15시,일요일,충청남도 논산시 부창동,경상사고,0,0,3,0,차대차 - 측면충돌,안전운전불이행,건조,맑음,단일로 - 기타,승용,남,44세,경상,승용,남,33세,경상
2021050200100298,2021년 5월 2일 16시,일요일,충청남도 보령시 내항동,중상사고,0,1,0,0,차대차 - 정면충돌,중앙선침범,건조,맑음,단일로 - 기타,승용,남,20세,상해없음,화물,남,61세,중상
2021050200100299,2021년 5월 2일 16시,일요일,충청남도 천안시 동남구 다가동,중상사고,0,1,0,0,차대사람 - 횡단중,안전운전불이행,건조,맑음,교차로 - 교차로안,승용,여,40세,상해없음,보행자,남,86세,중상
2021050200100330,2021년 5월 2일 17시,일요일,충청남도 아산시 방축동,경상사고,0,0,1,0,차대사람 - 기타,안전운전불이행,건조,맑음,교차로 - 교차로횡단보도내,승용,여,48세,상해없음,보행자,남,17세,경상
2021050200100331,2021년 5월 2일 17시,일요일,충청남도 천안시 동남구 신부동,경상사고,0,0,2,0,차대차 - 추돌,안전운전불이행,건조,맑음,교차로 - 교차로안,승용,여,37세,상해없음,승용,남,48세,경상
2021050200100407,2021년 5월 2일 20시,일요일,충청남도 천안시 서북구 쌍용동,경상사고,0,0,1,0,차대차 - 측면충돌,신호위반,건조,기타,교차로 - 교차로안,승용,남,26세,상해없음,승용,남,61세,경상
2021050200100408,2021년 5월 2일 20시,일요일,충청남도 천안시 동남구 신부동,경상사고,0,0,3,0,차대차 - 정면충돌,신호위반,건조,맑음,교차로 - 교차로안,승용,여,29세,경상,화물,남,65세,경상
2021050200100428,2021년 5월 2일 21시,일요일,충청남도 천안시 서북구 성정동,경상사고,0,0,2,0,차대차 - 기타,안전운전불이행,건조,기타,교차로 - 교차로부근,승용,남,29세,상해없음,이륜,남,17세,경상
2021050200100451,2021년 5월 2일 22시,일요일,충청남도 서산시 읍내동,중상사고,0,1,0,0,차대차 - 기타,교차로운행방법위반,건조,맑음,교차로 - 교차로안,승용,남,23세,상해없음,이륜,남,52세,중상
2021050300100008,2021년 5월 3일 01시,월요일,충청남도 천안시 서북구 두정동,경상사고,0,0,1,0,차대사람 - 기타,안전운전불이행,건조,기타,교차로 - 교차로안,승용,남,23세,상해없음,보행자,남,21세,경상
2021050300100038,2021년 5월 3일 06시,월요일,충청남도 아산시 탕정면,경상사고,0,0,1,0,차대차 - 기타,기타,건조,맑음,단일로 - 기타,화물,남,54세,상해없음,이륜,남,19세,경상
2021050300100059,2021년 5월 3일 07시,월요일,충청남도 서산시 운산면,중상사고,0,1,0,0,차대차 - 측면충돌,중앙선침범,건조,맑음,교차로 - 교차로부근,이륜,남,69세,중상,화물,남,62세,상해없음
2021050300100092,2021년 5월 3일 08시,월요일,충청남도 천안시 서북구 두정동,경상사고,0,0,1,0,차대차 - 기타,교차로운행방법위반,건조,맑음,교차로 - 교차로안,승용,여,41세,상해없음,원동기,남,17세,경상
2021050300100093,2021년 5월 3일 08시,월요일,충청남도 당진시 읍내동,경상사고,0,0,1,0,차대사람 - 횡단중,보행자보호의무위반,건조,맑음,교차로 - 교차로안,승용,여,68세,상해없음,보행자,여,41세,경상
2021050300100127,2021년 5월 3일 09시,월요일,충청남도 아산시 염치읍,중상사고,0,1,0,0,차량단독 - 기타,기타,건조,맑음,단일로 - 기타,화물,남,52세,중상,,,,
2021050300100129,2021년 5월 3일 09시,월요일,충청남도 예산군 고덕면,경상사고,0,0,1,0,차대차 - 측면충돌,안전운전불이행,건조,맑음,기타 - 기타,자전거,여,66세,경상,승용,남,53세,상해없음
2021050300100130,2021년 5월 3일 09시,월요일,충청남도 천안시 동남구 신부동,중상사고,0,1,0,0,차대차 - 기타,안전운전불이행,건조,맑음,교차로 - 교차로안,승용,여,38세,상해없음,승용,남,46세,중상
2021050300100131,2021년 5월 3일 09시,월요일,충청남도 천안시 동남구 풍세면,부상신고사고,0,0,0,1,차대차 - 추돌,안전운전불이행,건조,맑음,단일로 - 기타,화물,남,63세,부상신고,특수,남,51세,상해없음
2021050300100132,2021년 5월 3일 09시,월요일,충청남도 천안시 동남구 영성동,경상사고,0,0,1,0,차대차 - 기타,안전운전불이행,건조,맑음,단일로 - 기타,승용,남,71세,상해없음,승용,여,32세,경상
2021050300100211,2021년 5월 3일 11시,월요일,충청남도 태안군 태안읍,경상사고,0,0,1,0,차량단독 - 기타,안전운전불이행,건조,맑음,단일로 - 기타,이륜,남,57세,경상,,,,
2021050300100255,2021년 5월 3일 12시,월요일,충청남도 천안시 동남구 구성동,경상사고,0,0,1,0,차대차 - 후진중충돌,안전운전불이행,건조,맑음,교차로 - 교차로안,화물,남,57세,상해없음,승용,남,46세,경상
2021050300100292,2021년 5월 3일 13시,월요일,충청남도 천안시 서북구 성정동,경상사고,0,0,1,0,차대차 - 측면충돌,신호위반,건조,맑음,교차로 - 교차로안,이륜,남,17세,상해없음,이륜,남,47세,경상
2021050300100293,2021년 5월 3일 13시,월요일,충청남도 당진시 채운동,경상사고,0,0,1,0,차대차 - 정면충돌,기타,건조,맑음,교차로 - 교차로안,승용,여,24세,상해없음,승용,여,65세,경상
2021050300100373,2021년 5월 3일 15시,월요일,충청남도 논산시 강경읍,경상사고,0,0,1,0,차대차 - 측면충돌,교차로운행방법위반,건조,맑음,교차로 - 교차로안,이륜,남,76세,경상,승용,남,45세,상해없음
2021050300100416,2021년 5월 3일 16시,월요일,충청남도 천안시 서북구 성정동,경상사고,0,0,2,0,차대차 - 기타,안전운전불이행,건조,맑음,교차로 - 교차로부근,승용,여,33세,상해없음,승용,남,32세,경상
2021050300100511,2021년 5월 3일 18시,월요일,충청남도 천안시 서북구 성정동,경상사고,0,0,1,0,차대차 - 기타,안전운전불이행,건조,맑음,교차로 - 교차로부근,승용,남,43세,상해없음,승용,남,39세,경상
2021050300100512,2021년 5월 3일 18시,월요일,충청남도 홍성군 홍북읍,경상사고,0,0,1,0,차대차 - 측면충돌,안전운전불이행,건조,맑음,교차로 - 교차로안,승용,남,28세,상해없음,승용,남,52세,경상
2021050300100577,2021년 5월 3일 20시,월요일,충청남도 천안시 서북구 두정동,부상신고사고,0,0,0,1,차대차 - 측면충돌,안전거리미확보,건조,맑음,단일로 - 기타,이륜,남,39세,부상신고,승용,남,42세,상해없음
2021050300100602,2021년 5월 3일 21시,월요일,충청남도 천안시 서북구 성거읍,경상사고,0,0,1,0,차대차 - 기타,안전거리미확보,건조,맑음,단일로 - 기타,승용,남,61세,상해없음,승용,남,24세,경상
2021050300100603,2021년 5월 3일 21시,월요일,충청남도 천안시 서북구 두정동,경상사고,0,0,1,0,차대차 - 기타,안전거리미확보,건조,맑음,단일로 - 기타,승용,남,58세,상해없음,이륜,남,35세,경상
2021050300100634,2021년 5월 3일 22시,월요일,충청남도 예산군 예산읍,경상사고,0,0,1,0,차대차 - 추돌,안전운전불이행,건조,흐림,기타 - 기타,승용,남,62세,상해없음,화물,남,37세,경상
2021050400100004,2021년 5월 4일 00시,화요일,충청남도 논산시 지산동,경상사고,0,0,1,0,차량단독 - 공작물충돌,안전운전불이행,건조,맑음,단일로 - 기타,승용,남,42세,경상,,,,
2021050400100024,2021년 5월 4일 04시,화요일,충청남도 천안시 서북구 성정동,경상사고,0,0,1,0,차대사람 - 기타,안전운전불이행,건조,맑음,교차로 - 교차로안,승용,남,43세,상해없음,보행자,여,24세,경상
2021050400100047,2021년 5월 4일 07시,화요일,충청남도 천안시 서북구 두정동,경상사고,0,0,1,0,차대차 - 추돌,안전운전불이행,건조,맑음,교차로 - 교차로부근,승합,남,59세,기타불명,승용,여,48세,경상
2021050400100048,2021년 5월 4일 07시,화요일,충청남도 천안시 서북구 성성동,경상사고,0,0,1,0,차대차 - 기타,안전거리미확보,건조,맑음,교차로 - 교차로부근,이륜,남,40세,상해없음,승용,남,27세,경상
2021050400100081,2021년 5월 4일 08시,화요일,충청남도 천안시 서북구 직산읍,경상사고,0,0,2,0,차대차 - 기타,안전운전불이행,건조,기타,기타 - 기타,승용,남,43세,상해없음,화물,남,56세,상해없음
2021050400100108,2021년 5월 4일 09시,화요일,충청남도 아산시 배방읍,경상사고,0,0,1,0,차대차 - 추돌,신호위반,건조,맑음,단일로 - 기타,승용,남,77세,상해없음,승용,여,50세,경상
2021050400100163,2021년 5월 4일 11시,화요일,충청남도 당진시 신평면,경상사고,0,0,1,0,차대차 - 기타,안전운전불이행,건조,맑음,단일로 - 기타,화물,남,33세,상해없음,승용,남,42세,경상
2021050400100184,2021년 5월 4일 12시,화요일,충청남도 천안시 동남구 청수동,경상사고,0,0,1,0,차대차 - 정면충돌,신호위반,건조,맑음,교차로 - 교차로부근,승용,남,59세,상해없음,승용,남,47세,경상
2021050400100256,2021년 5월 4일 14시,화요일,충청남도 아산시 신창면,경상사고,0,0,1,0,차대차 - 측면충돌,안전운전불이행,건조,맑음,교차로 - 교차로안,승용,여,56세,경상,승용,남,36세,상해없음
2021050400100298,2021년 5월 4일 15시,화요일,충청남도 아산시 권곡동,중상사고,0,1,0,0,차대사람 - 기타,안전운전불이행,건조,맑음,단일로 - 기타,화물,남,50세,상해없음,보행자,여,84세,중상
2021050400100299,2021년 5월 4일 15시,화요일,충청남도 보령시 신흑동,경상사고,0,0,1,0,차대사람 - 차도통행중,신호위반,젖음/습기,비,단일로 - 기타,승용,남,66세,상해없음,보행자,남,46세,경상
2021050400100340,2021년 5월 4일 16시,화요일,충청남도 천안시 서북구 두정동,중상사고,0,1,0,0,차대차 - 기타,직진우회전진행방해,건조,맑음,교차로 - 교차로안,승용,남,18세,상해없음,이륜,남,47세,중상
2021050400100341,2021년 5월 4일 16시,화요일,충청남도 태안군 태안읍,경상사고,0,0,1,0,차대사람 - 기타,안전운전불이행,건조,맑음,단일로 - 기타,승용,남,60세,상해없음,보행자,여,66세,경상
2021050400100377,2021년 5월 4일 17시,화요일,충청남도 아산시 둔포면,경상사고,0,0,2,0,차대차 - 기타,중앙선침범,젖음/습기,비,교차로 - 교차로부근,승용,남,53세,상해없음,승용,남,31세,경상
2021050400100378,2021년 5월 4일 17시,화요일,충청남도 당진시 정미면,경상사고,0,0,1,0,차대차 - 정면충돌,교차로운행방법위반,건조,맑음,단일로 - 기타,승용,남,44세,상해없음,자전거,남,71세,경상
2021050400100428,2021년 5월 4일 18시,화요일,충청남도 천안시 서북구 입장면,경상사고,0,0,3,0,차대차 - 기타,안전운전불이행,젖음/습기,비,기타 - 기타,승용,남,52세,상해없음,승용,남,57세,경상
2021050400100545,2021년 5월 4일 20시,화요일,충청남도 천안시 서북구 성환읍,경상사고,0,0,1,0,차대차 - 기타,안전운전불이행,젖음/습기,비,교차로 - 교차로안,승용,남,23세,상해없음,승용,남,39세,경상
2021050400100546,2021년 5월 4일 20시,화요일,충청남도 홍성군 홍성읍,중상사고,0,1,0,0,차대사람 - 기타,중앙선침범,젖음/습기,비,교차로 - 교차로안,승용,남,51세,상해없음,보행자,남,50세,중상
2021050400100547,2021년 5월 4일 20시,화요일,충청남도 당진시 읍내동,경상사고,0,0,1,0,차대차 - 기타,안전운전불이행,젖음/습기,비,단일로 - 기타,승용,남,40세,상해없음,이륜,남,33세,경상
2021050400100605,2021년 5월 4일 21시,화요일,충청남도 서산시 예천동,중상사고,0,1,0,0,차대사람 - 기타,안전운전불이행,젖음/습기,비,단일로 - 기타,승용,남,32세,상해없음,보행자,여,43세,중상
2021050400100607,2021년 5월 4일 21시,화요일,충청남도 홍성군 광천읍,중상사고,0,2,3,0,차대차 - 정면충돌,중앙선침범,젖음/습기,비,단일로 - 기타,화물,남,58세,경상,승용,남,27세,중상
2021050400100662,2021년 5월 4일 22시,화요일,충청남도 홍성군 홍성읍,경상사고,0,0,2,0,차대차 - 기타,안전운전불이행,젖음/습기,비,주차장 - 주차장,승용,남,54세,상해없음,승용,여,23세,경상
2021050400100663,2021년 5월 4일 22시,화요일,충청남도 아산시 탕정면,경상사고,0,0,1,0,차대차 - 기타,신호위반,젖음/습기,비,교차로 - 교차로안,승용,남,34세,상해없음,승용,여,55세,경상
2021050400100664,2021년 5월 4일 22시,화요일,충청남도 당진시 읍내동,경상사고,0,0,1,0,차대사람 - 기타,안전운전불이행,젖음/습기,비,단일로 - 기타,승용,남,52세,상해없음,보행자,남,36세,경상
2021050400100665,2021년 5월 4일 22시,화요일,충청남도 당진시 송산면,경상사고,0,0,2,0,차대차 - 기타,신호위반,젖음/습기,비,교차로 - 교차로안,승용,남,53세,상해없음,승용,남,32세,경상
2021050500100048,2021년 5월 5일 04시,수요일,충청남도 천안시 서북구 두정동,중상사고,0,1,0,0,차대사람 - 기타,안전운전불이행,건조,맑음,단일로 - 기타,승용,남,18세,기타불명,보행자,남,24세,중상
2021050500100092,2021년 5월 5일 09시,수요일,충청남도 천안시 서북구 불당동,경상사고,0,0,1,0,차대차 - 측면충돌,안전운전불이행,건조,맑음,단일로 - 기타,승용,남,77세,상해없음,승용,여,28세,경상
2021050500100147,2021년 5월 5일 11시,수요일,충청남도 천안시 서북구 백석동,경상사고,0,0,4,2,차대차 - 기타,안전운전불이행,건조,맑음,단일로 - 기타,승용,남,22세,경상,승용,여,42세,경상
2021050500100191,2021년 5월 5일 12시,수요일,충청남도 서산시 동문동,경상사고,0,0,1,0,차대차 - 측면충돌,직진우회전진행방해,건조,맑음,교차로 - 교차로안,승용,남,51세,상해없음,승용,여,69세,경상
2021050500100192,2021년 5월 5일 12시,수요일,충청남도 공주시 정안면,경상사고,0,0,1,0,차량단독 - 기타,안전운전불이행,건조,맑음,단일로 - 기타,이륜,남,59세,경상,,,,
2021050500100193,2021년 5월 5일 12시,수요일,충청남도 부여군 부여읍,중상사고,0,1,0,0,차대차 - 측면충돌,안전거리미확보,건조,맑음,단일로 - 기타,이륜,남,80세,중상,승용,여,60세,상해없음
2021050500100194,2021년 5월 5일 12시,수요일,충청남도 논산시 가야곡면,경상사고,0,0,2,0,차대차 - 추돌,안전운전불이행,건조,맑음,단일로 - 기타,승용,남,45세,상해없음,승용,남,25세,경상
2021050500100233,2021년 5월 5일 13시,수요일,충청남도 태안군 남면,경상사고,0,0,7,0,차대차 - 측면충돌,안전운전불이행,건조,맑음,단일로 - 기타,승용,남,46세,상해없음,승용,남,58세,상해없음
2021050500100272,2021년 5월 5일 14시,수요일,충청남도 서산시 대산읍,경상사고,0,0,1,0,차대차 - 추돌,안전거리미확보,건조,맑음,단일로 - 기타,화물,남,36세,상해없음,농기계,남,79세,경상
2021050500100273,2021년 5월 5일 14시,수요일,충청남도 천안시 서북구 성정동,경상사고,0,0,2,0,차대차 - 측면충돌,안전운전불이행,건조,맑음,교차로 - 교차로안,승용,남,36세,상해없음,승용,여,42세,경상
2021050500100274,2021년 5월 5일 14시,수요일,충청남도 천안시 서북구 쌍용동,경상사고,0,0,1,0,차대사람 - 기타,안전운전불이행,건조,맑음,단일로 - 기타,승합,여,47세,상해없음,보행자,남,7세,경상
2021050500100275,2021년 5월 5일 14시,수요일,충청남도 논산시 취암동,경상사고,0,0,4,0,차대차 - 정면충돌,안전거리미확보,건조,맑음,교차로 - 교차로부근,승용,여,61세,경상,승용,여,45세,경상
2021050500100276,2021년 5월 5일 14시,수요일,충청남도 아산시 탕정면,경상사고,0,0,1,0,차대사람 - 기타,안전운전불이행,건조,맑음,단일로 - 기타,승용,남,30세,상해없음,보행자,남,4세,경상
2021050500100277,2021년 5월 5일 14시,수요일,충청남도 보령시 대천동,경상사고,0,0,1,0,차대차 - 추돌,안전운전불이행,건조,맑음,단일로 - 기타,승용,남,44세,상해없음,승용,남,48세,경상
2021050500100278,2021년 5월 5일 14시,수요일,충청남도 예산군 삽교읍,경상사고,0,0,1,0,차대차 - 측면충돌,교차로운행방법위반,건조,맑음,교차로 - 교차로안,승용,남,71세,상해없음,이륜,남,49세,경상
2021050500100320,2021년 5월 5일 15시,수요일,충청남도 천안시 서북구 성정동,중상사고,0,1,0,0,차대차 - 기타,안전운전불이행,건조,맑음,단일로 - 기타,승용,여,27세,상해없음,이륜,남,40세,중상
2021050500100356,2021년 5월 5일 16시,수요일,충청남도 홍성군 서부면,중상사고,0,1,0,0,차대사람 - 기타,안전운전불이행,건조,맑음,교차로 - 교차로안,화물,여,51세,상해없음,보행자,여,81세,중상
2021050500100357,2021년 5월 5일 16시,수요일,충청남도 부여군 규암면,경상사고,0,0,1,0,차대차 - 후진중충돌,안전운전불이행,건조,맑음,단일로 - 기타,승용,여,62세,상해없음,승용,여,44세,경상
2021050500100358,2021년 5월 5일 16시,수요일,충청남도 부여군 부여읍,중상사고,0,1,0,0,차량단독 - 기타,안전운전불이행,건조,맑음,단일로 - 기타,이륜,남,52세,상해없음,,,,
2021050500100359,2021년 5월 5일 16시,수요일,충청남도 태안군 안면읍,중상사고,0,1,0,0,차대차 - 후진중충돌,안전운전불이행,건조,맑음,교차로 - 교차로안,승용,여,55세,상해없음,승용,남,26세,상해없음
2021050500100405,2021년 5월 5일 17시,수요일,충청남도 홍성군 장곡면,경상사고,0,0,1,0,차대차 - 측면충돌,중앙선침범,건조,맑음,단일로 - 기타,농기계,남,80세,상해없음,승용,남,52세,상해없음
2021050500100406,2021년 5월 5일 17시,수요일,충청남도 당진시 읍내동,경상사고,0,0,4,0,차대차 - 추돌,안전거리미확보,건조,맑음,교차로 - 교차로안,승용,여,24세,상해없음,승용,남,44세,경상
2021050500100447,2021년 5월 5일 18시,수요일,충청남도 아산시 신창면,경상사고,0,0,1,0,차대차 - 추돌,안전운전불이행,건조,맑음,단일로 - 기타,기타불명,기타불명,미분류,기타불명,승용,남,37세,경상
2021050500100448,2021년 5월 5일 18시,수요일,충청남도 천안시 동남구 안서동,경상사고,0,0,1,0,차대차 - 측면충돌,안전운전불이행,건조,맑음,단일로 - 기타,이륜,남,21세,기타불명,이륜,남,37세,경상
2021050500100478,2021년 5월 5일 19시,수요일,충청남도 천안시 서북구 쌍용동,중상사고,0,1,0,0,차대차 - 추돌,안전운전불이행,건조,맑음,교차로 - 교차로부근,승용,남,21세,상해없음,승용,여,64세,중상
2021050500100576,2021년 5월 5일 23시,수요일,충청남도 계룡시 엄사면,경상사고,0,0,2,0,차대차 - 추돌,안전운전불이행,건조,맑음,교차로 - 교차로안,승용,남,27세,상해없음,승용,여,32세,경상
2021050600100011,2021년 5월 6일 01시,목요일,충청남도 천안시 동남구 목천읍,사망사고,1,0,0,0,차대사람 - 기타,안전운전불이행,건조,맑음,단일로 - 기타,승용,남,61세,상해없음,보행자,남,71세,사망
2021050600100018,2021년 5월 6일 03시,목요일,충청남도 천안시 동남구 봉명동,중상사고,0,1,0,0,차대차 - 측면충돌,차로위반,건조,맑음,단일로 - 기타,화물,남,59세,상해없음,이륜,남,19세,중상
2021050600100054,2021년 5월 6일 07시,목요일,충청남도 천안시 동남구 목천읍,경상사고,0,0,1,0,차대차 - 추돌,안전운전불이행,건조,맑음,단일로 - 기타,화물,여,23세,상해없음,승용,남,27세,경상
2021050600100113,2021년 5월 6일 09시,목요일,충청남도 홍성군 결성면,경상사고,0,0,2,0,차대차 - 기타,안전운전불이행,건조,맑음,단일로 - 기타,농기계,남,85세,상해없음,승합,남,48세,상해없음
2021050600100149,2021년 5월 6일 10시,목요일,충청남도 당진시 채운동,경상사고,0,0,1,0,차대차 - 추돌,안전운전불이행,건조,맑음,단일로 - 기타,화물,남,63세,상해없음,승용,여,52세,경상
2021050600100150,2021년 5월 6일 10시,목요일,충청남도 청양군 정산면,중상사고,0,1,0,0,차량단독 - 도로외이탈 - 추락,안전운전불이행,건조,맑음,단일로 - 기타,농기계,남,47세,중상,,,,
2021050600100243,2021년 5월 6일 13시,목요일,충청남도 서산시 팔봉면,경상사고,0,0,1,0,차대차 - 정면충돌,중앙선침범,건조,맑음,단일로 - 기타,승용,남,49세,상해없음,승용,남,35세,경상