사고번호,사고일시,요일,시군구,사고내용,사망자수,중상자수,경상자수,부상신고자수,사고유형,법규위반,노면상태,기상상태,도로형태,가해운전자 차종,가해운전자 성별,가해운전자 연령,가해운전자 상해정도,피해운전자 차종,피해운전자 성별,피해운전자 연령,피해운전자 상해정도
2021050600100271,2021년 5월 6일 14시,목요일,충청남도 서천군 종천면,경상사고,0,0,2,3,차량단독 - 공작물충돌,안전운전불이행,건조,맑음,단일로 - 기타,승합,남,53세,상해없음,,,,
2021050600100311,2021년 5월 6일 15시,목요일,충청남도 태안군 근흥면,경상사고,0,0,2,0,차대차 - 추돌,안전운전불이행,건조,맑음,기타 - 기타,승용,남,48세,경상,승용,여,56세,경상
2021050600100373,2021년 5월 6일 17시,목요일,충청남도 천안시 서북구 불당동,중상사고,0,1,0,0,차대차 - 기타,교차로운행방법위반,건조,맑음,교차로 - 교차로안,화물,남,44세,상해없음,이륜,남,49세,중상
2021050600100418,2021년 5월 6일 18시,목요일,충청남도 아산시 온천동,중상사고,0,1,0,0,차대차 - 측면충돌,안전운전불이행,건조,맑음,교차로 - 교차로안,승용,남,49세,기타불명,이륜,남,71세,중상
2021050600100419,2021년 5월 6일 18시,목요일,충청남도 천안시 동남구 다가동,경상사고,0,0,1,0,차대차 - 기타,안전거리미확보,건조,맑음,교차로 - 교차로안,화물,남,40세,상해없음,이륜,남,27세,경상
2021050600100420,2021년 5월 6일 18시,목요일,충청남도 천안시 동남구 오룡동,부상신고사고,0,0,0,1,차대차 - 기타,안전운전불이행,건조,맑음,교차로 - 교차로안,자전거,남,41세,부상신고,승용,남,65세,상해없음
2021050600100522,2021년 5월 6일 21시,목요일,충청남도 아산시 음봉면,경상사고,0,0,1,0,차대차 - 기타,신호위반,건조,맑음,교차로 - 교차로안,승용,남,26세,상해없음,승용,여,40세,경상
2021050600100567,2021년 5월 6일 23시,목요일,충청남도 아산시 둔포면,중상사고,0,2,2,0,차대차 - 추돌,안전운전불이행,건조,맑음,교차로 - 교차로부근,승용,남,44세,상해없음,승용,남,49세,중상
2021050600100568,2021년 5월 6일 23시,목요일,충청남도 당진시 고대면,사망사고,1,0,0,0,차대차 - 기타,안전운전불이행,건조,기타,단일로 - 기타,승합,남,68세,상해없음,승용,남,51세,상해없음
2021050700100013,2021년 5월 7일 01시,금요일,충청남도 아산시 배방읍,중상사고,0,1,0,0,차량단독 - 공작물충돌,안전운전불이행,건조,맑음,단일로 - 기타,이륜,남,16세,중상,,,,
2021050700100039,2021년 5월 7일 06시,금요일,충청남도 천안시 서북구 백석동,경상사고,0,0,1,0,차대차 - 기타,교차로운행방법위반,건조,맑음,교차로 - 교차로안,승용,남,28세,기타불명,승용,남,28세,경상
2021050700100040,2021년 5월 7일 06시,금요일,충청남도 천안시 동남구 신부동,중상사고,0,1,0,0,차대차 - 기타,안전운전불이행,건조,맑음,교차로 - 교차로부근,승용,남,64세,상해없음,승용,남,50세,중상
2021050700100058,2021년 5월 7일 07시,금요일,충청남도 천안시 서북구 성정동,중상사고,0,1,0,0,차대사람 - 차도통행중,안전운전불이행,건조,맑음,단일로 - 기타,화물,남,57세,상해없음,보행자,남,29세,중상
2021050700100081,2021년 5월 7일 08시,금요일,충청남도 천안시 서북구 성거읍,중상사고,0,1,0,0,차대차 - 기타,직진우회전진행방해,건조,맑음,교차로 - 교차로안,승용,남,62세,상해없음,이륜,남,83세,중상
2021050700100082,2021년 5월 7일 08시,금요일,충청남도 홍성군 홍성읍,경상사고,0,0,1,0,차대차 - 측면충돌,신호위반,건조,맑음,교차로 - 교차로안,화물,남,47세,상해없음,화물,남,68세,경상
2021050700100083,2021년 5월 7일 08시,금요일,충청남도 공주시 송선동,경상사고,0,0,1,0,차대차 - 추돌,교차로운행방법위반,건조,맑음,교차로 - 교차로안,화물,남,47세,기타불명,승용,남,45세,경상
2021050700100171,2021년 5월 7일 11시,금요일,충청남도 당진시 읍내동,중상사고,0,1,0,0,차대사람 - 차도통행중,안전운전불이행,건조,맑음,단일로 - 기타,승용,남,30세,상해없음,보행자,남,55세,중상
2021050700100172,2021년 5월 7일 11시,금요일,충청남도 천안시 동남구 신방동,경상사고,0,0,2,0,차대차 - 기타,직진우회전진행방해,건조,맑음,교차로 - 교차로안,승용,남,57세,상해없음,승용,남,39세,경상
2021050700100210,2021년 5월 7일 12시,금요일,충청남도 아산시 염치읍,중상사고,0,1,1,0,차대차 - 기타,신호위반,젖음/습기,맑음,단일로 - 기타,승용,남,72세,기타불명,화물,남,40세,중상
2021050700100293,2021년 5월 7일 14시,금요일,충청남도 천안시 서북구 백석동,경상사고,0,0,1,0,차대차 - 기타,중앙선침범,건조,맑음,단일로 - 기타,승용,여,36세,상해없음,승용,남,26세,경상
2021050700100324,2021년 5월 7일 15시,금요일,충청남도 아산시 온천동,경상사고,0,0,1,0,차대차 - 측면충돌,안전운전불이행,건조,맑음,교차로 - 교차로안,승용,여,43세,상해없음,승용,남,35세,경상
2021050700100325,2021년 5월 7일 15시,금요일,충청남도 천안시 동남구 대흥동,경상사고,0,0,2,0,차대차 - 추돌,안전운전불이행,건조,맑음,교차로 - 교차로부근,승용,여,71세,상해없음,승용,남,46세,경상
2021050700100395,2021년 5월 7일 17시,금요일,충청남도 서산시 동문동,중상사고,0,1,0,0,차대차 - 기타,교차로운행방법위반,건조,맑음,교차로 - 교차로안,승용,남,56세,상해없음,승용,남,45세,중상
2021050700100396,2021년 5월 7일 17시,금요일,충청남도 천안시 서북구 직산읍,경상사고,0,0,2,0,차대차 - 추돌,안전운전불이행,건조,맑음,단일로 - 기타,화물,남,41세,상해없음,승용,남,50세,경상
2021050700100397,2021년 5월 7일 17시,금요일,충청남도 아산시 배방읍,경상사고,0,0,1,0,차대차 - 기타,안전운전불이행,건조,맑음,교차로 - 교차로안,승용,남,32세,기타불명,승용,남,21세,경상
2021050700100398,2021년 5월 7일 17시,금요일,충청남도 공주시 중동,경상사고,0,0,1,0,차대차 - 측면충돌,안전운전불이행,건조,맑음,단일로 - 기타,승용,여,27세,상해없음,자전거,남,12세,경상
2021050700100399,2021년 5월 7일 17시,금요일,충청남도 예산군 예산읍,중상사고,0,1,0,0,차대차 - 측면충돌,기타,건조,맑음,교차로 - 교차로안,승용,여,69세,상해없음,이륜,여,71세,중상
2021050700100504,2021년 5월 7일 19시,금요일,충청남도 홍성군 장곡면,경상사고,0,0,1,0,차대차 - 추돌,안전운전불이행,건조,맑음,단일로 - 기타,승용,여,47세,상해없음,승용,여,19세,상해없음
2021050700100534,2021년 5월 7일 20시,금요일,충청남도 서산시 읍내동,중상사고,0,1,0,0,차대사람 - 기타,안전운전불이행,건조,맑음,교차로 - 교차로안,승용,남,27세,상해없음,보행자,여,54세,중상
2021050700100535,2021년 5월 7일 20시,금요일,충청남도 천안시 동남구 병천면,경상사고,0,0,2,0,차대차 - 추돌,안전운전불이행,건조,맑음,교차로 - 교차로안,승용,여,39세,상해없음,승용,여,21세,경상
2021050700100536,2021년 5월 7일 20시,금요일,충청남도 천안시 동남구 신방동,중상사고,0,1,0,0,차대사람 - 횡단중,보행자보호의무위반,건조,맑음,단일로 - 기타,승용,남,50세,상해없음,보행자,여,73세,중상
2021050700100597,2021년 5월 7일 22시,금요일,충청남도 당진시 시곡동,중상사고,0,1,0,0,차대차 - 측면충돌,기타,건조,맑음,단일로 - 기타,승용,남,50세,상해없음,승합,남,32세,중상
2021050700100622,2021년 5월 7일 23시,금요일,충청남도 서산시 읍내동,경상사고,0,0,1,0,차대차 - 측면충돌,직진우회전진행방해,건조,맑음,교차로 - 교차로안,승용,기타불명,미분류,기타불명,승용,남,22세,경상
2021050800100007,2021년 5월 8일 00시,토요일,충청남도 서산시 음암면,중상사고,0,2,2,0,차대차 - 추돌,안전운전불이행,건조,맑음,단일로 - 기타,화물,남,62세,중상,승합,남,56세,상해없음
2021050800100008,2021년 5월 8일 00시,토요일,충청남도 천안시 서북구 불당동,경상사고,0,0,2,0,차대차 - 기타,안전운전불이행,건조,맑음,단일로 - 기타,승용,남,54세,상해없음,승용,남,37세,경상
2021050800100009,2021년 5월 8일 00시,토요일,충청남도 태안군 태안읍,경상사고,0,0,2,0,차대차 - 추돌,안전운전불이행,건조,맑음,교차로 - 교차로횡단보도내,승용,남,34세,상해없음,승용,여,48세,경상
2021050800100020,2021년 5월 8일 01시,토요일,충청남도 당진시 송악읍,경상사고,0,0,2,0,차대차 - 측면충돌,신호위반,건조,맑음,교차로 - 교차로안,승용,남,52세,상해없음,승용,남,64세,경상
2021050800100043,2021년 5월 8일 04시,토요일,충청남도 아산시 영인면,중상사고,0,1,1,0,차대차 - 추돌,안전운전불이행,건조,맑음,단일로 - 기타,화물,남,38세,중상,화물,남,56세,경상
2021050800100054,2021년 5월 8일 06시,토요일,충청남도 천안시 동남구 신부동,경상사고,0,0,4,0,차대차 - 정면충돌,기타,건조,맑음,교차로 - 교차로부근,승합,여,23세,상해없음,승용,남,51세,경상
2021050800100065,2021년 5월 8일 07시,토요일,충청남도 청양군 목면,중상사고,0,2,1,0,차대차 - 측면충돌,안전거리미확보,건조,맑음,기타 - 기타,화물,남,72세,경상,승용,남,46세,중상
2021050800100103,2021년 5월 8일 09시,토요일,충청남도 천안시 서북구 성거읍,경상사고,0,0,2,0,차대차 - 추돌,안전운전불이행,건조,맑음,단일로 - 기타,승용,여,32세,상해없음,승용,여,39세,경상
2021050800100169,2021년 5월 8일 11시,토요일,충청남도 아산시 선장면,중상사고,0,1,0,0,차대차 - 기타,안전운전불이행,건조,맑음,교차로 - 교차로안,승용,남,33세,상해없음,이륜,남,84세,중상
2021050800100170,2021년 5월 8일 11시,토요일,충청남도 천안시 서북구 성거읍,경상사고,0,0,2,0,차대차 - 추돌,안전운전불이행,건조,맑음,단일로 - 기타,승용,남,26세,상해없음,승용,남,27세,경상
2021050800100272,2021년 5월 8일 13시,토요일,충청남도 아산시 신창면,중상사고,0,1,0,0,차대차 - 정면충돌,중앙선침범,건조,맑음,단일로 - 기타,승용,여,46세,상해없음,승용,남,58세,중상
2021050800100273,2021년 5월 8일 13시,토요일,충청남도 천안시 동남구 원성동,경상사고,0,0,2,0,차대차 - 측면충돌,차로위반,건조,맑음,단일로 - 기타,화물,남,51세,상해없음,승용,남,56세,경상
2021050800100317,2021년 5월 8일 14시,토요일,충청남도 서산시 석림동,경상사고,0,0,2,0,차대차 - 측면충돌,직진우회전진행방해,건조,맑음,교차로 - 교차로안,승용,남,22세,상해없음,승용,여,47세,경상
2021050800100318,2021년 5월 8일 14시,토요일,충청남도 천안시 서북구 성정동,부상신고사고,0,0,0,1,차대차 - 측면충돌,안전운전불이행,건조,맑음,교차로 - 교차로안,이륜,남,51세,부상신고,승용,남,42세,상해없음
2021050800100319,2021년 5월 8일 14시,토요일,충청남도 부여군 부여읍,중상사고,0,1,0,0,차대사람 - 차도통행중,안전운전불이행,건조,맑음,단일로 - 기타,승용,여,48세,상해없음,보행자,남,87세,중상
2021050800100363,2021년 5월 8일 15시,토요일,충청남도 금산군 금산읍,중상사고,0,1,0,0,차량단독 - 도로외이탈 - 추락,안전운전불이행,건조,맑음,단일로 - 기타,이륜,남,17세,중상,,,,
2021050800100364,2021년 5월 8일 15시,토요일,충청남도 천안시 동남구 신방동,경상사고,0,0,1,0,차대차 - 측면충돌,차로위반,건조,맑음,단일로 - 기타,승용,남,51세,상해없음,이륜,남,39세,경상
2021050800100365,2021년 5월 8일 15시,토요일,충청남도 당진시 송악읍,중상사고,0,1,8,0,차대차 - 기타,안전운전불이행,건조,맑음,단일로 - 기타,승용,남,61세,상해없음,승용,남,63세,경상
2021050800100366,2021년 5월 8일 15시,토요일,충청남도 서천군 서면,경상사고,0,0,2,0,차대차 - 기타,안전운전불이행,건조,맑음,단일로 - 기타,승용,남,44세,상해없음,승용,남,61세,경상
2021050800100404,2021년 5월 8일 16시,토요일,충청남도 당진시 신평면,경상사고,0,0,1,0,차대사람 - 차도통행중,안전운전불이행,건조,맑음,단일로 - 기타,이륜,남,35세,상해없음,보행자,여,69세,경상
2021050800100405,2021년 5월 8일 16시,토요일,충청남도 청양군 대치면,경상사고,0,0,1,0,차대차 - 측면충돌,직진우회전진행방해,건조,맑음,교차로 - 교차로안,승용,남,55세,상해없음,화물,남,45세,상해없음
2021050800100441,2021년 5월 8일 17시,토요일,충청남도 아산시 탕정면,중상사고,0,1,4,0,차대차 - 추돌,신호위반,건조,맑음,단일로 - 터널,화물,남,57세,상해없음,승용,남,30세,중상
2021050800100442,2021년 5월 8일 17시,토요일,충청남도 아산시 방축동,중상사고,0,1,2,0,차대차 - 기타,신호위반,건조,맑음,교차로 - 교차로안,화물,남,45세,상해없음,승용,여,63세,경상
2021050800100495,2021년 5월 8일 18시,토요일,충청남도 천안시 서북구 직산읍,경상사고,0,0,1,0,차대차 - 추돌,안전운전불이행,건조,맑음,단일로 - 기타,승용,남,39세,상해없음,승용,남,21세,경상
2021050800100496,2021년 5월 8일 18시,토요일,충청남도 홍성군 홍성읍,경상사고,0,0,1,0,차대차 - 측면충돌,안전운전불이행,건조,맑음,교차로 - 교차로부근,승용,남,26세,상해없음,승용,여,28세,경상
2021050800100497,2021년 5월 8일 18시,토요일,충청남도 공주시 금흥동,사망사고,1,0,0,0,차량단독 - 기타,안전운전불이행,건조,맑음,교차로 - 교차로안,승용,남,57세,사망,,,,
2021050800100578,2021년 5월 8일 21시,토요일,충청남도 홍성군 홍북읍,경상사고,0,0,4,0,차대차 - 측면충돌,안전운전불이행,건조,맑음,교차로 - 교차로부근,승용,여,66세,상해없음,승용,남,33세,경상
2021050800100602,2021년 5월 8일 22시,토요일,충청남도 아산시 온천동,경상사고,0,0,1,0,차대사람 - 기타,안전운전불이행,건조,맑음,단일로 - 기타,자전거,남,63세,상해없음,보행자,남,53세,경상
2021050900100005,2021년 5월 9일 00시,일요일,충청남도 태안군 근흥면,부상신고사고,0,0,0,1,차량단독 - 공작물충돌,안전운전불이행,건조,맑음,단일로 - 기타,승합,남,27세,부상신고,,,,
2021050900100017,2021년 5월 9일 02시,일요일,충청남도 예산군 덕산면,중상사고,0,1,1,0,차대차 - 측면충돌,기타,건조,맑음,교차로 - 교차로안,승용,남,63세,상해없음,승용,남,50세,중상
2021050900100018,2021년 5월 9일 02시,일요일,충청남도 당진시 수청동,중상사고,0,1,1,0,차대차 - 정면충돌,신호위반,건조,맑음,교차로 - 교차로안,승용,남,25세,상해없음,승용,남,29세,경상
2021050900100021,2021년 5월 9일 03시,일요일,충청남도 예산군 예산읍,경상사고,0,0,1,0,차대차 - 측면충돌,신호위반,건조,맑음,교차로 - 교차로안,승합,남,34세,기타불명,승용,남,58세,경상
2021050900100075,2021년 5월 9일 09시,일요일,충청남도 논산시 광석면,중상사고,0,1,0,0,차량단독 - 기타,안전운전불이행,건조,맑음,단일로 - 기타,화물,남,49세,상해없음,,,,
2021050900100076,2021년 5월 9일 09시,일요일,충청남도 서천군 장항읍,경상사고,0,0,1,0,차대차 - 정면충돌,불법유턴,건조,맑음,교차로 - 교차로안,자전거,남,66세,경상,승용,여,62세,상해없음
2021050900100160,2021년 5월 9일 12시,일요일,충청남도 서산시 성연면,경상사고,0,0,1,0,차대차 - 기타,중앙선침범,건조,맑음,단일로 - 기타,승용,여,49세,상해없음,이륜,남,33세,경상
2021050900100161,2021년 5월 9일 12시,일요일,충청남도 천안시 서북구 백석동,중상사고,0,1,0,0,차대차 - 측면충돌,안전운전불이행,건조,맑음,단일로 - 기타,이륜,남,40세,상해없음,자전거,남,82세,중상
2021050900100162,2021년 5월 9일 12시,일요일,충청남도 당진시 신평면,부상신고사고,0,0,0,1,차대차 - 기타,안전운전불이행,건조,맑음,교차로 - 교차로안,승용,여,32세,부상신고,승용,남,66세,상해없음
2021050900100163,2021년 5월 9일 12시,일요일,충청남도 논산시 연무읍,경상사고,0,0,2,0,차대차 - 추돌,안전거리미확보,건조,맑음,단일로 - 기타,승용,남,34세,상해없음,승용,남,22세,경상
2021050900100239,2021년 5월 9일 14시,일요일,충청남도 아산시 온천동,경상사고,0,0,2,0,차대차 - 추돌,안전운전불이행,건조,맑음,단일로 - 기타,승용,남,45세,상해없음,승용,남,48세,경상
2021050900100240,2021년 5월 9일 14시,일요일,충청남도 당진시 읍내동,사망사고,1,0,0,0,차대사람 - 기타,보행자보호의무위반,건조,맑음,교차로 - 교차로안,승용,여,57세,상해없음,보행자,남,57세,사망
2021050900100273,2021년 5월 9일 15시,일요일,충청남도 천안시 동남구 광덕면,부상신고사고,0,0,0,2,차대차 - 기타,안전운전불이행,건조,맑음,교차로 - 교차로안,승용,남,51세,상해없음,승용,남,37세,부상신고
2021050900100302,2021년 5월 9일 16시,일요일,충청남도 예산군 광시면,중상사고,0,1,1,0,차대차 - 측면충돌,신호위반,건조,맑음,교차로 - 교차로안,승용,남,58세,상해없음,승용,남,27세,중상
2021050900100303,2021년 5월 9일 16시,일요일,충청남도 당진시 합덕읍,중상사고,0,1,0,0,차대차 - 측면충돌,직진우회전진행방해,건조,맑음,교차로 - 교차로안,승용,여,58세,상해없음,이륜,남,80세,중상
2021050900100304,2021년 5월 9일 16시,일요일,충청남도 천안시 동남구 다가동,경상사고,0,0,2,0,차대차 - 기타,교차로운행방법위반,건조,맑음,교차로 - 교차로안,화물,남,55세,상해없음,승용,남,75세,경상
2021050900100305,2021년 5월 9일 16시,일요일,충청남도 천안시 동남구 신방동,경상사고,0,0,1,0,차대차 - 측면충돌,안전운전불이행,건조,맑음,단일로 - 기타,승용,여,56세,상해없음,승용,여,28세,상해없음
2021050900100354,2021년 5월 9일 17시,일요일,충청남도 공주시 정안면,경상사고,0,0,2,0,차대차 - 측면충돌,기타,건조,맑음,교차로 - 교차로안,승용,남,40세,상해없음,승용,남,33세,경상
2021050900100355,2021년 5월 9일 17시,일요일,충청남도 천안시 동남구 삼룡동,경상사고,0,0,2,0,차대차 - 추돌,안전운전불이행,건조,맑음,단일로 - 기타,승용,남,49세,상해없음,승용,남,27세,경상
2021050900100356,2021년 5월 9일 17시,일요일,충청남도 태안군 근흥면,중상사고,0,2,0,0,차대차 - 측면충돌,교차로운행방법위반,건조,맑음,교차로 - 교차로안,승용,여,53세,상해없음,승용,남,25세,중상
2021050900100385,2021년 5월 9일 18시,일요일,충청남도 예산군 오가면,중상사고,0,1,2,0,차대차 - 추돌,안전운전불이행,건조,맑음,교차로 - 교차로부근,화물,남,73세,상해없음,승용,남,41세,경상
2021050900100386,2021년 5월 9일 18시,일요일,충청남도 금산군 추부면,중상사고,0,4,1,0,차대차 - 추돌,안전운전불이행,건조,맑음,단일로 - 터널,승용,남,29세,상해없음,승용,남,18세,중상
2021050900100491,2021년 5월 9일 22시,일요일,충청남도 천안시 서북구 두정동,경상사고,0,0,1,0,차대차 - 추돌,안전운전불이행,건조,맑음,단일로 - 기타,승용,남,34세,상해없음,승용,남,42세,경상
2021051000100018,2021년 5월 10일 05시,월요일,충청남도 천안시 서북구 두정동,경상사고,0,0,2,0,차대차 - 측면충돌,안전운전불이행,건조,맑음,교차로 - 교차로안,승용,남,21세,경상,승용,남,24세,상해없음
2021051000100081,2021년 5월 10일 08시,월요일,충청남도 천안시 서북구 백석동,경상사고,0,0,1,0,차대차 - 기타,차로위반,젖음/습기,비,단일로 - 기타,승용,남,29세,상해없음,승용,여,30세,경상
2021051000100082,2021년 5월 10일 08시,월요일,충청남도 아산시 신인동,경상사고,0,0,1,0,차대차 - 추돌,안전운전불이행,젖음/습기,비,단일로 - 기타,승용,여,36세,상해없음,승용,남,49세,경상
2021051000100083,2021년 5월 10일 08시,월요일,충청남도 공주시 산성동,중상사고,0,1,0,0,차대차 - 측면충돌,안전운전불이행,젖음/습기,비,교차로 - 교차로안,승용,남,70세,상해없음,승용,여,66세,중상
2021051000100112,2021년 5월 10일 09시,월요일,충청남도 서산시 해미면,경상사고,0,0,1,0,차대차 - 측면충돌,중앙선침범,젖음/습기,비,교차로 - 교차로안,승용,여,42세,상해없음,승용,여,45세,경상
2021051000100160,2021년 5월 10일 11시,월요일,충청남도 공주시 신관동,경상사고,0,0,1,0,차대차 - 측면충돌,직진우회전진행방해,젖음/습기,비,교차로 - 교차로안,승용,여,49세,기타불명,승용,여,69세,경상
2021051000100161,2021년 5월 10일 11시,월요일,충청남도 천안시 동남구 신부동,경상사고,0,0,1,0,차대차 - 추돌,안전운전불이행,젖음/습기,비,단일로 - 기타,화물,남,65세,상해없음,승용,남,52세,경상
2021051000100189,2021년 5월 10일 12시,월요일,충청남도 천안시 서북구 두정동,경상사고,0,0,1,0,차대차 - 추돌,안전운전불이행,젖음/습기,비,교차로 - 교차로안,승용,남,22세,상해없음,승용,여,32세,경상
2021051000100221,2021년 5월 10일 13시,월요일,충청남도 서산시 예천동,경상사고,0,0,1,0,차대차 - 측면충돌,불법유턴,젖음/습기,비,교차로 - 교차로부근,승용,여,46세,상해없음,이륜,남,49세,경상
2021051000100254,2021년 5월 10일 14시,월요일,충청남도 서산시 지곡면,경상사고,0,0,1,0,차대차 - 추돌,안전운전불이행,젖음/습기,비,교차로 - 교차로안,화물,남,49세,상해없음,화물,남,42세,경상
2021051000100297,2021년 5월 10일 15시,월요일,충청남도 천안시 서북구 직산읍,중상사고,0,1,0,0,차대차 - 기타,안전운전불이행,젖음/습기,비,교차로 - 교차로안,승용,여,40세,상해없음,승용,여,28세,중상
2021051000100374,2021년 5월 10일 17시,월요일,충청남도 천안시 동남구 신부동,경상사고,0,0,1,0,차대차 - 측면충돌,직진우회전진행방해,건조,맑음,교차로 - 교차로안,승용,여,57세,상해없음,승용,여,39세,경상
2021051000100404,2021년 5월 10일 18시,월요일,충청남도 논산시 취암동,경상사고,0,0,1,0,차대사람 - 횡단중,안전운전불이행,건조,맑음,교차로 - 교차로부근,이륜,남,18세,상해없음,보행자,여,58세,경상
2021051000100443,2021년 5월 10일 19시,월요일,충청남도 홍성군 홍성읍,경상사고,0,0,2,0,차대차 - 측면충돌,신호위반,건조,맑음,교차로 - 교차로안,화물,남,31세,상해없음,승용,남,49세,경상
2021051000100483,2021년 5월 10일 20시,월요일,충청남도 아산시 둔포면,경상사고,0,0,2,0,차대차 - 기타,신호위반,건조,맑음,교차로 - 교차로안,승용,남,24세,경상,승용,여,41세,경상
2021051000100484,2021년 5월 10일 20시,월요일,충청남도 천안시 동남구 다가동,경상사고,0,0,1,0,차대사람 - 차도통행중,안전운전불이행,건조,맑음,단일로 - 지하차도(도로)내,승용,남,46세,상해없음,보행자,남,62세,경상
2021051100100021,2021년 5월 11일 02시,화요일,충청남도 부여군 구룡면,경상사고,0,0,2,0,차대차 - 기타,안전운전불이행,젖음/습기,비,단일로 - 기타,화물,남,50세,상해없음,승용,여,52세,경상
2021051100100055,2021년 5월 11일 06시,화요일,충청남도 예산군 예산읍,사망사고,1,2,1,0,차대차 - 추돌,기타,젖음/습기,흐림,교차로 - 교차로안,승용,남,60세,사망,화물,남,54세,중상
2021051100100075,2021년 5월 11일 07시,화요일,충청남도 서산시 고북면,경상사고,0,0,1,0,차대차 - 측면충돌,직진우회전진행방해,건조,맑음,교차로 - 교차로안,이륜,남,71세,경상,승용,여,47세,상해없음
2021051100100076,2021년 5월 11일 07시,화요일,충청남도 아산시 염치읍,중상사고,0,1,0,0,차량단독 - 기타,기타,건조,맑음,단일로 - 기타,승합,남,66세,상해없음,,,,
2021051100100077,2021년 5월 11일 07시,화요일,충청남도 당진시 합덕읍,중상사고,0,1,0,0,차대차 - 추돌,안전거리미확보,건조,맑음,단일로 - 기타,승용,남,65세,상해없음,화물,남,25세,중상
2021051100100078,2021년 5월 11일 07시,화요일,충청남도 당진시 순성면,경상사고,0,0,1,0,차대차 - 기타,안전운전불이행,건조,맑음,교차로 - 교차로안,승합,남,28세,상해없음,화물,남,53세,경상
2021051100100116,2021년 5월 11일 08시,화요일,충청남도 청양군 남양면,경상사고,0,0,4,0,차대차 - 추돌,안전운전불이행,젖음/습기,비,교차로 - 교차로부근,승합,남,59세,상해없음,승용,여,42세,경상
2021051100100156,2021년 5월 11일 09시,화요일,충청남도 당진시 채운동,경상사고,0,0,1,0,차대차 - 기타,교차로운행방법위반,건조,맑음,기타 - 기타,화물,남,71세,상해없음,승용,남,49세,경상
2021051100100191,2021년 5월 11일 10시,화요일,충청남도 홍성군 홍동면,경상사고,0,0,1,0,차대차 - 기타,중앙선침범,건조,맑음,단일로 - 기타,승용,남,39세,상해없음,화물,남,52세,경상
2021051100100254,2021년 5월 11일 12시,화요일,충청남도 천안시 서북구 쌍용동,경상사고,0,0,1,0,차대사람 - 길가장자리구역통행중,안전운전불이행,건조,맑음,단일로 - 기타,승용,여,62세,상해없음,보행자,남,82세,경상
2021051100100255,2021년 5월 11일 12시,화요일,충청남도 홍성군 홍성읍,경상사고,0,0,1,0,차대차 - 측면충돌,신호위반,건조,맑음,교차로 - 교차로안,화물,남,70세,상해없음,화물,남,49세,경상
2021051100100256,2021년 5월 11일 12시,화요일,충청남도 서천군 장항읍,경상사고,0,0,1,0,차대차 - 측면충돌,직진우회전진행방해,건조,맑음,교차로 - 교차로안,승용,남,20세,상해없음,화물,남,58세,경상
2021051100100339,2021년 5월 11일 14시,화요일,충청남도 논산시 강경읍,중상사고,0,1,0,0,차대사람 - 차도통행중,안전운전불이행,건조,맑음,단일로 - 기타,승용,남,61세,상해없음,보행자,여,83세,중상
2021051100100340,2021년 5월 11일 14시,화요일,충청남도 아산시 송악면,중상사고,0,1,0,0,차대사람 - 횡단중,안전운전불이행,건조,맑음,교차로 - 교차로안,화물,남,57세,상해없음,보행자,남,78세,중상
2021051100100341,2021년 5월 11일 14시,화요일,충청남도 공주시 반포면,경상사고,0,0,4,0,차대차 - 측면충돌,신호위반,건조,맑음,교차로 - 교차로안,승용,남,56세,상해없음,승용,남,40세,경상
2021051100100422,2021년 5월 11일 16시,화요일,충청남도 아산시 배방읍,경상사고,0,0,1,0,차대차 - 기타,안전거리미확보,건조,맑음,단일로 - 기타,승용,남,69세,기타불명,승용,여,52세,경상
2021051100100423,2021년 5월 11일 16시,화요일,충청남도 천안시 동남구 안서동,경상사고,0,0,1,0,차대차 - 측면충돌,불법유턴,건조,맑음,기타 - 기타,화물,남,53세,상해없음,승용,남,57세,경상
2021051100100462,2021년 5월 11일 17시,화요일,충청남도 당진시 읍내동,경상사고,0,0,1,0,차대차 - 기타,교차로운행방법위반,건조,맑음,교차로 - 교차로안,승용,남,29세,상해없음,승용,남,76세,경상
2021051100100541,2021년 5월 11일 19시,화요일,충청남도 천안시 동남구 청당동,중상사고,0,1,0,0,차대사람 - 횡단중,보행자보호의무위반,건조,맑음,교차로 - 교차로횡단보도내,승용,남,41세,상해없음,보행자,남,43세,중상
2021051100100580,2021년 5월 11일 20시,화요일,충청남도 태안군 태안읍,부상신고사고,0,0,0,1,차량단독 - 전도전복 - 전도,안전운전불이행,건조,맑음,단일로 - 기타,이륜,남,70세,부상신고,,,,
2021051100100606,2021년 5월 11일 21시,화요일,충청남도 천안시 서북구 성성동,경상사고,0,0,1,0,차대차 - 정면충돌,중앙선침범,건조,기타,단일로 - 기타,승용,남,48세,상해없음,자전거,남,21세,경상
2021051100100607,2021년 5월 11일 21시,화요일,충청남도 아산시 방축동,중상사고,0,1,0,0,차대차 - 기타,신호위반,건조,맑음,교차로 - 교차로안,승용,여,56세,기타불명,승용,여,48세,중상
2021051200100006,2021년 5월 12일 00시,수요일,충청남도 당진시 석문면,사망사고,1,0,1,0,차대차 - 기타,신호위반,건조,맑음,교차로 - 교차로안,승합,남,52세,상해없음,승용,남,30세,사망