사고번호,사고일시,요일,시군구,사고내용,사망자수,중상자수,경상자수,부상신고자수,사고유형,법규위반,노면상태,기상상태,도로형태,가해운전자 차종,가해운전자 성별,가해운전자 연령,가해운전자 상해정도,피해운전자 차종,피해운전자 성별,피해운전자 연령,피해운전자 상해정도
2021051700100171,2021년 5월 17일 11시,월요일,충청남도 천안시 서북구 직산읍,경상사고,0,0,1,0,차대차 - 측면충돌,중앙선침범,젖음/습기,흐림,단일로 - 기타,화물,남,55세,상해없음,승용,남,62세,경상
2021051700100172,2021년 5월 17일 11시,월요일,충청남도 천안시 동남구 신방동,경상사고,0,0,1,0,차대차 - 측면충돌,차로위반,건조,맑음,단일로 - 기타,승용,여,45세,상해없음,승용,남,28세,경상
2021051700100193,2021년 5월 17일 12시,월요일,충청남도 천안시 서북구 성정동,경상사고,0,0,1,0,차대차 - 측면충돌,직진우회전진행방해,젖음/습기,비,교차로 - 교차로안,승용,남,21세,상해없음,이륜,남,34세,경상
2021051700100226,2021년 5월 17일 13시,월요일,충청남도 천안시 서북구 성환읍,경상사고,0,0,1,0,차대차 - 기타,안전거리미확보,젖음/습기,비,단일로 - 기타,화물,남,71세,상해없음,승용,여,45세,경상
2021051700100227,2021년 5월 17일 13시,월요일,충청남도 당진시 읍내동,경상사고,0,0,1,0,차대차 - 정면충돌,신호위반,젖음/습기,비,교차로 - 교차로안,승용,남,87세,상해없음,승용,여,26세,경상
2021051700100252,2021년 5월 17일 14시,월요일,충청남도 아산시 도고면,경상사고,0,0,3,0,차대차 - 측면충돌,안전운전불이행,젖음/습기,비,단일로 - 기타,화물,남,60세,상해없음,승용,여,38세,경상
2021051700100288,2021년 5월 17일 15시,월요일,충청남도 홍성군 홍북읍,중상사고,0,1,0,0,차대사람 - 횡단중,보행자보호의무위반,젖음/습기,맑음,단일로 - 기타,승용,남,37세,상해없음,보행자,남,15세,중상
2021051700100289,2021년 5월 17일 15시,월요일,충청남도 홍성군 홍북읍,경상사고,0,0,2,0,차대차 - 기타,안전운전불이행,건조,맑음,교차로 - 교차로부근,승용,남,65세,상해없음,승용,여,48세,경상
2021051700100290,2021년 5월 17일 15시,월요일,충청남도 공주시 봉황동,경상사고,0,0,1,0,차대차 - 후진중충돌,안전운전불이행,젖음/습기,비,주차장 - 주차장,화물,남,43세,상해없음,승용,여,54세,경상
2021051700100354,2021년 5월 17일 17시,월요일,충청남도 천안시 서북구 불당동,경상사고,0,0,3,0,차대차 - 추돌,안전운전불이행,젖음/습기,흐림,단일로 - 기타,승용,여,44세,상해없음,특수,남,58세,경상
2021051700100355,2021년 5월 17일 17시,월요일,충청남도 공주시 상왕동,경상사고,0,0,2,0,차대차 - 정면충돌,중앙선침범,젖음/습기,비,단일로 - 기타,승용,여,56세,경상,승용,여,56세,경상
2021051700100400,2021년 5월 17일 18시,월요일,충청남도 천안시 서북구 쌍용동,경상사고,0,0,2,0,차대차 - 기타,신호위반,건조,맑음,교차로 - 교차로안,이륜,남,19세,경상,이륜,남,46세,경상
2021051700100492,2021년 5월 17일 21시,월요일,충청남도 천안시 서북구 성거읍,경상사고,0,0,1,0,차대차 - 기타,안전운전불이행,젖음/습기,흐림,교차로 - 교차로안,승용,남,40세,기타불명,승용,남,52세,경상
2021051700100493,2021년 5월 17일 21시,월요일,충청남도 아산시 모종동,중상사고,0,1,0,0,차대차 - 기타,안전운전불이행,건조,맑음,교차로 - 교차로안,이륜,남,17세,상해없음,승용,남,28세,중상
2021051700100494,2021년 5월 17일 21시,월요일,충청남도 당진시 합덕읍,경상사고,0,0,1,0,차대차 - 추돌,안전거리미확보,건조,맑음,단일로 - 기타,승용,남,43세,상해없음,승용,남,45세,경상
2021051700100520,2021년 5월 17일 22시,월요일,충청남도 천안시 서북구 불당동,경상사고,0,0,2,0,차대차 - 추돌,안전운전불이행,건조,맑음,단일로 - 기타,승용,남,28세,기타불명,승용,남,48세,경상
2021051700100538,2021년 5월 17일 23시,월요일,충청남도 천안시 서북구 백석동,경상사고,0,0,3,0,차대차 - 기타,안전운전불이행,건조,맑음,교차로 - 교차로안,화물,남,51세,경상,원동기,남,48세,경상
2021051800100081,2021년 5월 18일 08시,화요일,충청남도 서산시 동문동,중상사고,0,1,0,0,차대사람 - 기타,안전운전불이행,건조,맑음,교차로 - 교차로안,승합,남,45세,상해없음,보행자,여,84세,중상
2021051800100082,2021년 5월 18일 08시,화요일,충청남도 천안시 서북구 성정동,중상사고,0,1,0,0,차대사람 - 기타,안전운전불이행,건조,맑음,단일로 - 기타,승용,여,54세,상해없음,보행자,여,65세,중상
2021051800100112,2021년 5월 18일 09시,화요일,충청남도 서산시 음암면,경상사고,0,0,1,0,차대차 - 추돌,안전운전불이행,건조,맑음,단일로 - 기타,승용,여,36세,상해없음,승용,여,45세,경상
2021051800100113,2021년 5월 18일 09시,화요일,충청남도 보령시 성주면,중상사고,0,1,1,0,차대차 - 측면충돌,안전운전불이행,건조,맑음,단일로 - 기타,승용,남,67세,중상,승용,남,61세,경상
2021051800100114,2021년 5월 18일 09시,화요일,충청남도 청양군 목면,중상사고,0,1,0,0,차대차 - 측면충돌,기타,건조,맑음,교차로 - 교차로안,승용,남,60세,상해없음,화물,여,60세,중상
2021051800100139,2021년 5월 18일 10시,화요일,충청남도 천안시 서북구 불당동,경상사고,0,0,1,0,차대차 - 측면충돌,교차로운행방법위반,건조,맑음,교차로 - 교차로안,승용,남,53세,상해없음,이륜,남,56세,경상
2021051800100140,2021년 5월 18일 10시,화요일,충청남도 논산시 성동면,중상사고,0,1,1,0,차대차 - 측면충돌,중앙선침범,건조,맑음,단일로 - 기타,화물,남,73세,경상,화물,남,60세,중상
2021051800100141,2021년 5월 18일 10시,화요일,충청남도 당진시 석문면,경상사고,0,0,1,0,차대차 - 측면충돌,신호위반,건조,맑음,교차로 - 교차로안,승용,남,30세,상해없음,승용,남,68세,경상
2021051800100160,2021년 5월 18일 11시,화요일,충청남도 서천군 마서면,경상사고,0,0,2,0,차대차 - 측면충돌,안전거리미확보,건조,맑음,단일로 - 기타,화물,남,59세,상해없음,승용,여,49세,경상
2021051800100187,2021년 5월 18일 12시,화요일,충청남도 천안시 서북구 두정동,중상사고,0,1,0,0,차대사람 - 횡단중,보행자보호의무위반,건조,맑음,교차로 - 교차로안,승용,남,51세,상해없음,보행자,여,53세,중상
2021051800100188,2021년 5월 18일 12시,화요일,충청남도 보령시 동대동,중상사고,0,1,0,0,차대사람 - 차도통행중,안전운전불이행,건조,맑음,단일로 - 기타,이륜,남,17세,상해없음,보행자,여,63세,중상
2021051800100223,2021년 5월 18일 13시,화요일,충청남도 아산시 온천동,중상사고,0,1,0,0,차량단독 - 기타,안전운전불이행,건조,맑음,단일로 - 기타,승합,남,54세,상해없음,,,,
2021051800100257,2021년 5월 18일 14시,화요일,충청남도 천안시 동남구 다가동,중상사고,0,1,0,0,차대차 - 기타,신호위반,건조,맑음,교차로 - 교차로안,승용,남,23세,상해없음,이륜,남,68세,중상
2021051800100307,2021년 5월 18일 15시,화요일,충청남도 아산시 온천동,경상사고,0,0,2,0,차대차 - 기타,안전운전불이행,건조,맑음,단일로 - 기타,승용,남,64세,상해없음,승용,여,50세,경상
2021051800100308,2021년 5월 18일 15시,화요일,충청남도 당진시 원당동,경상사고,0,0,1,0,차대차 - 측면충돌,안전운전불이행,건조,맑음,교차로 - 교차로횡단보도내,승용,남,24세,상해없음,자전거,남,83세,경상
2021051800100309,2021년 5월 18일 15시,화요일,충청남도 천안시 동남구 원성동,중상사고,0,1,0,0,차대차 - 기타,신호위반,건조,맑음,교차로 - 교차로안,승용,여,58세,상해없음,승용,여,54세,중상
2021051800100351,2021년 5월 18일 16시,화요일,충청남도 서산시 잠홍동,부상신고사고,0,0,0,2,차대차 - 추돌,안전운전불이행,건조,맑음,교차로 - 교차로부근,승용,남,52세,상해없음,승용,여,40세,부상신고
2021051800100352,2021년 5월 18일 16시,화요일,충청남도 천안시 서북구 불당동,경상사고,0,0,1,0,차대차 - 기타,안전운전불이행,건조,맑음,단일로 - 기타,승용,여,19세,상해없음,승용,여,38세,경상
2021051800100398,2021년 5월 18일 17시,화요일,충청남도 천안시 동남구 구성동,경상사고,0,0,1,0,차대사람 - 횡단중,보행자보호의무위반,건조,맑음,교차로 - 교차로안,승용,남,24세,상해없음,보행자,여,73세,경상
2021051800100440,2021년 5월 18일 18시,화요일,충청남도 아산시 둔포면,경상사고,0,0,1,0,차대차 - 측면충돌,차로위반,건조,맑음,단일로 - 기타,승용,남,35세,상해없음,승용,남,22세,경상
2021051800100522,2021년 5월 18일 20시,화요일,충청남도 당진시 원당동,경상사고,0,0,1,0,차대차 - 측면충돌,중앙선침범,건조,맑음,단일로 - 기타,승용,여,20세,상해없음,이륜,남,35세,경상
2021051800100523,2021년 5월 18일 20시,화요일,충청남도 태안군 태안읍,경상사고,0,0,1,0,차대차 - 정면충돌,직진우회전진행방해,건조,맑음,교차로 - 교차로안,승용,여,28세,상해없음,자전거,남,13세,경상
2021051800100561,2021년 5월 18일 21시,화요일,충청남도 천안시 서북구 직산읍,부상신고사고,0,0,0,2,차대차 - 기타,안전운전불이행,건조,맑음,교차로 - 교차로안,화물,남,56세,상해없음,승용,여,53세,부상신고
2021051800100586,2021년 5월 18일 22시,화요일,충청남도 아산시 둔포면,경상사고,0,0,2,0,차대차 - 측면충돌,교차로운행방법위반,건조,맑음,교차로 - 교차로안,이륜,남,41세,경상,승용,남,41세,경상
2021051900100017,2021년 5월 19일 01시,수요일,충청남도 홍성군 홍북읍,중상사고,0,3,1,0,차대차 - 측면충돌,신호위반,건조,맑음,교차로 - 교차로안,승용,남,34세,경상,승용,남,18세,중상
2021051900100037,2021년 5월 19일 03시,수요일,충청남도 당진시 읍내동,경상사고,0,0,1,0,차대차 - 측면충돌,중앙선침범,건조,맑음,교차로 - 교차로안,승용,남,19세,상해없음,승용,남,26세,경상
2021051900100038,2021년 5월 19일 03시,수요일,충청남도 천안시 동남구 안서동,경상사고,0,0,2,0,차대사람 - 횡단중,신호위반,건조,맑음,교차로 - 교차로안,승용,여,67세,상해없음,보행자,남,20세,경상
2021051900100053,2021년 5월 19일 06시,수요일,충청남도 서산시 대산읍,중상사고,0,1,1,0,차대차 - 측면충돌,교차로운행방법위반,건조,맑음,교차로 - 교차로안,승합,남,47세,상해없음,이륜,남,39세,중상
2021051900100054,2021년 5월 19일 06시,수요일,충청남도 아산시 영인면,중상사고,0,1,0,0,차대차 - 추돌,안전운전불이행,건조,맑음,단일로 - 기타,승용,남,41세,상해없음,승용,남,52세,중상
2021051900100081,2021년 5월 19일 08시,수요일,충청남도 아산시 온천동,경상사고,0,0,2,0,차대차 - 추돌,안전운전불이행,건조,맑음,단일로 - 기타,승합,남,42세,상해없음,승용,남,38세,경상
2021051900100135,2021년 5월 19일 10시,수요일,충청남도 천안시 서북구 불당동,경상사고,0,0,1,0,차대차 - 기타,안전운전불이행,건조,맑음,교차로 - 교차로안,승용,남,26세,상해없음,자전거,남,13세,경상
2021051900100167,2021년 5월 19일 11시,수요일,충청남도 보령시 내항동,사망사고,1,0,0,0,차대차 - 기타,기타,건조,맑음,교차로 - 교차로안,이륜,남,44세,사망,승용,남,27세,상해없음
2021051900100168,2021년 5월 19일 11시,수요일,충청남도 태안군 근흥면,중상사고,0,1,2,0,차대차 - 추돌,안전운전불이행,건조,맑음,단일로 - 기타,승용,남,72세,상해없음,승용,남,57세,중상
2021051900100208,2021년 5월 19일 12시,수요일,충청남도 천안시 동남구 목천읍,중상사고,0,1,0,0,차대차 - 추돌,안전거리미확보,건조,맑음,단일로 - 기타,건설기계,남,42세,상해없음,승용,여,46세,중상
2021051900100281,2021년 5월 19일 14시,수요일,충청남도 논산시 성동면,중상사고,0,1,0,0,차량단독 - 도로외이탈 - 추락,안전운전불이행,건조,맑음,교차로 - 교차로부근,농기계,남,58세,중상,,,,
2021051900100340,2021년 5월 19일 16시,수요일,충청남도 아산시 배방읍,경상사고,0,0,1,0,차대차 - 추돌,안전운전불이행,건조,맑음,단일로 - 기타,승용,남,43세,상해없음,승용,남,33세,경상
2021051900100341,2021년 5월 19일 16시,수요일,충청남도 보령시 오천면,경상사고,0,0,1,0,차대차 - 기타,신호위반,건조,맑음,단일로 - 기타,승용,남,21세,상해없음,승용,여,43세,경상
2021051900100342,2021년 5월 19일 16시,수요일,충청남도 예산군 봉산면,경상사고,0,0,7,0,차대차 - 추돌,안전운전불이행,건조,맑음,교차로 - 교차로부근,승용,남,65세,상해없음,승용,여,34세,경상
2021051900100387,2021년 5월 19일 17시,수요일,충청남도 아산시 인주면,경상사고,0,0,1,0,차대사람 - 기타,안전운전불이행,건조,맑음,단일로 - 기타,승용,남,73세,상해없음,보행자,남,44세,경상
2021051900100428,2021년 5월 19일 18시,수요일,충청남도 천안시 서북구 차암동,중상사고,0,1,0,0,차대차 - 측면충돌,중앙선침범,건조,맑음,교차로 - 교차로부근,승용,여,50세,상해없음,이륜,남,48세,중상
2021051900100429,2021년 5월 19일 18시,수요일,충청남도 천안시 서북구 쌍용동,경상사고,0,0,2,0,차대차 - 기타,안전운전불이행,건조,맑음,단일로 - 기타,승용,여,28세,상해없음,승용,여,19세,경상
2021051900100503,2021년 5월 19일 21시,수요일,충청남도 공주시 태봉동,경상사고,0,0,1,0,차대차 - 추돌,안전운전불이행,건조,맑음,교차로 - 교차로부근,승용,남,26세,기타불명,승용,여,66세,경상
2021051900100535,2021년 5월 19일 23시,수요일,충청남도 서산시 읍내동,경상사고,0,0,1,0,차대차 - 측면충돌,신호위반,건조,맑음,교차로 - 교차로안,승용,남,65세,상해없음,승용,남,22세,경상
2021052000100024,2021년 5월 20일 05시,목요일,충청남도 당진시 시곡동,경상사고,0,0,1,0,차대차 - 추돌,안전거리미확보,건조,맑음,단일로 - 기타,화물,남,35세,상해없음,승용,남,24세,경상
2021052000100050,2021년 5월 20일 07시,목요일,충청남도 계룡시 엄사면,경상사고,0,0,2,0,차대차 - 측면충돌,신호위반,젖음/습기,비,교차로 - 교차로안,승용,여,27세,경상,승용,여,45세,경상
2021052000100051,2021년 5월 20일 07시,목요일,충청남도 부여군 부여읍,중상사고,0,1,0,0,차대차 - 측면충돌,교차로운행방법위반,건조,맑음,교차로 - 교차로안,이륜,여,70세,중상,승용,남,56세,상해없음
2021052000100100,2021년 5월 20일 09시,목요일,충청남도 천안시 서북구 쌍용동,경상사고,0,0,1,0,차대사람 - 기타,안전운전불이행,건조,맑음,교차로 - 교차로안,승용,남,45세,기타불명,보행자,여,24세,경상
2021052000100101,2021년 5월 20일 09시,목요일,충청남도 서천군 서천읍,경상사고,0,0,2,0,차대차 - 측면충돌,안전운전불이행,건조,맑음,주차장 - 주차장,승용,여,37세,경상,승용,여,38세,경상
2021052000100126,2021년 5월 20일 10시,목요일,충청남도 천안시 동남구 봉명동,경상사고,0,0,1,0,차대차 - 후진중충돌,안전운전불이행,건조,맑음,단일로 - 기타,승용,여,52세,상해없음,승용,남,38세,경상
2021052000100149,2021년 5월 20일 11시,목요일,충청남도 천안시 서북구 두정동,경상사고,0,0,1,0,차대차 - 측면충돌,신호위반,건조,흐림,교차로 - 교차로부근,승용,남,57세,상해없음,승용,남,32세,경상
2021052000100150,2021년 5월 20일 11시,목요일,충청남도 논산시 양촌면,경상사고,0,0,2,0,차대차 - 측면충돌,교차로운행방법위반,젖음/습기,비,교차로 - 교차로안,화물,남,68세,경상,승용,여,51세,경상
2021052000100151,2021년 5월 20일 11시,목요일,충청남도 공주시 의당면,경상사고,0,0,2,0,차대차 - 측면충돌,신호위반,젖음/습기,비,교차로 - 교차로안,승용,남,22세,상해없음,승용,남,50세,경상
2021052000100152,2021년 5월 20일 11시,목요일,충청남도 당진시 신평면,경상사고,0,0,1,0,차대차 - 기타,안전운전불이행,건조,맑음,기타 - 기타,승용,여,45세,상해없음,승용,여,66세,경상
2021052000100153,2021년 5월 20일 11시,목요일,충청남도 천안시 동남구 삼룡동,중상사고,0,1,0,0,차대차 - 측면충돌,교차로운행방법위반,젖음/습기,비,교차로 - 교차로안,화물,남,58세,상해없음,이륜,남,26세,중상
2021052000100182,2021년 5월 20일 12시,목요일,충청남도 공주시 의당면,경상사고,0,0,1,0,차대차 - 측면충돌,직진우회전진행방해,젖음/습기,비,교차로 - 교차로안,승용,남,54세,상해없음,자전거,남,55세,경상
2021052000100217,2021년 5월 20일 13시,목요일,충청남도 보령시 대천동,중상사고,0,1,0,0,차대차 - 측면충돌,직진우회전진행방해,젖음/습기,비,교차로 - 교차로안,화물,남,62세,상해없음,이륜,남,64세,중상
2021052000100218,2021년 5월 20일 13시,목요일,충청남도 천안시 서북구 성거읍,경상사고,0,0,4,0,차대차 - 추돌,안전운전불이행,젖음/습기,비,기타 - 기타,승용,남,43세,상해없음,승용,남,28세,경상
2021052000100249,2021년 5월 20일 14시,목요일,충청남도 보령시 신흑동,경상사고,0,0,2,0,차대차 - 추돌,안전운전불이행,젖음/습기,비,단일로 - 기타,승용,남,33세,상해없음,승용,여,31세,경상
2021052000100250,2021년 5월 20일 14시,목요일,충청남도 보령시 남포면,경상사고,0,0,1,0,차대차 - 추돌,안전운전불이행,젖음/습기,비,교차로 - 교차로부근,화물,남,65세,상해없음,승용,남,32세,경상
2021052000100251,2021년 5월 20일 14시,목요일,충청남도 천안시 동남구 안서동,경상사고,0,0,1,0,차대사람 - 횡단중,보행자보호의무위반,젖음/습기,비,단일로 - 기타,승용,남,52세,상해없음,보행자,여,24세,경상
2021052000100275,2021년 5월 20일 15시,목요일,충청남도 천안시 동남구 신부동,중상사고,0,1,0,0,차대차 - 정면충돌,교차로운행방법위반,젖음/습기,흐림,교차로 - 교차로안,화물,남,49세,상해없음,이륜,남,26세,중상
2021052000100302,2021년 5월 20일 16시,목요일,충청남도 보령시 죽정동,중상사고,0,1,1,0,차대차 - 측면충돌,안전거리미확보,젖음/습기,비,교차로 - 교차로부근,승용,여,63세,경상,승용,여,38세,중상
2021052000100352,2021년 5월 20일 17시,목요일,충청남도 서천군 장항읍,경상사고,0,0,1,0,차대차 - 정면충돌,중앙선침범,젖음/습기,비,단일로 - 기타,승용,남,67세,상해없음,승용,남,36세,경상
2021052000100378,2021년 5월 20일 18시,목요일,충청남도 천안시 서북구 쌍용동,경상사고,0,0,1,0,차량단독 - 기타,안전운전불이행,젖음/습기,비,단일로 - 기타,승합,남,60세,상해없음,,,,
2021052000100379,2021년 5월 20일 18시,목요일,충청남도 당진시 송악읍,경상사고,0,0,2,0,차대차 - 기타,교차로운행방법위반,젖음/습기,비,교차로 - 교차로안,승용,여,53세,상해없음,승용,여,57세,경상
2021052000100380,2021년 5월 20일 18시,목요일,충청남도 천안시 동남구 목천읍,중상사고,0,1,0,0,차대사람 - 횡단중,기타,젖음/습기,비,단일로 - 기타,승용,여,30세,상해없음,보행자,여,47세,중상
2021052000100504,2021년 5월 20일 21시,목요일,충청남도 천안시 동남구 성황동,중상사고,0,1,1,0,차대차 - 측면충돌,신호위반,젖음/습기,비,단일로 - 기타,승용,여,49세,상해없음,승합,남,50세,경상
2021052000100505,2021년 5월 20일 21시,목요일,충청남도 천안시 동남구 성남면,사망사고,1,0,0,0,차량단독 - 도로외이탈 - 추락,안전운전불이행,젖음/습기,비,단일로 - 기타,승용,남,56세,사망,,,,
2021052000100565,2021년 5월 20일 23시,목요일,충청남도 아산시 배방읍,경상사고,0,0,1,0,차대차 - 추돌,안전운전불이행,젖음/습기,비,단일로 - 교량,승용,남,43세,상해없음,승용,여,32세,경상
2021052100100015,2021년 5월 21일 01시,금요일,충청남도 천안시 서북구 두정동,경상사고,0,0,1,0,차량단독 - 공작물충돌,안전운전불이행,젖음/습기,비,단일로 - 기타,승용,남,24세,상해없음,,,,
2021052100100032,2021년 5월 21일 05시,금요일,충청남도 천안시 서북구 직산읍,경상사고,0,0,1,0,차대차 - 정면충돌,신호위반,젖음/습기,기타,교차로 - 교차로안,승용,기타불명,미분류,기타불명,승용,남,49세,경상
2021052100100049,2021년 5월 21일 07시,금요일,충청남도 아산시 선장면,경상사고,0,0,1,0,차대차 - 기타,중앙선침범,젖음/습기,맑음,단일로 - 기타,승용,남,39세,상해없음,화물,남,32세,경상
2021052100100050,2021년 5월 21일 07시,금요일,충청남도 아산시 둔포면,경상사고,0,0,1,0,차대차 - 측면충돌,직진우회전진행방해,젖음/습기,비,교차로 - 교차로안,승용,남,59세,상해없음,승용,여,47세,경상
2021052100100081,2021년 5월 21일 08시,금요일,충청남도 서산시 음암면,경상사고,0,0,1,0,차량단독 - 전도전복 - 전도,안전운전불이행,젖음/습기,비,단일로 - 기타,이륜,남,88세,경상,,,,
2021052100100115,2021년 5월 21일 09시,금요일,충청남도 아산시 배방읍,경상사고,0,0,2,0,차대차 - 추돌,안전운전불이행,젖음/습기,비,단일로 - 기타,승용,남,58세,상해없음,승용,여,42세,경상
2021052100100116,2021년 5월 21일 09시,금요일,충청남도 아산시 배방읍,경상사고,0,0,1,0,차대차 - 기타,안전운전불이행,건조,맑음,단일로 - 기타,승용,여,29세,상해없음,승용,남,44세,경상
2021052100100164,2021년 5월 21일 11시,금요일,충청남도 천안시 서북구 성정동,경상사고,0,0,1,0,차대차 - 기타,신호위반,젖음/습기,안개,교차로 - 교차로안,승용,남,46세,상해없음,이륜,남,40세,경상
2021052100100222,2021년 5월 21일 13시,금요일,충청남도 논산시 반월동,중상사고,0,1,0,0,차대사람 - 횡단중,보행자보호의무위반,건조,맑음,교차로 - 교차로횡단보도내,승용,여,61세,상해없음,보행자,여,74세,중상
2021052100100223,2021년 5월 21일 13시,금요일,충청남도 아산시 탕정면,중상사고,0,1,0,0,차대사람 - 횡단중,안전운전불이행,건조,흐림,단일로 - 기타,승용,남,40세,상해없음,보행자,남,11세,중상
2021052100100224,2021년 5월 21일 13시,금요일,충청남도 당진시 읍내동,중상사고,0,1,0,0,차대사람 - 횡단중,안전운전불이행,건조,맑음,단일로 - 기타,이륜,남,35세,상해없음,보행자,여,58세,중상
2021052100100264,2021년 5월 21일 14시,금요일,충청남도 서산시 지곡면,중상사고,0,1,0,0,차대차 - 정면충돌,안전운전불이행,젖음/습기,비,단일로 - 기타,승용,남,70세,상해없음,승용,여,49세,중상
2021052100100265,2021년 5월 21일 14시,금요일,충청남도 서천군 서천읍,경상사고,0,0,1,0,차대차 - 측면충돌,안전운전불이행,건조,맑음,단일로 - 기타,이륜,남,76세,경상,승용,여,70세,상해없음
2021052100100266,2021년 5월 21일 14시,금요일,충청남도 공주시 신관동,중상사고,0,1,0,0,차대사람 - 횡단중,보행자보호의무위반,건조,맑음,교차로 - 교차로안,화물,남,62세,상해없음,보행자,남,56세,중상
2021052100100267,2021년 5월 21일 14시,금요일,충청남도 태안군 태안읍,경상사고,0,0,1,0,차대차 - 기타,불법유턴,젖음/습기,흐림,교차로 - 교차로안,화물,여,59세,상해없음,승용,여,25세,경상
2021052100100311,2021년 5월 21일 15시,금요일,충청남도 홍성군 금마면,중상사고,0,2,0,0,차대차 - 기타,안전운전불이행,젖음/습기,비,교차로 - 교차로안,이륜,남,61세,중상,승용,여,53세,중상
2021052100100313,2021년 5월 21일 15시,금요일,충청남도 공주시 신관동,중상사고,0,1,0,0,차대사람 - 보도통행중,안전운전불이행,건조,맑음,단일로 - 기타,승용,남,55세,상해없음,보행자,남,11세,중상
2021052100100314,2021년 5월 21일 15시,금요일,충청남도 천안시 동남구 신방동,경상사고,0,0,1,0,차대차 - 기타,안전운전불이행,건조,맑음,단일로 - 기타,승용,남,54세,상해없음,승용,남,40세,경상
2021052100100389,2021년 5월 21일 17시,금요일,충청남도 천안시 서북구 직산읍,경상사고,0,0,1,0,차대차 - 기타,안전운전불이행,건조,맑음,단일로 - 기타,승용,여,30세,상해없음,승용,남,46세,상해없음
2021052100100390,2021년 5월 21일 17시,금요일,충청남도 천안시 서북구 불당동,중상사고,0,1,0,0,차대차 - 기타,안전거리미확보,건조,맑음,교차로 - 교차로안,승용,남,28세,상해없음,승용,남,32세,중상
2021052100100391,2021년 5월 21일 17시,금요일,충청남도 아산시 인주면,중상사고,0,1,0,0,차대차 - 추돌,안전운전불이행,건조,맑음,단일로 - 기타,화물,남,52세,상해없음,승합,남,66세,중상
2021052100100440,2021년 5월 21일 18시,금요일,충청남도 천안시 동남구 봉명동,중상사고,0,1,0,0,차대차 - 측면충돌,안전거리미확보,건조,맑음,단일로 - 기타,승용,남,56세,상해없음,이륜,남,54세,중상
2021052100100487,2021년 5월 21일 19시,금요일,충청남도 천안시 서북구 성정동,부상신고사고,0,0,0,1,차대차 - 기타,안전운전불이행,젖음/습기,흐림,단일로 - 기타,이륜,남,27세,부상신고,승용,남,60세,상해없음
2021052100100488,2021년 5월 21일 19시,금요일,충청남도 천안시 서북구 신당동,중상사고,0,1,0,0,차대차 - 기타,기타,젖음/습기,흐림,단일로 - 기타,승합,남,60세,상해없음,이륜,남,39세,상해없음
2021052100100489,2021년 5월 21일 19시,금요일,충청남도 보령시 신흑동,중상사고,0,1,0,0,차대차 - 측면충돌,신호위반,건조,맑음,교차로 - 교차로안,승용,여,26세,상해없음,이륜,남,41세,중상
2021052100100514,2021년 5월 21일 20시,금요일,충청남도 아산시 온천동,경상사고,0,0,1,0,차대차 - 기타,신호위반,건조,맑음,교차로 - 교차로안,승용,여,26세,상해없음,이륜,남,21세,경상
2021052100100515,2021년 5월 21일 20시,금요일,충청남도 보령시 대천동,사망사고,1,0,0,0,차대사람 - 횡단중,안전운전불이행,건조,맑음,단일로 - 기타,승용,남,53세,상해없음,보행자,여,77세,사망
2021052100100542,2021년 5월 21일 21시,금요일,충청남도 예산군 오가면,중상사고,0,1,1,0,차대차 - 정면충돌,중앙선침범,젖음/습기,흐림,단일로 - 기타,농기계,남,67세,경상,승용,남,28세,중상
2021052100100572,2021년 5월 21일 22시,금요일,충청남도 아산시 배방읍,경상사고,0,0,1,0,차대차 - 추돌,안전운전불이행,건조,맑음,단일로 - 기타,승용,남,25세,기타불명,승용,남,38세,경상
2021052100100593,2021년 5월 21일 23시,금요일,충청남도 천안시 동남구 용곡동,부상신고사고,0,0,0,1,차대차 - 기타,신호위반,건조,맑음,교차로 - 교차로안,이륜,남,16세,부상신고,승용,남,46세,상해없음
2021052200100004,2021년 5월 22일 00시,토요일,충청남도 당진시 신평면,중상사고,0,1,0,0,차대사람 - 길가장자리구역통행중,안전운전불이행,건조,기타,단일로 - 기타,승용,남,19세,상해없음,보행자,남,62세,중상
2021052200100018,2021년 5월 22일 01시,토요일,충청남도 당진시 송악읍,경상사고,0,0,1,0,차대사람 - 차도통행중,안전운전불이행,건조,맑음,단일로 - 기타,승용,남,43세,상해없음,보행자,남,48세,경상
2021052200100029,2021년 5월 22일 02시,토요일,충청남도 천안시 서북구 쌍용동,경상사고,0,0,1,0,차대사람 - 기타,안전운전불이행,건조,맑음,단일로 - 기타,승용,남,26세,상해없음,보행자,남,48세,경상
2021052200100030,2021년 5월 22일 02시,토요일,충청남도 천안시 서북구 두정동,경상사고,0,0,4,0,차대차 - 추돌,안전운전불이행,건조,맑음,교차로 - 교차로부근,승용,남,20세,상해없음,승용,남,50세,경상
2021052200100076,2021년 5월 22일 08시,토요일,충청남도 천안시 동남구 병천면,경상사고,0,0,1,0,차대차 - 추돌,안전운전불이행,건조,맑음,단일로 - 기타,승용,여,26세,상해없음,승용,남,49세,경상
2021052200100097,2021년 5월 22일 09시,토요일,충청남도 서산시 석림동,경상사고,0,0,1,0,차대차 - 측면충돌,안전거리미확보,건조,맑음,교차로 - 교차로안,화물,남,66세,상해없음,승용,여,59세,경상