사고번호,사고일시,요일,시군구,사고내용,사망자수,중상자수,경상자수,부상신고자수,사고유형,법규위반,노면상태,기상상태,도로형태,가해운전자 차종,가해운전자 성별,가해운전자 연령,가해운전자 상해정도,피해운전자 차종,피해운전자 성별,피해운전자 연령,피해운전자 상해정도
2021052200100098,2021년 5월 22일 09시,토요일,충청남도 천안시 서북구 성거읍,경상사고,0,0,1,0,차대사람 - 기타,안전운전불이행,건조,맑음,기타 - 기타,승합,남,48세,상해없음,보행자,남,73세,경상
2021052200100099,2021년 5월 22일 09시,토요일,충청남도 보령시 웅천읍,중상사고,0,1,2,0,차대차 - 기타,직진우회전진행방해,건조,맑음,교차로 - 교차로안,승용,남,61세,경상,승용,남,70세,중상
2021052200100126,2021년 5월 22일 10시,토요일,충청남도 보령시 대천동,경상사고,0,0,1,0,차대사람 - 횡단중,안전운전불이행,건조,맑음,교차로 - 교차로안,화물,남,59세,상해없음,보행자,여,64세,경상
2021052200100127,2021년 5월 22일 10시,토요일,충청남도 천안시 동남구 봉명동,중상사고,0,1,0,0,차대사람 - 횡단중,보행자보호의무위반,건조,맑음,교차로 - 교차로횡단보도내,이륜,남,39세,상해없음,보행자,여,71세,중상
2021052200100165,2021년 5월 22일 11시,토요일,충청남도 서산시 음암면,경상사고,0,0,6,0,차대차 - 측면충돌,교차로운행방법위반,건조,맑음,교차로 - 교차로안,승용,남,41세,경상,승용,여,58세,경상
2021052200100166,2021년 5월 22일 11시,토요일,충청남도 서산시 인지면,중상사고,0,1,0,0,차대사람 - 기타,안전운전불이행,건조,맑음,기타 - 기타,화물,남,64세,상해없음,보행자,여,68세,중상
2021052200100201,2021년 5월 22일 12시,토요일,충청남도 홍성군 갈산면,경상사고,0,0,1,0,차대사람 - 기타,안전운전불이행,건조,맑음,주차장 - 주차장,승합,남,54세,상해없음,보행자,남,51세,상해없음
2021052200100202,2021년 5월 22일 12시,토요일,충청남도 당진시 읍내동,경상사고,0,0,1,0,차대차 - 추돌,안전운전불이행,건조,맑음,단일로 - 기타,승용,여,33세,상해없음,승용,남,63세,경상
2021052200100294,2021년 5월 22일 14시,토요일,충청남도 서산시 석남동,중상사고,0,1,0,0,차량단독 - 공작물충돌,안전운전불이행,건조,맑음,단일로 - 기타,이륜,남,47세,중상,,,,
2021052200100295,2021년 5월 22일 14시,토요일,충청남도 당진시 석문면,경상사고,0,0,4,0,차대차 - 기타,기타,건조,맑음,교차로 - 교차로부근,이륜,남,47세,상해없음,승용,남,47세,경상
2021052200100296,2021년 5월 22일 14시,토요일,충청남도 천안시 동남구 청당동,경상사고,0,0,1,0,차대차 - 기타,안전운전불이행,건조,맑음,교차로 - 교차로부근,승용,여,53세,상해없음,이륜,남,22세,경상
2021052200100297,2021년 5월 22일 14시,토요일,충청남도 태안군 소원면,경상사고,0,0,1,0,차대차 - 추돌,신호위반,건조,맑음,교차로 - 교차로안,이륜,남,55세,상해없음,승용,남,39세,경상
2021052200100379,2021년 5월 22일 16시,토요일,충청남도 천안시 서북구 두정동,중상사고,0,1,1,0,차대차 - 추돌,신호위반,건조,맑음,단일로 - 기타,승용,남,49세,상해없음,승용,남,31세,중상
2021052200100380,2021년 5월 22일 16시,토요일,충청남도 당진시 송악읍,경상사고,0,0,1,0,차대차 - 추돌,안전운전불이행,건조,맑음,단일로 - 기타,승용,남,33세,상해없음,승용,여,23세,경상
2021052200100432,2021년 5월 22일 17시,토요일,충청남도 천안시 서북구 백석동,경상사고,0,0,1,0,차대차 - 기타,신호위반,건조,맑음,교차로 - 교차로안,이륜,남,34세,상해없음,승용,남,28세,경상
2021052200100433,2021년 5월 22일 17시,토요일,충청남도 공주시 계룡면,경상사고,0,0,1,0,차대차 - 측면충돌,안전운전불이행,건조,맑음,단일로 - 기타,승용,남,34세,상해없음,승용,남,50세,경상
2021052200100471,2021년 5월 22일 18시,토요일,충청남도 천안시 서북구 두정동,경상사고,0,0,1,0,차대차 - 기타,교차로운행방법위반,건조,맑음,교차로 - 교차로안,승용,남,68세,상해없음,승용,남,31세,경상
2021052200100472,2021년 5월 22일 18시,토요일,충청남도 아산시 영인면,경상사고,0,0,3,0,차대차 - 기타,차로위반,건조,맑음,단일로 - 기타,화물,남,58세,상해없음,승합,남,26세,경상
2021052200100509,2021년 5월 22일 19시,토요일,충청남도 천안시 서북구 성정동,경상사고,0,0,1,0,차대차 - 기타,교차로운행방법위반,건조,맑음,기타 - 기타,승용,남,28세,기타불명,승합,남,56세,기타불명
2021052300100006,2021년 5월 23일 00시,일요일,충청남도 서천군 서천읍,경상사고,0,0,1,0,차대차 - 후진중충돌,안전운전불이행,건조,맑음,단일로 - 기타,승용,남,47세,상해없음,승용,남,62세,경상
2021052300100041,2021년 5월 23일 07시,일요일,충청남도 아산시 배방읍,경상사고,0,0,2,0,차대차 - 측면충돌,신호위반,건조,맑음,교차로 - 교차로안,승용,남,60세,상해없음,승용,남,62세,경상
2021052300100056,2021년 5월 23일 09시,일요일,충청남도 아산시 둔포면,부상신고사고,0,0,0,1,차대차 - 기타,교차로운행방법위반,건조,맑음,교차로 - 교차로안,승용,남,32세,상해없음,승용,여,60세,부상신고
2021052300100079,2021년 5월 23일 10시,일요일,충청남도 천안시 서북구 쌍용동,중상사고,0,1,0,0,차대차 - 측면충돌,신호위반,건조,맑음,교차로 - 교차로안,승용,남,68세,상해없음,이륜,남,31세,중상
2021052300100158,2021년 5월 23일 13시,일요일,충청남도 천안시 서북구 쌍용동,중상사고,0,1,0,0,차대사람 - 횡단중,안전운전불이행,건조,맑음,단일로 - 기타,승용,남,31세,상해없음,보행자,여,4세,중상
2021052300100159,2021년 5월 23일 13시,일요일,충청남도 천안시 서북구 신당동,경상사고,0,0,1,0,차대차 - 기타,안전운전불이행,건조,맑음,단일로 - 기타,화물,남,49세,기타불명,이륜,남,27세,경상
2021052300100160,2021년 5월 23일 13시,일요일,충청남도 공주시 옥룡동,경상사고,0,0,2,0,차대차 - 측면충돌,차로위반,건조,맑음,단일로 - 기타,승용,여,30세,상해없음,승용,여,26세,경상
2021052300100161,2021년 5월 23일 13시,일요일,충청남도 천안시 동남구 신방동,중상사고,0,1,3,0,차대차 - 측면충돌,신호위반,건조,맑음,교차로 - 교차로안,승용,여,30세,상해없음,승용,남,50세,중상
2021052300100196,2021년 5월 23일 14시,일요일,충청남도 보령시 동대동,경상사고,0,0,1,0,차대사람 - 횡단중,안전운전불이행,건조,맑음,단일로 - 기타,승용,여,25세,상해없음,보행자,여,24세,경상
2021052300100226,2021년 5월 23일 15시,일요일,충청남도 천안시 서북구 성정동,경상사고,0,0,1,0,차대차 - 기타,신호위반,건조,맑음,교차로 - 교차로안,화물,남,63세,상해없음,자전거,남,79세,경상
2021052300100227,2021년 5월 23일 15시,일요일,충청남도 아산시 온천동,중상사고,0,1,0,0,차대사람 - 기타,안전운전불이행,건조,맑음,주차장 - 주차장,이륜,남,43세,상해없음,보행자,여,78세,중상
2021052300100300,2021년 5월 23일 18시,일요일,충청남도 천안시 서북구 불당동,경상사고,0,0,1,0,차대차 - 기타,신호위반,건조,흐림,교차로 - 교차로부근,이륜,남,17세,상해없음,승용,남,41세,경상
2021052300100301,2021년 5월 23일 18시,일요일,충청남도 당진시 수청동,경상사고,0,0,1,0,차대차 - 측면충돌,신호위반,건조,맑음,교차로 - 교차로안,승용,남,54세,상해없음,승용,여,65세,경상
2021052300100302,2021년 5월 23일 18시,일요일,충청남도 당진시 정미면,경상사고,0,0,1,0,차대차 - 기타,중앙선침범,건조,맑음,단일로 - 기타,승용,여,29세,상해없음,승용,여,22세,경상
2021052300100387,2021년 5월 23일 21시,일요일,충청남도 천안시 서북구 입장면,경상사고,0,0,1,0,차대차 - 기타,신호위반,건조,기타,교차로 - 교차로안,승용,남,70세,상해없음,승용,여,46세,경상
2021052300100388,2021년 5월 23일 21시,일요일,충청남도 서산시 고북면,경상사고,0,0,1,0,차대차 - 측면충돌,신호위반,건조,맑음,기타 - 기타,화물,남,53세,상해없음,승용,남,26세,경상
2021052300100426,2021년 5월 23일 23시,일요일,충청남도 천안시 동남구 원성동,경상사고,0,0,1,0,차대차 - 추돌,안전운전불이행,건조,맑음,교차로 - 교차로부근,승용,남,44세,상해없음,승용,남,28세,경상
2021052400100031,2021년 5월 24일 06시,월요일,충청남도 천안시 서북구 쌍용동,경상사고,0,0,2,0,차대차 - 기타,안전거리미확보,건조,맑음,단일로 - 기타,승용,남,25세,경상,승용,여,46세,경상
2021052400100044,2021년 5월 24일 07시,월요일,충청남도 천안시 서북구 성성동,경상사고,0,0,2,0,차대차 - 기타,안전운전불이행,건조,맑음,단일로 - 기타,승용,여,38세,경상,승용,여,34세,경상
2021052400100045,2021년 5월 24일 07시,월요일,충청남도 아산시 탕정면,중상사고,0,1,0,0,차대차 - 기타,신호위반,건조,맑음,교차로 - 교차로안,승용,남,28세,상해없음,이륜,남,41세,중상
2021052400100046,2021년 5월 24일 07시,월요일,충청남도 서천군 마서면,중상사고,0,1,0,0,차대차 - 측면충돌,안전거리미확보,건조,맑음,단일로 - 기타,승용,남,46세,상해없음,이륜,남,69세,중상
2021052400100075,2021년 5월 24일 08시,월요일,충청남도 논산시 광석면,경상사고,0,0,1,0,차대차 - 측면충돌,신호위반,건조,맑음,교차로 - 교차로안,화물,남,52세,상해없음,승용,남,25세,경상
2021052400100076,2021년 5월 24일 08시,월요일,충청남도 서천군 서천읍,중상사고,0,1,1,0,차대차 - 추돌,안전운전불이행,건조,맑음,단일로 - 기타,승용,여,47세,상해없음,승용,여,46세,중상
2021052400100113,2021년 5월 24일 09시,월요일,충청남도 아산시 음봉면,경상사고,0,0,2,0,차대차 - 기타,안전운전불이행,건조,맑음,교차로 - 교차로안,화물,남,54세,상해없음,승용,남,22세,경상
2021052400100114,2021년 5월 24일 09시,월요일,충청남도 보령시 주포면,경상사고,0,0,1,0,차대차 - 추돌,안전거리미확보,건조,맑음,단일로 - 기타,승용,남,65세,상해없음,이륜,남,43세,경상
2021052400100170,2021년 5월 24일 11시,월요일,충청남도 부여군 부여읍,경상사고,0,0,1,0,차대차 - 추돌,안전운전불이행,건조,맑음,교차로 - 교차로부근,승용,남,59세,상해없음,승용,남,54세,경상
2021052400100201,2021년 5월 24일 12시,월요일,충청남도 보령시 남포면,경상사고,0,0,2,0,차대차 - 기타,안전운전불이행,건조,맑음,단일로 - 기타,화물,남,60세,상해없음,승용,여,59세,경상
2021052400100202,2021년 5월 24일 12시,월요일,충청남도 예산군 신양면,사망사고,1,0,0,0,차량단독 - 전도전복 - 전복,안전운전불이행,건조,맑음,기타 - 기타,농기계,남,78세,사망,,,,
2021052400100235,2021년 5월 24일 13시,월요일,충청남도 천안시 동남구 문화동,경상사고,0,0,1,0,차대차 - 측면충돌,안전운전불이행,건조,맑음,교차로 - 교차로안,승용,남,63세,상해없음,화물,남,64세,경상
2021052400100236,2021년 5월 24일 13시,월요일,충청남도 공주시 이인면,중상사고,0,1,0,0,차대사람 - 횡단중,안전운전불이행,건조,맑음,기타 - 기타,승용,남,52세,상해없음,보행자,여,56세,중상
2021052400100313,2021년 5월 24일 15시,월요일,충청남도 천안시 서북구 부대동,경상사고,0,0,1,0,차대차 - 추돌,안전운전불이행,건조,맑음,단일로 - 기타,승용,남,43세,상해없음,승용,남,55세,경상
2021052400100314,2021년 5월 24일 15시,월요일,충청남도 예산군 삽교읍,중상사고,0,2,0,0,차대차 - 측면충돌,직진우회전진행방해,건조,맑음,교차로 - 교차로안,승용,여,33세,상해없음,승용,남,54세,중상
2021052400100315,2021년 5월 24일 15시,월요일,충청남도 예산군 신암면,중상사고,0,1,0,0,차량단독 - 전도전복 - 전도,안전운전불이행,건조,맑음,단일로 - 기타,건설기계,남,52세,중상,,,,
2021052400100355,2021년 5월 24일 16시,월요일,충청남도 천안시 서북구 성정동,경상사고,0,0,1,0,차대차 - 측면충돌,신호위반,건조,맑음,교차로 - 교차로안,승용,여,26세,상해없음,이륜,남,38세,경상
2021052400100356,2021년 5월 24일 16시,월요일,충청남도 천안시 서북구 신당동,중상사고,0,1,0,0,차대차 - 추돌,안전운전불이행,건조,맑음,단일로 - 기타,승용,남,64세,상해없음,승용,남,37세,중상
2021052400100357,2021년 5월 24일 16시,월요일,충청남도 천안시 서북구 입장면,경상사고,0,0,2,0,차대차 - 측면충돌,직진우회전진행방해,건조,맑음,교차로 - 교차로안,승용,남,63세,경상,승용,여,39세,경상
2021052400100358,2021년 5월 24일 16시,월요일,충청남도 천안시 동남구 목천읍,경상사고,0,0,4,0,차대차 - 추돌,안전운전불이행,건조,맑음,교차로 - 교차로부근,화물,남,67세,상해없음,승용,여,31세,경상
2021052400100449,2021년 5월 24일 18시,월요일,충청남도 서산시 성연면,경상사고,0,0,1,0,차대차 - 측면충돌,교차로운행방법위반,건조,맑음,교차로 - 교차로안,화물,남,49세,상해없음,승용,여,30세,경상
2021052400100450,2021년 5월 24일 18시,월요일,충청남도 천안시 동남구 청당동,경상사고,0,0,1,0,차대차 - 기타,신호위반,건조,맑음,교차로 - 교차로안,승용,남,41세,상해없음,이륜,남,36세,경상
2021052400100473,2021년 5월 24일 19시,월요일,충청남도 천안시 동남구 영성동,경상사고,0,0,1,0,차대차 - 측면충돌,교차로운행방법위반,건조,맑음,교차로 - 교차로안,승용,남,47세,상해없음,자전거,여,44세,경상
2021052400100501,2021년 5월 24일 20시,월요일,충청남도 아산시 온천동,경상사고,0,0,1,0,차대사람 - 차도통행중,안전운전불이행,건조,맑음,교차로 - 교차로안,승용,남,63세,상해없음,보행자,남,59세,경상
2021052400100529,2021년 5월 24일 21시,월요일,충청남도 천안시 서북구 성성동,경상사고,0,0,1,0,차량단독 - 공작물충돌,안전운전불이행,건조,맑음,단일로 - 기타,승용,남,66세,상해없음,,,,
2021052400100530,2021년 5월 24일 21시,월요일,충청남도 아산시 둔포면,경상사고,0,0,1,0,차대차 - 기타,안전운전불이행,건조,맑음,단일로 - 기타,승용,남,65세,상해없음,승용,남,53세,경상
2021052400100552,2021년 5월 24일 22시,월요일,충청남도 천안시 서북구 성거읍,경상사고,0,0,1,0,차대사람 - 기타,안전운전불이행,건조,맑음,교차로 - 교차로부근,승용,여,47세,상해없음,보행자,여,34세,경상
2021052400100553,2021년 5월 24일 22시,월요일,충청남도 홍성군 홍성읍,경상사고,0,0,1,0,차대사람 - 기타,안전운전불이행,건조,맑음,단일로 - 기타,화물,남,48세,상해없음,보행자,남,64세,경상
2021052500100007,2021년 5월 25일 00시,화요일,충청남도 천안시 서북구 두정동,부상신고사고,0,0,0,1,차대차 - 기타,안전운전불이행,건조,맑음,교차로 - 교차로부근,승용,여,44세,부상신고,승용,여,26세,기타불명
2021052500100008,2021년 5월 25일 00시,화요일,충청남도 천안시 서북구 성정동,중상사고,0,1,0,0,차대차 - 기타,차로위반,건조,맑음,교차로 - 교차로부근,이륜,남,24세,중상,승용,남,21세,상해없음
2021052500100014,2021년 5월 25일 01시,화요일,충청남도 서산시 해미면,경상사고,0,0,1,0,차대차 - 측면충돌,안전운전불이행,건조,맑음,단일로 - 기타,승용,남,25세,상해없음,승용,남,39세,경상
2021052500100015,2021년 5월 25일 01시,화요일,충청남도 천안시 서북구 불당동,사망사고,1,0,0,0,차량단독 - 공작물충돌,안전운전불이행,건조,맑음,단일로 - 지하차도(도로)내,이륜,남,29세,사망,,,,
2021052500100022,2021년 5월 25일 02시,화요일,충청남도 천안시 서북구 쌍용동,중상사고,0,1,1,0,차대차 - 기타,신호위반,건조,맑음,교차로 - 교차로안,승용,남,39세,상해없음,이륜,남,18세,중상
2021052500100034,2021년 5월 25일 04시,화요일,충청남도 천안시 동남구 삼룡동,사망사고,1,0,0,0,차량단독 - 공작물충돌,안전운전불이행,건조,맑음,교차로 - 교차로부근,승용,남,61세,사망,,,,
2021052500100046,2021년 5월 25일 06시,화요일,충청남도 홍성군 서부면,중상사고,0,1,1,0,차대차 - 측면충돌,신호위반,젖음/습기,비,교차로 - 교차로안,건설기계,남,47세,상해없음,화물,남,62세,중상
2021052500100098,2021년 5월 25일 08시,화요일,충청남도 아산시 용화동,경상사고,0,0,1,0,차대차 - 정면충돌,안전운전불이행,건조,맑음,교차로 - 교차로안,승용,남,24세,상해없음,승용,여,40세,경상
2021052500100099,2021년 5월 25일 08시,화요일,충청남도 금산군 추부면,중상사고,0,1,4,0,차대차 - 측면충돌,교차로운행방법위반,젖음/습기,비,교차로 - 교차로안,승용,여,50세,중상,승용,남,43세,경상
2021052500100100,2021년 5월 25일 08시,화요일,충청남도 천안시 동남구 신부동,중상사고,0,1,0,0,차대사람 - 횡단중,보행자보호의무위반,젖음/습기,비,교차로 - 교차로횡단보도내,승용,여,61세,상해없음,보행자,남,12세,중상
2021052500100101,2021년 5월 25일 08시,화요일,충청남도 천안시 동남구 신부동,경상사고,0,0,1,0,차대차 - 기타,안전거리미확보,건조,맑음,교차로 - 교차로부근,승합,남,59세,상해없음,승합,남,39세,경상
2021052500100134,2021년 5월 25일 09시,화요일,충청남도 홍성군 홍성읍,경상사고,0,0,1,0,차대차 - 측면충돌,직진우회전진행방해,건조,맑음,교차로 - 교차로안,화물,남,49세,상해없음,이륜,여,77세,경상
2021052500100231,2021년 5월 25일 12시,화요일,충청남도 천안시 서북구 성정동,중상사고,0,1,0,0,차대차 - 기타,안전운전불이행,건조,맑음,단일로 - 기타,승용,남,26세,상해없음,이륜,남,30세,중상
2021052500100265,2021년 5월 25일 13시,화요일,충청남도 서산시 운산면,중상사고,0,1,0,0,차량단독 - 도로외이탈 - 추락,안전운전불이행,건조,맑음,단일로 - 기타,이륜,남,71세,중상,,,,
2021052500100266,2021년 5월 25일 13시,화요일,충청남도 천안시 동남구 신부동,경상사고,0,0,1,0,차대사람 - 횡단중,보행자보호의무위반,건조,맑음,교차로 - 교차로횡단보도내,화물,남,64세,상해없음,보행자,여,72세,경상
2021052500100295,2021년 5월 25일 14시,화요일,충청남도 아산시 온천동,경상사고,0,0,2,0,차대차 - 측면충돌,교차로운행방법위반,건조,맑음,교차로 - 교차로안,화물,남,33세,경상,승용,여,49세,경상
2021052500100296,2021년 5월 25일 14시,화요일,충청남도 서천군 마서면,사망사고,1,0,0,0,차량단독 - 공작물충돌,안전운전불이행,건조,맑음,단일로 - 기타,이륜,남,72세,사망,,,,
2021052500100297,2021년 5월 25일 14시,화요일,충청남도 천안시 동남구 신부동,경상사고,0,0,2,0,차대차 - 측면충돌,차로위반,건조,맑음,단일로 - 기타,승용,남,68세,상해없음,승용,여,61세,경상
2021052500100334,2021년 5월 25일 15시,화요일,충청남도 천안시 동남구 다가동,경상사고,0,0,1,0,차대차 - 추돌,안전운전불이행,건조,맑음,단일로 - 기타,화물,남,26세,상해없음,화물,남,42세,경상
2021052500100380,2021년 5월 25일 16시,화요일,충청남도 천안시 서북구 쌍용동,경상사고,0,0,1,0,차대차 - 기타,직진우회전진행방해,건조,맑음,교차로 - 교차로안,이륜,남,26세,상해없음,승용,여,37세,경상
2021052500100424,2021년 5월 25일 17시,화요일,충청남도 천안시 서북구 신당동,경상사고,0,0,1,0,차대차 - 정면충돌,안전운전불이행,건조,맑음,단일로 - 기타,이륜,남,59세,상해없음,승용,남,52세,경상
2021052500100425,2021년 5월 25일 17시,화요일,충청남도 아산시 음봉면,중상사고,0,1,0,0,차대차 - 후진중충돌,안전운전불이행,건조,맑음,단일로 - 기타,화물,남,63세,상해없음,승용,여,32세,중상
2021052500100426,2021년 5월 25일 17시,화요일,충청남도 부여군 부여읍,경상사고,0,0,1,0,차대차 - 기타,안전운전불이행,건조,맑음,단일로 - 기타,승용,남,58세,상해없음,자전거,남,60세,경상
2021052500100473,2021년 5월 25일 18시,화요일,충청남도 서천군 장항읍,경상사고,0,0,1,0,차대차 - 추돌,안전운전불이행,건조,맑음,교차로 - 교차로부근,승용,남,50세,상해없음,승용,여,29세,경상
2021052500100557,2021년 5월 25일 21시,화요일,충청남도 천안시 서북구 불당동,경상사고,0,0,1,0,차대차 - 측면충돌,안전운전불이행,건조,맑음,단일로 - 기타,승용,남,41세,상해없음,승용,남,30세,경상
2021052500100558,2021년 5월 25일 21시,화요일,충청남도 보령시 죽정동,중상사고,0,1,0,0,차대차 - 측면충돌,안전운전불이행,건조,맑음,교차로 - 교차로부근,승용,여,40세,상해없음,승용,여,28세,중상
2021052500100583,2021년 5월 25일 22시,화요일,충청남도 아산시 온천동,경상사고,0,0,1,0,차대사람 - 횡단중,안전운전불이행,건조,맑음,단일로 - 기타,승용,남,50세,상해없음,보행자,남,58세,경상
2021052500100584,2021년 5월 25일 22시,화요일,충청남도 예산군 예산읍,경상사고,0,0,1,0,차대사람 - 횡단중,안전운전불이행,건조,맑음,교차로 - 교차로안,원동기,남,22세,경상,보행자,남,24세,상해없음
2021052500100585,2021년 5월 25일 22시,화요일,충청남도 공주시 의당면,중상사고,0,1,0,0,차대차 - 추돌,안전운전불이행,건조,맑음,단일로 - 기타,승용,남,74세,상해없음,특수,남,51세,상해없음
2021052600100026,2021년 5월 26일 03시,수요일,충청남도 아산시 용화동,경상사고,0,0,1,0,차대차 - 기타,안전운전불이행,건조,흐림,단일로 - 기타,승용,남,30세,상해없음,화물,남,49세,경상
2021052600100035,2021년 5월 26일 05시,수요일,충청남도 천안시 서북구 성정동,경상사고,0,0,1,0,차대차 - 측면충돌,안전운전불이행,건조,맑음,단일로 - 기타,승용,남,23세,상해없음,이륜,남,49세,경상
2021052600100043,2021년 5월 26일 06시,수요일,충청남도 부여군 규암면,중상사고,0,1,0,0,차대차 - 측면충돌,안전운전불이행,건조,맑음,단일로 - 기타,이륜,여,38세,중상,화물,남,66세,상해없음
2021052600100130,2021년 5월 26일 09시,수요일,충청남도 논산시 연무읍,사망사고,1,0,0,0,차대사람 - 횡단중,안전운전불이행,건조,맑음,단일로 - 기타,승용,여,50세,상해없음,보행자,여,80세,사망
2021052600100131,2021년 5월 26일 09시,수요일,충청남도 천안시 동남구 신부동,경상사고,0,0,2,0,차대차 - 기타,안전운전불이행,건조,맑음,교차로 - 교차로안,승용,남,76세,상해없음,승합,남,65세,상해없음
2021052600100154,2021년 5월 26일 10시,수요일,충청남도 보령시 신흑동,중상사고,0,1,0,0,차대차 - 측면충돌,직진우회전진행방해,건조,맑음,교차로 - 교차로안,승용,남,23세,상해없음,승용,여,56세,중상
2021052600100182,2021년 5월 26일 11시,수요일,충청남도 천안시 서북구 성성동,경상사고,0,0,1,0,차대차 - 측면충돌,신호위반,건조,맑음,교차로 - 교차로안,화물,남,65세,상해없음,승용,남,43세,경상
2021052600100183,2021년 5월 26일 11시,수요일,충청남도 아산시 둔포면,중상사고,0,1,0,0,차량단독 - 도로외이탈 - 추락,안전운전불이행,건조,맑음,기타 - 기타,이륜,여,63세,중상,,,,
2021052600100212,2021년 5월 26일 12시,수요일,충청남도 천안시 동남구 풍세면,중상사고,0,1,1,1,차대차 - 기타,안전운전불이행,건조,맑음,교차로 - 교차로안,승용,남,68세,중상,화물,남,61세,경상
2021052600100234,2021년 5월 26일 13시,수요일,충청남도 천안시 서북구 성거읍,경상사고,0,0,1,0,차대사람 - 횡단중,기타,건조,맑음,단일로 - 기타,승용,남,49세,상해없음,보행자,여,10세,경상
2021052600100265,2021년 5월 26일 14시,수요일,충청남도 홍성군 홍성읍,중상사고,0,1,0,0,차대사람 - 기타,안전운전불이행,건조,맑음,기타 - 기타,승용,남,34세,기타불명,보행자,여,71세,중상
2021052600100266,2021년 5월 26일 14시,수요일,충청남도 부여군 은산면,중상사고,0,1,0,0,차대차 - 측면충돌,안전운전불이행,젖음/습기,비,교차로 - 교차로안,승용,여,54세,상해없음,이륜,여,42세,중상
2021052600100329,2021년 5월 26일 16시,수요일,충청남도 천안시 서북구 쌍용동,경상사고,0,0,1,0,차대차 - 추돌,안전운전불이행,건조,맑음,단일로 - 기타,승용,여,35세,상해없음,승용,남,49세,상해없음
2021052600100330,2021년 5월 26일 16시,수요일,충청남도 천안시 동남구 병천면,중상사고,0,1,0,0,차대차 - 기타,안전거리미확보,건조,흐림,단일로 - 기타,화물,남,58세,상해없음,승용,남,49세,중상
2021052600100372,2021년 5월 26일 17시,수요일,충청남도 서산시 해미면,중상사고,0,1,0,0,차대차 - 측면충돌,안전운전불이행,건조,맑음,교차로 - 교차로안,승용,남,25세,상해없음,승용,여,56세,중상
2021052600100373,2021년 5월 26일 17시,수요일,충청남도 천안시 서북구 성환읍,경상사고,0,0,5,0,차대차 - 기타,안전거리미확보,건조,맑음,단일로 - 기타,승용,여,34세,경상,승용,남,31세,경상
2021052600100374,2021년 5월 26일 17시,수요일,충청남도 홍성군 광천읍,중상사고,0,1,0,0,차대사람 - 기타,안전운전불이행,건조,맑음,교차로 - 교차로부근,승용,남,52세,상해없음,보행자,남,76세,중상
2021052600100421,2021년 5월 26일 18시,수요일,충청남도 천안시 동남구 신부동,경상사고,0,0,2,0,차대차 - 추돌,안전운전불이행,건조,맑음,단일로 - 기타,승합,남,42세,기타불명,승용,남,66세,경상
2021052600100422,2021년 5월 26일 18시,수요일,충청남도 천안시 동남구 목천읍,중상사고,0,1,0,0,차대차 - 측면충돌,안전운전불이행,건조,맑음,교차로 - 교차로안,승합,남,47세,상해없음,승용,남,70세,중상
2021052600100456,2021년 5월 26일 19시,수요일,충청남도 천안시 서북구 쌍용동,경상사고,0,0,1,0,차대차 - 측면충돌,직진우회전진행방해,건조,맑음,교차로 - 교차로안,이륜,남,29세,경상,승용,여,23세,상해없음
2021052600100537,2021년 5월 26일 22시,수요일,충청남도 홍성군 구항면,경상사고,0,0,1,0,차량단독 - 전도전복 - 전복,안전운전불이행,건조,맑음,단일로 - 기타,사륜오토바이(ATV),남,74세,경상,,,,
2021052600100538,2021년 5월 26일 22시,수요일,충청남도 당진시 우두동,사망사고,1,0,0,0,차량단독 - 도로외이탈 - 추락,안전운전불이행,건조,맑음,기타 - 기타,승용,남,66세,사망,,,,
2021052600100539,2021년 5월 26일 22시,수요일,충청남도 금산군 복수면,경상사고,0,0,1,0,차대사람 - 길가장자리구역통행중,안전운전불이행,건조,맑음,단일로 - 기타,승용,남,28세,상해없음,보행자,여,69세,경상
2021052700100005,2021년 5월 27일 00시,목요일,충청남도 천안시 서북구 불당동,중상사고,0,1,1,0,차대차 - 측면충돌,신호위반,건조,맑음,교차로 - 교차로안,승용,남,21세,경상,승용,남,29세,중상
2021052700100019,2021년 5월 27일 02시,목요일,충청남도 아산시 좌부동,경상사고,0,0,1,0,차대사람 - 기타,안전운전불이행,건조,맑음,단일로 - 기타,승용,남,59세,상해없음,보행자,남,30세,경상
2021052700100051,2021년 5월 27일 07시,목요일,충청남도 서산시 동문동,경상사고,0,0,1,0,차대차 - 측면충돌,안전운전불이행,젖음/습기,비,단일로 - 기타,승합,남,67세,상해없음,승용,여,65세,경상
2021052700100123,2021년 5월 27일 09시,목요일,충청남도 천안시 서북구 쌍용동,경상사고,0,0,2,0,차대차 - 측면충돌,신호위반,건조,맑음,교차로 - 교차로안,승용,여,63세,상해없음,승용,여,46세,경상
2021052700100156,2021년 5월 27일 10시,목요일,충청남도 서산시 인지면,사망사고,1,2,1,0,차대차 - 정면충돌,교차로운행방법위반,젖음/습기,흐림,교차로 - 교차로안,승용,남,74세,중상,승용,남,72세,사망
2021052700100181,2021년 5월 27일 11시,목요일,충청남도 서산시 동문동,중상사고,0,1,0,0,차대사람 - 횡단중,안전운전불이행,건조,흐림,교차로 - 교차로부근,승합,남,67세,상해없음,보행자,여,61세,중상