사고번호,사고일시,요일,시군구,사고내용,사망자수,중상자수,경상자수,부상신고자수,사고유형,법규위반,노면상태,기상상태,도로형태,가해운전자 차종,가해운전자 성별,가해운전자 연령,가해운전자 상해정도,피해운전자 차종,피해운전자 성별,피해운전자 연령,피해운전자 상해정도
2021052700100182,2021년 5월 27일 11시,목요일,충청남도 천안시 서북구 성정동,경상사고,0,0,1,0,차대차 - 측면충돌,교차로운행방법위반,건조,맑음,교차로 - 교차로안,승합,남,54세,상해없음,이륜,남,30세,경상
2021052700100183,2021년 5월 27일 11시,목요일,충청남도 청양군 운곡면,경상사고,0,0,1,0,차대차 - 측면충돌,직진우회전진행방해,젖음/습기,맑음,교차로 - 교차로안,승용,여,56세,경상,화물,남,72세,상해없음
2021052700100212,2021년 5월 27일 12시,목요일,충청남도 천안시 서북구 입장면,경상사고,0,0,2,0,차대차 - 측면충돌,안전운전불이행,젖음/습기,비,교차로 - 교차로안,화물,남,58세,상해없음,화물,남,52세,경상
2021052700100213,2021년 5월 27일 12시,목요일,충청남도 금산군 금산읍,경상사고,0,0,2,0,차대차 - 측면충돌,교차로운행방법위반,건조,맑음,교차로 - 교차로안,승용,남,30세,경상,화물,남,66세,상해없음
2021052700100214,2021년 5월 27일 12시,목요일,충청남도 천안시 동남구 안서동,중상사고,0,1,0,0,차대사람 - 횡단중,안전운전불이행,건조,맑음,단일로 - 기타,화물,남,53세,상해없음,보행자,여,71세,중상
2021052700100247,2021년 5월 27일 13시,목요일,충청남도 천안시 서북구 성정동,중상사고,0,1,0,0,차대사람 - 기타,안전운전불이행,건조,맑음,교차로 - 교차로안,승용,남,58세,상해없음,보행자,남,82세,중상
2021052700100316,2021년 5월 27일 15시,목요일,충청남도 서천군 장항읍,경상사고,0,0,1,0,차대차 - 측면충돌,안전운전불이행,건조,맑음,단일로 - 기타,화물,남,76세,상해없음,승용,남,58세,경상
2021052700100317,2021년 5월 27일 15시,목요일,충청남도 부여군 초촌면,중상사고,0,1,0,0,차대차 - 측면충돌,중앙선침범,건조,맑음,단일로 - 기타,화물,남,66세,상해없음,이륜,남,42세,중상
2021052700100385,2021년 5월 27일 17시,목요일,충청남도 아산시 음봉면,경상사고,0,0,1,0,차대차 - 기타,안전운전불이행,건조,맑음,교차로 - 교차로안,승용,남,39세,상해없음,승용,남,29세,경상
2021052700100386,2021년 5월 27일 17시,목요일,충청남도 부여군 내산면,사망사고,1,0,0,0,차대사람 - 기타,안전운전불이행,건조,맑음,단일로 - 기타,화물,남,61세,상해없음,보행자,남,66세,사망
2021052700100503,2021년 5월 27일 20시,목요일,충청남도 천안시 서북구 성환읍,경상사고,0,0,1,0,차대차 - 측면충돌,교차로운행방법위반,건조,맑음,교차로 - 교차로안,승용,남,54세,상해없음,이륜,남,25세,경상
2021052700100504,2021년 5월 27일 20시,목요일,충청남도 천안시 동남구 목천읍,중상사고,0,1,0,0,차대차 - 측면충돌,불법유턴,건조,맑음,단일로 - 기타,화물,남,56세,상해없음,이륜,남,22세,중상
2021052800100026,2021년 5월 28일 03시,금요일,충청남도 공주시 신관동,경상사고,0,0,1,0,차대차 - 측면충돌,신호위반,건조,맑음,교차로 - 교차로안,승용,남,51세,상해없음,승용,여,24세,경상
2021052800100040,2021년 5월 28일 06시,금요일,충청남도 청양군 대치면,경상사고,0,0,1,0,차량단독 - 도로외이탈 - 추락,안전운전불이행,건조,흐림,단일로 - 교량,승용,남,32세,경상,,,,
2021052800100041,2021년 5월 28일 06시,금요일,충청남도 천안시 서북구 성거읍,경상사고,0,0,1,0,차대차 - 추돌,안전운전불이행,젖음/습기,비,단일로 - 기타,승용,남,23세,상해없음,화물,남,45세,경상
2021052800100098,2021년 5월 28일 08시,금요일,충청남도 예산군 예산읍,경상사고,0,0,1,0,차대사람 - 횡단중,보행자보호의무위반,건조,맑음,교차로 - 교차로부근,화물,남,57세,상해없음,보행자,남,73세,경상
2021052800100155,2021년 5월 28일 10시,금요일,충청남도 서산시 석남동,중상사고,0,1,2,0,차대차 - 측면충돌,신호위반,젖음/습기,비,교차로 - 교차로안,승용,남,73세,상해없음,승용,남,43세,경상
2021052800100156,2021년 5월 28일 10시,금요일,충청남도 천안시 서북구 불당동,경상사고,0,0,1,0,차대차 - 기타,안전거리미확보,건조,맑음,단일로 - 기타,화물,남,59세,상해없음,승용,여,51세,경상
2021052800100157,2021년 5월 28일 10시,금요일,충청남도 아산시 음봉면,중상사고,0,1,5,0,차대차 - 추돌,안전운전불이행,젖음/습기,비,단일로 - 기타,승합,남,30세,상해없음,승용,여,63세,경상
2021052800100158,2021년 5월 28일 10시,금요일,충청남도 부여군 은산면,경상사고,0,0,1,0,차대차 - 측면충돌,안전운전불이행,건조,맑음,단일로 - 기타,승용,여,53세,상해없음,농기계,남,81세,경상
2021052800100259,2021년 5월 28일 13시,금요일,충청남도 천안시 서북구 성정동,경상사고,0,0,1,0,차대차 - 후진중충돌,안전운전불이행,건조,맑음,단일로 - 기타,승용,남,25세,상해없음,이륜,남,37세,경상
2021052800100261,2021년 5월 28일 13시,금요일,충청남도 천안시 동남구 원성동,경상사고,0,0,2,0,차대차 - 기타,신호위반,젖음/습기,흐림,교차로 - 교차로안,이륜,남,48세,경상,승용,여,55세,경상
2021052800100299,2021년 5월 28일 14시,금요일,충청남도 서산시 예천동,경상사고,0,0,1,0,차대차 - 기타,안전운전불이행,건조,맑음,교차로 - 교차로안,승용,남,37세,상해없음,이륜,남,29세,경상
2021052800100300,2021년 5월 28일 14시,금요일,충청남도 천안시 서북구 직산읍,경상사고,0,0,1,0,차대차 - 기타,안전거리미확보,건조,맑음,교차로 - 교차로안,승용,남,41세,기타불명,승용,남,21세,경상
2021052800100333,2021년 5월 28일 15시,금요일,충청남도 보령시 웅천읍,경상사고,0,0,1,1,차대차 - 측면충돌,직진우회전진행방해,건조,맑음,교차로 - 교차로안,승용,남,61세,부상신고,승용,남,37세,경상
2021052800100370,2021년 5월 28일 16시,금요일,충청남도 서산시 수석동,중상사고,0,1,0,0,차대차 - 추돌,신호위반,건조,맑음,교차로 - 교차로안,이륜,남,18세,중상,승용,남,60세,상해없음
2021052800100371,2021년 5월 28일 16시,금요일,충청남도 천안시 서북구 성정동,경상사고,0,0,1,0,차대차 - 추돌,중앙선침범,건조,맑음,단일로 - 기타,승용,여,47세,상해없음,이륜,남,22세,경상
2021052800100372,2021년 5월 28일 16시,금요일,충청남도 천안시 동남구 광덕면,중상사고,0,1,2,0,차대차 - 추돌,안전운전불이행,젖음/습기,맑음,단일로 - 터널,승용,남,51세,상해없음,승용,여,49세,상해없음
2021052800100419,2021년 5월 28일 17시,금요일,충청남도 아산시 풍기동,중상사고,0,1,0,0,차대차 - 측면충돌,안전운전불이행,건조,맑음,교차로 - 교차로횡단보도내,승용,남,40세,상해없음,자전거,여,11세,중상
2021052800100420,2021년 5월 28일 17시,금요일,충청남도 천안시 동남구 목천읍,경상사고,0,0,1,0,차대차 - 측면충돌,안전운전불이행,건조,맑음,단일로 - 기타,승용,남,48세,상해없음,화물,남,62세,경상
2021052800100515,2021년 5월 28일 19시,금요일,충청남도 당진시 읍내동,경상사고,0,0,1,0,차대차 - 추돌,안전운전불이행,건조,맑음,교차로 - 교차로부근,승용,남,30세,상해없음,이륜,남,41세,경상
2021052800100516,2021년 5월 28일 19시,금요일,충청남도 당진시 시곡동,경상사고,0,0,1,0,차대사람 - 기타,안전운전불이행,건조,맑음,단일로 - 기타,승용,여,27세,기타불명,보행자,여,69세,경상
2021052800100550,2021년 5월 28일 20시,금요일,충청남도 천안시 서북구 두정동,중상사고,0,1,0,0,차대차 - 측면충돌,안전운전불이행,건조,맑음,단일로 - 기타,승용,남,26세,상해없음,이륜,남,25세,중상
2021052800100597,2021년 5월 28일 22시,금요일,충청남도 천안시 서북구 두정동,경상사고,0,0,1,0,차대차 - 기타,안전운전불이행,건조,맑음,단일로 - 기타,승용,여,35세,상해없음,원동기,남,43세,경상
2021052900100014,2021년 5월 29일 01시,토요일,충청남도 천안시 서북구 백석동,경상사고,0,0,2,0,차대차 - 추돌,안전운전불이행,건조,맑음,단일로 - 기타,승용,남,34세,기타불명,승용,남,38세,경상
2021052900100020,2021년 5월 29일 02시,토요일,충청남도 천안시 서북구 성환읍,중상사고,0,1,1,0,차대차 - 정면충돌,신호위반,건조,맑음,교차로 - 교차로안,이륜,남,17세,중상,승용,남,65세,상해없음
2021052900100027,2021년 5월 29일 03시,토요일,충청남도 서산시 읍내동,경상사고,0,0,1,0,차대사람 - 길가장자리구역통행중,안전운전불이행,건조,맑음,단일로 - 기타,승용,남,38세,상해없음,보행자,남,38세,상해없음
2021052900100048,2021년 5월 29일 05시,토요일,충청남도 공주시 신풍면,중상사고,0,1,0,0,차량단독 - 공작물충돌,안전운전불이행,건조,맑음,교차로 - 교차로안,승용,여,56세,중상,,,,
2021052900100058,2021년 5월 29일 06시,토요일,충청남도 서산시 대산읍,경상사고,0,0,1,0,차대차 - 측면충돌,신호위반,건조,맑음,교차로 - 교차로안,승합,남,55세,상해없음,승용,여,36세,경상
2021052900100072,2021년 5월 29일 07시,토요일,충청남도 천안시 서북구 불당동,경상사고,0,0,1,0,차대차 - 기타,신호위반,건조,맑음,교차로 - 교차로안,승합,남,35세,상해없음,승용,남,60세,경상
2021052900100085,2021년 5월 29일 08시,토요일,충청남도 서산시 덕지천동,중상사고,0,1,0,0,차대차 - 측면충돌,교차로운행방법위반,건조,맑음,교차로 - 교차로안,이륜,여,63세,중상,화물,남,74세,상해없음
2021052900100086,2021년 5월 29일 08시,토요일,충청남도 보령시 주교면,경상사고,0,0,1,0,차대사람 - 기타,안전운전불이행,건조,맑음,단일로 - 기타,화물,남,64세,상해없음,보행자,남,68세,경상
2021052900100087,2021년 5월 29일 08시,토요일,충청남도 당진시 송악읍,경상사고,0,0,1,0,차대차 - 추돌,안전운전불이행,건조,맑음,교차로 - 교차로안,승용,여,43세,상해없음,승용,남,39세,경상
2021052900100109,2021년 5월 29일 09시,토요일,충청남도 천안시 동남구 문화동,중상사고,0,3,9,0,차대차 - 측면충돌,안전운전불이행,건조,맑음,단일로 - 기타,승용,남,42세,상해없음,승합,남,58세,경상
2021052900100134,2021년 5월 29일 10시,토요일,충청남도 아산시 영인면,경상사고,0,0,2,0,차대차 - 정면충돌,안전운전불이행,건조,맑음,단일로 - 기타,승용,남,63세,경상,건설기계,남,55세,경상
2021052900100164,2021년 5월 29일 11시,토요일,충청남도 홍성군 홍동면,중상사고,0,1,0,0,차대사람 - 기타,안전운전불이행,건조,맑음,단일로 - 기타,농기계,남,44세,상해없음,보행자,남,55세,중상
2021052900100165,2021년 5월 29일 11시,토요일,충청남도 천안시 동남구 신부동,중상사고,0,1,0,0,차대차 - 측면충돌,안전거리미확보,건조,맑음,단일로 - 기타,승용,여,39세,중상,승용,남,65세,상해없음
2021052900100290,2021년 5월 29일 14시,토요일,충청남도 천안시 서북구 쌍용동,경상사고,0,0,1,0,차대사람 - 기타,기타,건조,맑음,교차로 - 교차로부근,자전거,남,15세,기타불명,보행자,남,10세,경상
2021052900100291,2021년 5월 29일 14시,토요일,충청남도 천안시 동남구 신방동,중상사고,0,1,0,0,차대차 - 측면충돌,교차로운행방법위반,건조,맑음,교차로 - 교차로안,승용,여,56세,상해없음,원동기,남,54세,중상
2021052900100318,2021년 5월 29일 15시,토요일,충청남도 천안시 서북구 신당동,경상사고,0,0,1,0,차대사람 - 기타,안전운전불이행,건조,맑음,단일로 - 기타,승용,남,77세,상해없음,보행자,여,24세,경상
2021052900100319,2021년 5월 29일 15시,토요일,충청남도 논산시 은진면,경상사고,0,0,1,0,차대차 - 측면충돌,안전운전불이행,건조,맑음,교차로 - 교차로부근,승용,남,57세,상해없음,승용,남,44세,경상
2021052900100320,2021년 5월 29일 15시,토요일,충청남도 홍성군 갈산면,경상사고,0,0,1,0,차대차 - 측면충돌,안전운전불이행,건조,맑음,단일로 - 기타,승용,여,56세,상해없음,승용,남,72세,경상
2021052900100357,2021년 5월 29일 16시,토요일,충청남도 서산시 읍내동,부상신고사고,0,0,0,1,차대차 - 측면충돌,차로위반,건조,맑음,교차로 - 교차로부근,승용,남,65세,상해없음,승용,남,34세,부상신고
2021052900100358,2021년 5월 29일 16시,토요일,충청남도 논산시 지산동,경상사고,0,0,3,0,차대차 - 측면충돌,차로위반,건조,맑음,단일로 - 기타,승용,남,58세,경상,승용,여,49세,경상
2021052900100359,2021년 5월 29일 16시,토요일,충청남도 아산시 모종동,경상사고,0,0,2,0,차대차 - 기타,안전운전불이행,건조,맑음,단일로 - 기타,승용,남,28세,상해없음,승용,여,28세,경상
2021052900100360,2021년 5월 29일 16시,토요일,충청남도 부여군 내산면,중상사고,0,1,0,0,차량단독 - 전도전복 - 전복,안전운전불이행,건조,맑음,교차로 - 교차로안,이륜,여,75세,중상,,,,
2021052900100396,2021년 5월 29일 17시,토요일,충청남도 천안시 동남구 풍세면,중상사고,0,1,1,0,차대차 - 측면충돌,교차로운행방법위반,건조,맑음,교차로 - 교차로안,승용,남,54세,상해없음,승용,남,24세,경상
2021052900100397,2021년 5월 29일 17시,토요일,충청남도 태안군 소원면,경상사고,0,0,2,0,차대차 - 기타,안전운전불이행,건조,맑음,단일로 - 기타,이륜,여,41세,상해없음,승용,남,28세,경상
2021052900100432,2021년 5월 29일 18시,토요일,충청남도 아산시 인주면,경상사고,0,0,2,0,차대차 - 추돌,안전운전불이행,건조,맑음,단일로 - 기타,승용,남,60세,상해없음,승용,남,32세,경상
2021052900100433,2021년 5월 29일 18시,토요일,충청남도 태안군 남면,중상사고,0,1,0,0,차대차 - 측면충돌,교차로운행방법위반,건조,맑음,교차로 - 교차로안,승용,남,69세,상해없음,승용,남,74세,중상
2021052900100471,2021년 5월 29일 19시,토요일,충청남도 보령시 대천동,경상사고,0,0,1,0,차대차 - 측면충돌,안전운전불이행,건조,맑음,교차로 - 교차로안,승용,남,58세,상해없음,승용,여,71세,경상
2021052900100497,2021년 5월 29일 20시,토요일,충청남도 서산시 동문동,중상사고,0,1,1,0,차대차 - 기타,신호위반,건조,맑음,교차로 - 교차로안,이륜,남,16세,중상,승용,여,51세,경상
2021052900100525,2021년 5월 29일 21시,토요일,충청남도 천안시 동남구 봉명동,중상사고,0,1,0,0,차대사람 - 기타,안전운전불이행,건조,맑음,단일로 - 기타,승용,남,42세,상해없음,보행자,여,25세,중상
2021052900100526,2021년 5월 29일 21시,토요일,충청남도 태안군 원북면,중상사고,0,1,0,0,차량단독 - 도로외이탈 - 추락,안전운전불이행,건조,맑음,교차로 - 교차로안,이륜,남,54세,중상,,,,
2021052900100553,2021년 5월 29일 22시,토요일,충청남도 천안시 서북구 두정동,경상사고,0,0,1,0,차대차 - 측면충돌,신호위반,건조,맑음,교차로 - 교차로안,승용,남,60세,상해없음,원동기,남,17세,경상
2021053000100006,2021년 5월 30일 00시,일요일,충청남도 천안시 서북구 두정동,경상사고,0,0,1,0,차대사람 - 기타,안전운전불이행,건조,맑음,교차로 - 교차로안,승용,남,19세,상해없음,보행자,남,28세,경상
2021053000100044,2021년 5월 30일 07시,일요일,충청남도 천안시 서북구 두정동,경상사고,0,0,2,0,차대차 - 측면충돌,교차로운행방법위반,건조,맑음,교차로 - 교차로안,승용,남,57세,상해없음,승용,남,29세,경상
2021053000100045,2021년 5월 30일 07시,일요일,충청남도 공주시 금성동,중상사고,0,1,0,0,차대차 - 추돌,안전운전불이행,건조,맑음,단일로 - 교량,승용,남,22세,상해없음,이륜,남,78세,중상
2021053000100062,2021년 5월 30일 09시,일요일,충청남도 금산군 금산읍,경상사고,0,0,1,0,차대차 - 측면충돌,교차로운행방법위반,건조,맑음,교차로 - 교차로안,이륜,여,66세,경상,화물,남,59세,기타불명
2021053000100141,2021년 5월 30일 12시,일요일,충청남도 천안시 서북구 두정동,경상사고,0,0,1,0,차량단독 - 전도전복 - 전도,안전운전불이행,건조,맑음,교차로 - 교차로안,이륜,남,33세,경상,,,,
2021053000100175,2021년 5월 30일 13시,일요일,충청남도 부여군 석성면,중상사고,0,1,0,0,차대차 - 후진중충돌,안전운전불이행,건조,맑음,교차로 - 교차로안,승용,남,45세,상해없음,이륜,남,78세,중상
2021053000100211,2021년 5월 30일 14시,일요일,충청남도 서산시 인지면,경상사고,0,0,1,0,차대사람 - 기타,안전운전불이행,건조,맑음,단일로 - 기타,화물,남,66세,상해없음,보행자,남,88세,경상
2021053000100212,2021년 5월 30일 14시,일요일,충청남도 서천군 서면,경상사고,0,0,1,0,차대사람 - 기타,안전운전불이행,건조,맑음,단일로 - 기타,승용,여,65세,상해없음,보행자,여,50세,경상
2021053000100213,2021년 5월 30일 14시,일요일,충청남도 천안시 동남구 청수동,경상사고,0,0,1,0,차량단독 - 기타,안전운전불이행,건조,맑음,단일로 - 기타,승합,남,52세,상해없음,,,,
2021053000100246,2021년 5월 30일 15시,일요일,충청남도 천안시 서북구 두정동,경상사고,0,0,1,0,차대차 - 기타,직진우회전진행방해,건조,맑음,교차로 - 교차로안,승용,남,40세,상해없음,이륜,남,42세,경상
2021053000100247,2021년 5월 30일 15시,일요일,충청남도 천안시 서북구 성성동,경상사고,0,0,2,0,차대차 - 추돌,안전운전불이행,건조,맑음,기타 - 기타,승용,여,49세,상해없음,승용,남,30세,경상
2021053000100285,2021년 5월 30일 16시,일요일,충청남도 부여군 양화면,중상사고,0,1,0,0,차대사람 - 기타,안전운전불이행,건조,흐림,단일로 - 기타,승용,남,54세,상해없음,보행자,남,78세,중상
2021053000100322,2021년 5월 30일 17시,일요일,충청남도 공주시 사곡면,경상사고,0,0,1,0,차대차 - 추돌,중앙선침범,건조,맑음,단일로 - 기타,자전거,남,12세,경상,승용,남,59세,상해없음
2021053000100357,2021년 5월 30일 18시,일요일,충청남도 아산시 둔포면,경상사고,0,0,1,0,차대사람 - 기타,안전운전불이행,건조,맑음,단일로 - 기타,승용,남,48세,기타불명,보행자,여,62세,경상
2021053000100389,2021년 5월 30일 19시,일요일,충청남도 천안시 서북구 성정동,경상사고,0,0,1,0,차대차 - 추돌,안전거리미확보,건조,맑음,교차로 - 교차로안,승용,남,31세,상해없음,승용,남,49세,경상
2021053000100390,2021년 5월 30일 19시,일요일,충청남도 예산군 삽교읍,중상사고,0,1,0,0,차량단독 - 전도전복 - 전복,안전운전불이행,건조,맑음,단일로 - 기타,화물,남,65세,상해없음,,,,
2021053000100391,2021년 5월 30일 19시,일요일,충청남도 천안시 동남구 목천읍,중상사고,0,1,2,0,차대차 - 기타,중앙선침범,건조,맑음,단일로 - 기타,승용,여,40세,상해없음,승용,남,32세,경상
2021053000100442,2021년 5월 30일 21시,일요일,충청남도 서천군 종천면,중상사고,0,2,0,0,차대차 - 추돌,안전운전불이행,건조,맑음,기타 - 기타,승용,남,60세,상해없음,승용,남,62세,중상
2021053000100474,2021년 5월 30일 22시,일요일,충청남도 논산시 지산동,중상사고,0,1,1,0,차대차 - 측면충돌,직진우회전진행방해,젖음/습기,비,교차로 - 교차로안,화물,남,56세,경상,승용,여,48세,중상
2021053100100010,2021년 5월 31일 02시,월요일,충청남도 서산시 갈산동,중상사고,0,1,0,0,차대차 - 추돌,안전운전불이행,젖음/습기,흐림,단일로 - 기타,승용,남,38세,상해없음,이륜,남,35세,중상
2021053100100013,2021년 5월 31일 03시,월요일,충청남도 천안시 동남구 구성동,중상사고,0,1,1,0,차량단독 - 공작물충돌,안전운전불이행,건조,맑음,단일로 - 기타,승용,남,52세,경상,,,,
2021053100100071,2021년 5월 31일 08시,월요일,충청남도 청양군 목면,경상사고,0,0,1,0,차대차 - 추돌,안전운전불이행,건조,맑음,기타 - 기타,화물,남,46세,상해없음,승용,여,29세,경상
2021053100100106,2021년 5월 31일 09시,월요일,충청남도 당진시 송산면,경상사고,0,0,2,0,차대차 - 기타,교차로운행방법위반,건조,맑음,교차로 - 교차로안,화물,남,49세,상해없음,승용,남,73세,경상
2021053100100136,2021년 5월 31일 10시,월요일,충청남도 천안시 서북구 두정동,경상사고,0,0,2,0,차대차 - 기타,안전운전불이행,건조,맑음,단일로 - 기타,화물,남,66세,기타불명,승용,여,33세,경상
2021053100100162,2021년 5월 31일 11시,월요일,충청남도 천안시 서북구 성거읍,경상사고,0,0,1,0,차량단독 - 전도전복 - 전복,안전운전불이행,건조,흐림,기타 - 기타,승용,남,53세,경상,,,,
2021053100100218,2021년 5월 31일 13시,월요일,충청남도 서천군 종천면,중상사고,0,2,1,0,차대차 - 추돌,안전운전불이행,건조,맑음,교차로 - 교차로안,화물,남,40세,중상,화물,남,54세,중상
2021053100100219,2021년 5월 31일 13시,월요일,충청남도 부여군 은산면,중상사고,0,1,0,0,차대차 - 기타,직진우회전진행방해,건조,맑음,교차로 - 교차로안,이륜,남,86세,중상,승용,남,63세,상해없음
2021053100100253,2021년 5월 31일 14시,월요일,충청남도 천안시 서북구 성정동,경상사고,0,0,2,0,차대차 - 기타,안전운전불이행,건조,맑음,교차로 - 교차로부근,승용,여,64세,상해없음,승용,남,60세,경상
2021053100100254,2021년 5월 31일 14시,월요일,충청남도 논산시 부적면,경상사고,0,0,2,0,차대차 - 추돌,안전거리미확보,건조,맑음,교차로 - 교차로부근,화물,남,55세,기타불명,승용,여,48세,경상
2021053100100255,2021년 5월 31일 14시,월요일,충청남도 태안군 안면읍,중상사고,0,1,0,0,차대사람 - 기타,안전운전불이행,건조,기타,기타 - 기타,승용,남,78세,상해없음,보행자,여,57세,중상
2021053100100293,2021년 5월 31일 15시,월요일,충청남도 천안시 서북구 두정동,경상사고,0,0,2,0,차대차 - 기타,안전운전불이행,건조,기타,기타 - 기타,승용,남,58세,상해없음,이륜,남,21세,경상
2021053100100294,2021년 5월 31일 15시,월요일,충청남도 천안시 서북구 불당동,경상사고,0,0,1,0,차대차 - 측면충돌,안전거리미확보,건조,맑음,단일로 - 기타,승용,여,25세,상해없음,승용,여,61세,경상
2021053100100295,2021년 5월 31일 15시,월요일,충청남도 공주시 정안면,경상사고,0,0,1,0,차대차 - 기타,안전운전불이행,건조,맑음,단일로 - 기타,승용,남,44세,상해없음,승용,여,55세,경상
2021053100100333,2021년 5월 31일 16시,월요일,충청남도 서산시 예천동,경상사고,0,0,1,0,차대사람 - 기타,기타,건조,맑음,단일로 - 기타,자전거,남,7세,상해없음,보행자,여,39세,경상
2021053100100334,2021년 5월 31일 16시,월요일,충청남도 천안시 동남구 북면,중상사고,0,1,0,0,차대사람 - 기타,안전운전불이행,건조,맑음,단일로 - 기타,승합,남,50세,상해없음,보행자,여,85세,중상
2021053100100373,2021년 5월 31일 17시,월요일,충청남도 서산시 동문동,경상사고,0,0,1,0,차대사람 - 보도통행중,신호위반,건조,맑음,교차로 - 교차로안,승합,남,53세,상해없음,보행자,여,19세,경상
2021053100100374,2021년 5월 31일 17시,월요일,충청남도 예산군 예산읍,경상사고,0,0,2,0,차대차 - 측면충돌,안전운전불이행,건조,맑음,단일로 - 기타,화물,남,53세,상해없음,승용,남,69세,경상
2021053100100375,2021년 5월 31일 17시,월요일,충청남도 당진시 채운동,경상사고,0,0,1,0,차대사람 - 기타,기타,건조,맑음,기타 - 기타,승용,남,49세,상해없음,보행자,여,61세,경상
2021053100100418,2021년 5월 31일 18시,월요일,충청남도 천안시 동남구 수신면,경상사고,0,0,2,0,차대차 - 추돌,안전운전불이행,건조,맑음,단일로 - 기타,승용,여,33세,경상,화물,남,51세,경상
2021053100100453,2021년 5월 31일 19시,월요일,충청남도 서산시 해미면,경상사고,0,0,1,0,차대사람 - 길가장자리구역통행중,안전운전불이행,건조,맑음,단일로 - 기타,승용,남,79세,상해없음,보행자,여,37세,경상
2021053100100477,2021년 5월 31일 20시,월요일,충청남도 서산시 예천동,경상사고,0,0,1,0,차대차 - 정면충돌,신호위반,건조,맑음,교차로 - 교차로안,이륜,남,17세,경상,승용,남,51세,상해없음
2021053100100478,2021년 5월 31일 20시,월요일,충청남도 천안시 서북구 성성동,중상사고,0,1,0,0,차대차 - 측면충돌,신호위반,건조,맑음,교차로 - 교차로안,승용,남,74세,상해없음,이륜,남,25세,중상
2021053100100479,2021년 5월 31일 20시,월요일,충청남도 청양군 대치면,중상사고,0,1,0,0,차대차 - 측면충돌,안전운전불이행,건조,맑음,교차로 - 교차로안,승용,남,53세,상해없음,자전거,남,22세,중상
2021053100100509,2021년 5월 31일 21시,월요일,충청남도 보령시 대천동,경상사고,0,0,2,0,차대차 - 기타,안전거리미확보,건조,맑음,단일로 - 기타,자전거,남,24세,경상,이륜,남,25세,경상
2021060100100014,2021년 6월 1일 01시,화요일,충청남도 서산시 해미면,사망사고,1,0,0,0,차대차 - 기타,안전운전불이행,건조,맑음,단일로 - 기타,승용,남,21세,상해없음,이륜,남,64세,사망
2021060100100025,2021년 6월 1일 02시,화요일,충청남도 홍성군 홍성읍,사망사고,1,1,0,0,차대차 - 추돌,안전운전불이행,건조,맑음,단일로 - 기타,승용,남,19세,상해없음,이륜,남,21세,사망
2021060100100042,2021년 6월 1일 06시,화요일,충청남도 당진시 송산면,중상사고,0,1,0,0,차대차 - 기타,교차로운행방법위반,건조,맑음,교차로 - 교차로안,화물,남,41세,상해없음,승용,남,53세,중상
2021060100100067,2021년 6월 1일 07시,화요일,충청남도 천안시 동남구 신부동,경상사고,0,0,1,0,차대차 - 측면충돌,차로위반,젖음/습기,흐림,단일로 - 기타,화물,남,50세,상해없음,승용,남,32세,경상
2021060100100099,2021년 6월 1일 08시,화요일,충청남도 천안시 동남구 구룡동,경상사고,0,0,3,0,차대차 - 후진중충돌,안전운전불이행,건조,맑음,단일로 - 기타,승용,여,55세,상해없음,승용,여,30세,경상
2021060100100165,2021년 6월 1일 10시,화요일,충청남도 천안시 서북구 성정동,경상사고,0,0,1,0,차대사람 - 횡단중,보행자보호의무위반,건조,맑음,교차로 - 교차로부근,승용,여,55세,상해없음,보행자,여,28세,경상
2021060100100166,2021년 6월 1일 10시,화요일,충청남도 금산군 금산읍,경상사고,0,0,1,0,차대차 - 측면충돌,안전운전불이행,건조,맑음,단일로 - 기타,화물,남,60세,상해없음,승용,여,69세,경상
2021060100100167,2021년 6월 1일 10시,화요일,충청남도 천안시 동남구 영성동,중상사고,0,1,0,0,차대차 - 측면충돌,안전운전불이행,건조,맑음,단일로 - 기타,화물,남,54세,상해없음,자전거,여,72세,중상
2021060100100226,2021년 6월 1일 12시,화요일,충청남도 홍성군 홍성읍,경상사고,0,0,1,0,차대차 - 기타,안전운전불이행,건조,맑음,교차로 - 교차로안,승용,남,22세,상해없음,승용,여,35세,경상
2021060100100265,2021년 6월 1일 13시,화요일,충청남도 서산시 석림동,경상사고,0,0,1,0,차대차 - 추돌,안전운전불이행,건조,맑음,교차로 - 교차로부근,승용,남,48세,상해없음,승용,여,22세,경상
2021060100100305,2021년 6월 1일 14시,화요일,충청남도 천안시 서북구 성환읍,경상사고,0,0,1,0,차대차 - 측면충돌,안전운전불이행,건조,맑음,단일로 - 기타,승용,여,45세,상해없음,승용,여,30세,경상
2021060100100306,2021년 6월 1일 14시,화요일,충청남도 보령시 주교면,경상사고,0,0,2,0,차대차 - 측면충돌,기타,건조,맑음,교차로 - 교차로안,승용,여,40세,경상,화물,남,61세,경상
2021060100100340,2021년 6월 1일 15시,화요일,충청남도 천안시 서북구 쌍용동,경상사고,0,0,1,0,차대차 - 측면충돌,안전거리미확보,건조,맑음,단일로 - 기타,승용,여,41세,상해없음,승용,남,37세,경상