사고번호,사고일시,요일,시군구,사고내용,사망자수,중상자수,경상자수,부상신고자수,사고유형,법규위반,노면상태,기상상태,도로형태,가해운전자 차종,가해운전자 성별,가해운전자 연령,가해운전자 상해정도,피해운전자 차종,피해운전자 성별,피해운전자 연령,피해운전자 상해정도
2021060100100383,2021년 6월 1일 16시,화요일,충청남도 서산시 팔봉면,중상사고,0,1,0,0,차대사람 - 기타,안전운전불이행,건조,맑음,단일로 - 기타,화물,남,54세,상해없음,보행자,남,63세,중상
2021060100100384,2021년 6월 1일 16시,화요일,충청남도 부여군 부여읍,경상사고,0,0,1,0,차대차 - 측면충돌,안전운전불이행,건조,맑음,단일로 - 기타,화물,남,82세,상해없음,자전거,남,13세,경상
2021060100100385,2021년 6월 1일 16시,화요일,충청남도 태안군 태안읍,경상사고,0,0,1,0,차대차 - 추돌,안전거리미확보,건조,맑음,기타 - 기타,승용,남,28세,상해없음,승용,여,44세,경상
2021060100100425,2021년 6월 1일 17시,화요일,충청남도 공주시 우성면,경상사고,0,0,4,0,차대차 - 추돌,안전운전불이행,건조,맑음,교차로 - 교차로부근,화물,남,55세,상해없음,승용,남,30세,경상
2021060100100479,2021년 6월 1일 18시,화요일,충청남도 아산시 신창면,중상사고,0,1,1,0,차대차 - 추돌,안전운전불이행,건조,맑음,단일로 - 기타,화물,남,66세,상해없음,승용,남,61세,중상
2021060100100480,2021년 6월 1일 18시,화요일,충청남도 서천군 서천읍,경상사고,0,0,1,0,차대차 - 정면충돌,중앙선침범,건조,맑음,교차로 - 교차로부근,화물,남,77세,상해없음,승용,남,19세,경상
2021060100100481,2021년 6월 1일 18시,화요일,충청남도 천안시 서북구 성거읍,경상사고,0,0,1,0,차대차 - 측면충돌,안전거리미확보,건조,맑음,단일로 - 기타,승용,남,25세,상해없음,승용,남,30세,경상
2021060100100519,2021년 6월 1일 19시,화요일,충청남도 천안시 서북구 불당동,중상사고,0,1,0,0,차대차 - 측면충돌,안전운전불이행,건조,맑음,단일로 - 기타,승용,여,49세,상해없음,자전거,남,52세,중상
2021060100100546,2021년 6월 1일 20시,화요일,충청남도 논산시 부창동,중상사고,0,1,0,0,차대차 - 추돌,안전운전불이행,건조,맑음,단일로 - 기타,승용,남,31세,상해없음,농기계,남,73세,중상
2021060100100547,2021년 6월 1일 20시,화요일,충청남도 태안군 태안읍,중상사고,0,1,0,0,차대차 - 기타,안전운전불이행,건조,맑음,교차로 - 교차로안,승용,남,41세,상해없음,자전거,남,17세,중상
2021060100100548,2021년 6월 1일 20시,화요일,충청남도 천안시 서북구 성거읍,경상사고,0,0,2,0,차대차 - 측면충돌,안전거리미확보,건조,맑음,단일로 - 기타,승용,남,65세,기타불명,승용,남,33세,경상
2021060100100603,2021년 6월 1일 22시,화요일,충청남도 당진시 읍내동,경상사고,0,0,2,0,차대차 - 추돌,안전운전불이행,건조,기타,교차로 - 교차로안,승용,여,37세,상해없음,화물,남,64세,경상
2021060100100621,2021년 6월 1일 23시,화요일,충청남도 공주시 쌍신동,사망사고,1,0,1,0,차대차 - 정면충돌,중앙선침범,건조,맑음,단일로 - 기타,승용,남,65세,사망,화물,남,49세,경상
2021060200100088,2021년 6월 2일 08시,수요일,충청남도 천안시 서북구 쌍용동,경상사고,0,0,1,0,차대차 - 기타,안전운전불이행,건조,맑음,교차로 - 교차로부근,승용,남,48세,상해없음,개인형이동수단(PM),여,23세,경상
2021060200100089,2021년 6월 2일 08시,수요일,충청남도 홍성군 갈산면,경상사고,0,0,1,0,차대사람 - 횡단중,보행자보호의무위반,건조,맑음,기타 - 기타,승용,남,60세,상해없음,보행자,남,17세,경상
2021060200100090,2021년 6월 2일 08시,수요일,충청남도 보령시 동대동,경상사고,0,0,1,0,차대차 - 기타,안전운전불이행,건조,맑음,단일로 - 기타,승용,여,41세,상해없음,승용,여,26세,경상
2021060200100091,2021년 6월 2일 08시,수요일,충청남도 공주시 교동,경상사고,0,0,2,0,차대차 - 측면충돌,안전운전불이행,건조,맑음,교차로 - 교차로부근,승용,여,50세,상해없음,승용,여,51세,경상
2021060200100092,2021년 6월 2일 08시,수요일,충청남도 금산군 금산읍,경상사고,0,0,2,0,차대차 - 측면충돌,교차로운행방법위반,건조,맑음,교차로 - 교차로안,승용,남,53세,경상,승용,여,56세,경상
2021060200100119,2021년 6월 2일 09시,수요일,충청남도 천안시 서북구 쌍용동,경상사고,0,0,1,0,차대차 - 측면충돌,안전운전불이행,건조,맑음,교차로 - 교차로안,화물,남,60세,상해없음,승용,여,46세,경상
2021060200100120,2021년 6월 2일 09시,수요일,충청남도 아산시 온천동,경상사고,0,0,1,0,차대차 - 기타,안전운전불이행,건조,맑음,교차로 - 교차로안,승용,여,64세,상해없음,승용,여,71세,경상
2021060200100157,2021년 6월 2일 10시,수요일,충청남도 천안시 서북구 쌍용동,부상신고사고,0,0,0,2,차대차 - 측면충돌,안전운전불이행,건조,맑음,단일로 - 기타,승용,여,39세,상해없음,승용,남,38세,부상신고
2021060200100158,2021년 6월 2일 10시,수요일,충청남도 홍성군 홍북읍,경상사고,0,0,1,0,차대차 - 기타,중앙선침범,건조,맑음,단일로 - 기타,승용,남,67세,상해없음,승용,여,43세,경상
2021060200100159,2021년 6월 2일 10시,수요일,충청남도 금산군 남이면,중상사고,0,1,0,0,차대차 - 측면충돌,안전운전불이행,건조,맑음,단일로 - 기타,농기계,남,70세,중상,승용,남,48세,상해없음
2021060200100160,2021년 6월 2일 10시,수요일,충청남도 천안시 동남구 풍세면,사망사고,1,1,2,0,차대차 - 기타,안전운전불이행,건조,맑음,기타 - 기타,건설기계,남,42세,상해없음,화물,남,53세,사망
2021060200100186,2021년 6월 2일 11시,수요일,충청남도 청양군 대치면,중상사고,0,1,0,0,차대사람 - 길가장자리구역통행중,안전운전불이행,건조,맑음,단일로 - 기타,승합,남,64세,상해없음,보행자,여,81세,중상
2021060200100223,2021년 6월 2일 12시,수요일,충청남도 아산시 둔포면,경상사고,0,0,1,0,차대차 - 기타,신호위반,건조,맑음,단일로 - 기타,승용,남,54세,상해없음,화물,남,46세,경상
2021060200100224,2021년 6월 2일 12시,수요일,충청남도 태안군 태안읍,경상사고,0,0,1,0,차대차 - 측면충돌,교차로운행방법위반,건조,맑음,교차로 - 교차로안,화물,남,66세,상해없음,승용,남,51세,경상
2021060200100257,2021년 6월 2일 13시,수요일,충청남도 아산시 온천동,부상신고사고,0,0,0,1,차대차 - 기타,안전운전불이행,건조,맑음,단일로 - 기타,승용,남,55세,상해없음,이륜,남,18세,부상신고
2021060200100258,2021년 6월 2일 13시,수요일,충청남도 보령시 신흑동,경상사고,0,0,1,0,차대차 - 기타,신호위반,건조,맑음,교차로 - 교차로안,화물,남,56세,상해없음,승용,남,35세,경상
2021060200100259,2021년 6월 2일 13시,수요일,충청남도 천안시 동남구 신부동,경상사고,0,0,1,0,차대차 - 측면충돌,안전운전불이행,건조,맑음,단일로 - 기타,특수,남,46세,상해없음,승용,여,44세,경상
2021060200100293,2021년 6월 2일 14시,수요일,충청남도 아산시 음봉면,경상사고,0,0,1,0,차대차 - 기타,안전운전불이행,건조,맑음,단일로 - 기타,승용,여,55세,상해없음,승용,남,46세,경상
2021060200100294,2021년 6월 2일 14시,수요일,충청남도 공주시 금성동,중상사고,0,1,0,0,차대사람 - 횡단중,보행자보호의무위반,건조,맑음,단일로 - 기타,승용,여,22세,상해없음,보행자,여,98세 이상,중상
2021060200100329,2021년 6월 2일 15시,수요일,충청남도 당진시 읍내동,중상사고,0,1,0,0,차대사람 - 횡단중,보행자보호의무위반,건조,맑음,교차로 - 교차로횡단보도내,승용,남,58세,상해없음,보행자,여,65세,중상
2021060200100330,2021년 6월 2일 15시,수요일,충청남도 청양군 장평면,중상사고,0,1,1,0,차대차 - 추돌,안전운전불이행,건조,맑음,단일로 - 기타,승용,남,66세,경상,화물,남,58세,상해없음
2021060200100364,2021년 6월 2일 16시,수요일,충청남도 천안시 서북구 두정동,경상사고,0,0,1,0,차대차 - 측면충돌,중앙선침범,건조,맑음,교차로 - 교차로부근,승용,남,30세,상해없음,승용,남,49세,경상
2021060200100365,2021년 6월 2일 16시,수요일,충청남도 공주시 신관동,중상사고,0,1,0,0,차대차 - 기타,중앙선침범,건조,맑음,단일로 - 기타,승용,남,31세,상해없음,이륜,남,22세,중상
2021060200100366,2021년 6월 2일 16시,수요일,충청남도 예산군 대술면,중상사고,0,1,0,0,차량단독 - 기타,안전운전불이행,건조,맑음,단일로 - 고가도로위,이륜,남,77세,중상,,,,
2021060200100411,2021년 6월 2일 17시,수요일,충청남도 당진시 송악읍,경상사고,0,0,1,0,차대차 - 추돌,안전운전불이행,건조,맑음,교차로 - 교차로부근,승용,남,40세,상해없음,승용,남,34세,경상
2021060200100473,2021년 6월 2일 18시,수요일,충청남도 공주시 정안면,경상사고,0,0,1,0,차대차 - 기타,안전운전불이행,건조,맑음,단일로 - 기타,특수,여,50세,상해없음,승용,남,26세,경상
2021060200100518,2021년 6월 2일 19시,수요일,충청남도 천안시 서북구 성거읍,중상사고,0,1,0,1,차대차 - 측면충돌,신호위반,건조,맑음,교차로 - 교차로안,승용,여,65세,부상신고,승용,남,25세,중상
2021060200100546,2021년 6월 2일 20시,수요일,충청남도 당진시 우강면,경상사고,0,0,1,0,차대차 - 추돌,기타,건조,기타,단일로 - 기타,승용,남,30세,상해없음,농기계,남,63세,경상
2021060200100568,2021년 6월 2일 21시,수요일,충청남도 서산시 해미면,사망사고,2,0,0,0,차대차 - 추돌,기타,건조,맑음,단일로 - 기타,승용,남,49세,상해없음,자전거,남,37세,사망
2021060200100569,2021년 6월 2일 21시,수요일,충청남도 논산시 내동,경상사고,0,0,1,0,차대차 - 측면충돌,안전거리미확보,건조,맑음,교차로 - 교차로부근,승용,남,21세,상해없음,이륜,남,25세,경상
2021060200100570,2021년 6월 2일 21시,수요일,충청남도 아산시 염치읍,경상사고,0,0,1,0,차대차 - 추돌,안전운전불이행,건조,맑음,단일로 - 기타,승용,남,49세,상해없음,화물,남,42세,경상
2021060300100068,2021년 6월 3일 07시,목요일,충청남도 부여군 초촌면,경상사고,0,0,1,0,차대차 - 측면충돌,안전운전불이행,건조,맑음,단일로 - 기타,승용,남,36세,상해없음,화물,남,41세,경상
2021060300100098,2021년 6월 3일 08시,목요일,충청남도 서산시 예천동,부상신고사고,0,0,0,4,차대차 - 추돌,안전운전불이행,건조,맑음,교차로 - 교차로부근,승용,여,61세,상해없음,승용,남,36세,부상신고
2021060300100099,2021년 6월 3일 08시,목요일,충청남도 당진시 원당동,경상사고,0,0,1,0,차대사람 - 횡단중,안전운전불이행,건조,맑음,교차로 - 교차로안,승용,여,42세,상해없음,보행자,여,13세,경상
2021060300100100,2021년 6월 3일 08시,목요일,충청남도 천안시 동남구 신방동,경상사고,0,0,2,0,차대차 - 기타,안전운전불이행,건조,맑음,교차로 - 교차로안,승용,여,57세,경상,승합,여,68세,경상
2021060300100213,2021년 6월 3일 12시,목요일,충청남도 서산시 고북면,경상사고,0,0,1,0,차량단독 - 공작물충돌,안전운전불이행,건조,맑음,교차로 - 교차로부근,화물,남,72세,경상,,,,
2021060300100242,2021년 6월 3일 13시,목요일,충청남도 천안시 서북구 백석동,경상사고,0,0,1,0,차대차 - 기타,교차로운행방법위반,건조,맑음,교차로 - 교차로부근,승용,여,52세,상해없음,승용,여,39세,경상
2021060300100276,2021년 6월 3일 14시,목요일,충청남도 부여군 부여읍,경상사고,0,0,4,0,차대차 - 추돌,안전운전불이행,젖음/습기,기타,단일로 - 기타,화물,남,47세,상해없음,승용,남,59세,경상
2021060300100300,2021년 6월 3일 15시,목요일,충청남도 천안시 서북구 쌍용동,경상사고,0,0,3,0,차대차 - 기타,교차로운행방법위반,젖음/습기,비,기타 - 기타,승용,여,35세,상해없음,승용,남,48세,경상
2021060300100301,2021년 6월 3일 15시,목요일,충청남도 당진시 읍내동,경상사고,0,0,1,0,차대차 - 추돌,교차로운행방법위반,젖음/습기,비,교차로 - 교차로안,화물,남,72세,상해없음,승용,남,21세,경상
2021060300100302,2021년 6월 3일 15시,목요일,충청남도 서천군 화양면,경상사고,0,0,2,0,차대차 - 기타,안전운전불이행,젖음/습기,비,단일로 - 기타,화물,남,58세,상해없음,화물,남,64세,경상
2021060300100367,2021년 6월 3일 17시,목요일,충청남도 서산시 지곡면,중상사고,0,2,1,0,차대차 - 측면충돌,중앙선침범,젖음/습기,비,교차로 - 교차로안,승용,남,31세,경상,승용,남,48세,중상
2021060300100409,2021년 6월 3일 18시,목요일,충청남도 서산시 대산읍,경상사고,0,0,1,0,차대차 - 측면충돌,안전운전불이행,젖음/습기,비,단일로 - 기타,승용,남,58세,상해없음,승용,남,27세,경상
2021060300100410,2021년 6월 3일 18시,목요일,충청남도 천안시 서북구 차암동,경상사고,0,0,1,0,차대차 - 기타,안전거리미확보,건조,맑음,단일로 - 기타,화물,남,84세,기타불명,승용,남,55세,경상
2021060300100411,2021년 6월 3일 18시,목요일,충청남도 보령시 대천동,경상사고,0,0,1,0,차대차 - 측면충돌,직진우회전진행방해,젖음/습기,흐림,교차로 - 교차로안,이륜,남,60세,상해없음,화물,여,71세,경상
2021060300100458,2021년 6월 3일 19시,목요일,충청남도 서산시 성연면,중상사고,0,1,0,0,차대차 - 추돌,안전거리미확보,젖음/습기,비,교차로 - 교차로부근,승용,남,52세,중상,승용,여,46세,상해없음
2021060300100459,2021년 6월 3일 19시,목요일,충청남도 예산군 오가면,경상사고,0,0,1,0,차대차 - 추돌,안전운전불이행,젖음/습기,비,교차로 - 교차로부근,승용,남,44세,기타불명,승용,남,35세,경상
2021060300100502,2021년 6월 3일 20시,목요일,충청남도 천안시 서북구 쌍용동,경상사고,0,0,1,0,차대차 - 기타,교차로운행방법위반,기타,맑음,교차로 - 교차로안,승용,여,21세,상해없음,승용,남,32세,경상
2021060300100503,2021년 6월 3일 20시,목요일,충청남도 아산시 배방읍,경상사고,0,0,1,0,차대사람 - 횡단중,보행자보호의무위반,건조,맑음,교차로 - 교차로안,이륜,남,27세,상해없음,보행자,남,10세,경상
2021060300100504,2021년 6월 3일 20시,목요일,충청남도 보령시 성주면,사망사고,1,0,0,0,차대사람 - 차도통행중,중앙선침범,젖음/습기,비,단일로 - 기타,승용,남,47세,상해없음,보행자,남,55세,사망
2021060300100547,2021년 6월 3일 21시,목요일,충청남도 보령시 동대동,중상사고,0,1,1,0,차대차 - 기타,직진우회전진행방해,젖음/습기,비,교차로 - 교차로안,승용,남,72세,상해없음,승용,남,38세,경상
2021060300100548,2021년 6월 3일 21시,목요일,충청남도 당진시 신평면,경상사고,0,0,1,0,차대차 - 측면충돌,안전운전불이행,건조,맑음,단일로 - 기타,승용,여,59세,상해없음,승용,여,37세,경상
2021060300100602,2021년 6월 3일 22시,목요일,충청남도 천안시 서북구 쌍용동,경상사고,0,0,1,0,차대사람 - 횡단중,신호위반,건조,맑음,기타 - 기타,승용,여,54세,상해없음,보행자,남,57세,경상
2021060300100603,2021년 6월 3일 22시,목요일,충청남도 천안시 서북구 성정동,경상사고,0,0,3,0,차대차 - 기타,직진우회전진행방해,젖음/습기,비,교차로 - 교차로안,승용,남,21세,경상,이륜,남,26세,경상
2021060300100604,2021년 6월 3일 22시,목요일,충청남도 아산시 온천동,경상사고,0,0,1,0,차대차 - 추돌,안전운전불이행,젖음/습기,흐림,교차로 - 교차로안,승합,여,40세,상해없음,승용,남,56세,경상
2021060300100605,2021년 6월 3일 22시,목요일,충청남도 당진시 우두동,중상사고,0,1,1,0,차대차 - 추돌,안전운전불이행,젖음/습기,비,교차로 - 교차로부근,승용,여,40세,상해없음,승용,여,65세,중상
2021060300100606,2021년 6월 3일 22시,목요일,충청남도 천안시 동남구 삼룡동,중상사고,0,1,0,0,차대차 - 추돌,안전운전불이행,젖음/습기,비,기타 - 기타,승용,남,46세,상해없음,승용,남,40세,중상
2021060300100638,2021년 6월 3일 23시,목요일,충청남도 공주시 유구읍,중상사고,0,1,0,0,차대사람 - 차도통행중,보행자보호의무위반,젖음/습기,비,단일로 - 기타,승용,남,30세,기타불명,보행자,여,88세,중상
2021060400100016,2021년 6월 4일 01시,금요일,충청남도 천안시 서북구 성정동,경상사고,0,0,1,0,차대차 - 기타,안전운전불이행,건조,맑음,단일로 - 기타,승용,남,27세,상해없음,승용,남,45세,경상
2021060400100017,2021년 6월 4일 01시,금요일,충청남도 금산군 추부면,중상사고,0,1,0,0,차대차 - 추돌,안전운전불이행,젖음/습기,흐림,단일로 - 기타,화물,남,61세,중상,화물,남,38세,상해없음
2021060400100062,2021년 6월 4일 07시,금요일,충청남도 천안시 서북구 쌍용동,중상사고,0,1,0,0,차대차 - 정면충돌,신호위반,건조,맑음,교차로 - 교차로안,승용,여,22세,상해없음,승용,남,46세,중상
2021060400100306,2021년 6월 4일 14시,금요일,충청남도 천안시 서북구 성성동,중상사고,0,1,1,0,차대차 - 기타,안전운전불이행,건조,맑음,단일로 - 기타,이륜,남,37세,경상,이륜,남,40세,중상
2021060400100307,2021년 6월 4일 14시,금요일,충청남도 아산시 실옥동,경상사고,0,0,1,0,차대차 - 기타,안전운전불이행,건조,맑음,교차로 - 교차로안,화물,남,40세,상해없음,승용,남,45세,경상
2021060400100356,2021년 6월 4일 15시,금요일,충청남도 서산시 동문동,부상신고사고,0,0,0,1,차대차 - 측면충돌,안전운전불이행,건조,맑음,교차로 - 교차로안,이륜,남,47세,부상신고,승용,여,59세,상해없음
2021060400100357,2021년 6월 4일 15시,금요일,충청남도 공주시 반포면,경상사고,0,0,4,0,차대차 - 기타,중앙선침범,건조,맑음,단일로 - 기타,승용,여,57세,상해없음,승용,여,64세,경상
2021060400100401,2021년 6월 4일 16시,금요일,충청남도 서산시 대산읍,경상사고,0,0,1,0,차대차 - 측면충돌,신호위반,건조,맑음,교차로 - 교차로안,승용,여,45세,상해없음,화물,남,58세,경상
2021060400100402,2021년 6월 4일 16시,금요일,충청남도 천안시 서북구 성정동,중상사고,0,1,1,0,차대차 - 측면충돌,안전거리미확보,건조,맑음,단일로 - 기타,승용,여,36세,기타불명,승합,남,56세,경상
2021060400100403,2021년 6월 4일 16시,금요일,충청남도 예산군 예산읍,경상사고,0,0,1,0,차대차 - 정면충돌,신호위반,건조,맑음,교차로 - 교차로안,승용,남,37세,상해없음,승용,남,39세,경상
2021060400100404,2021년 6월 4일 16시,금요일,충청남도 천안시 동남구 풍세면,경상사고,0,0,1,0,차대차 - 측면충돌,교차로운행방법위반,건조,맑음,교차로 - 교차로안,승용,여,52세,경상,화물,남,58세,상해없음
2021060400100459,2021년 6월 4일 17시,금요일,충청남도 천안시 서북구 쌍용동,경상사고,0,0,1,0,차대차 - 측면충돌,신호위반,건조,맑음,단일로 - 기타,승용,남,48세,기타불명,승용,남,59세,경상
2021060400100460,2021년 6월 4일 17시,금요일,충청남도 공주시 신관동,경상사고,0,0,1,0,차대차 - 측면충돌,안전운전불이행,건조,맑음,교차로 - 교차로부근,승용,여,65세,상해없음,승용,여,40세,경상
2021060400100461,2021년 6월 4일 17시,금요일,충청남도 예산군 예산읍,경상사고,0,0,1,0,차대차 - 측면충돌,안전거리미확보,건조,맑음,교차로 - 교차로안,승용,남,80세,상해없음,승용,남,27세,경상
2021060400100569,2021년 6월 4일 19시,금요일,충청남도 논산시 취암동,중상사고,0,1,0,0,차대사람 - 횡단중,보행자보호의무위반,건조,맑음,교차로 - 교차로횡단보도내,승용,남,64세,상해없음,보행자,남,67세,중상
2021060400100570,2021년 6월 4일 19시,금요일,충청남도 천안시 동남구 원성동,경상사고,0,0,1,0,차대차 - 측면충돌,직진우회전진행방해,건조,맑음,교차로 - 교차로안,승용,남,27세,상해없음,승용,여,26세,경상
2021060400100571,2021년 6월 4일 19시,금요일,충청남도 천안시 동남구 유량동,경상사고,0,0,1,0,차대차 - 측면충돌,중앙선침범,건조,맑음,교차로 - 교차로부근,승용,남,74세,상해없음,승용,여,65세,경상
2021060400100660,2021년 6월 4일 22시,금요일,충청남도 천안시 동남구 목천읍,경상사고,0,0,1,0,차대차 - 정면충돌,안전운전불이행,건조,맑음,교차로 - 교차로안,승용,여,68세,상해없음,이륜,남,22세,경상
2021060400100678,2021년 6월 4일 23시,금요일,충청남도 천안시 서북구 성환읍,중상사고,0,3,1,0,차대차 - 정면충돌,기타,건조,맑음,단일로 - 기타,승용,남,23세,중상,승용,남,59세,중상
2021060400100679,2021년 6월 4일 23시,금요일,충청남도 아산시 둔포면,경상사고,0,0,1,0,차대차 - 측면충돌,안전운전불이행,건조,맑음,기타 - 기타,화물,남,26세,상해없음,승용,여,50세,경상
2021060500100007,2021년 6월 5일 00시,토요일,충청남도 천안시 서북구 두정동,중상사고,0,1,0,0,차대사람 - 기타,안전운전불이행,건조,맑음,교차로 - 교차로안,승용,남,22세,상해없음,보행자,남,24세,중상
2021060500100008,2021년 6월 5일 00시,토요일,충청남도 예산군 덕산면,부상신고사고,0,0,0,1,차량단독 - 공작물충돌,안전운전불이행,건조,맑음,단일로 - 기타,승용,남,28세,부상신고,,,,
2021060500100022,2021년 6월 5일 01시,토요일,충청남도 천안시 서북구 두정동,경상사고,0,0,1,0,차대사람 - 기타,안전운전불이행,건조,맑음,교차로 - 교차로안,승용,여,25세,상해없음,보행자,남,27세,경상
2021060500100023,2021년 6월 5일 01시,토요일,충청남도 천안시 서북구 성환읍,경상사고,0,0,1,0,차대차 - 측면충돌,신호위반,건조,맑음,교차로 - 교차로안,승용,남,39세,상해없음,승용,남,30세,경상
2021060500100056,2021년 6월 5일 06시,토요일,충청남도 논산시 노성면,중상사고,0,1,0,0,차대사람 - 보도통행중,안전운전불이행,건조,맑음,교차로 - 교차로안,화물,남,68세,상해없음,보행자,여,79세,중상
2021060500100068,2021년 6월 5일 07시,토요일,충청남도 예산군 예산읍,중상사고,0,1,0,0,차대차 - 측면충돌,직진우회전진행방해,건조,맑음,교차로 - 교차로안,이륜,남,74세,중상,화물,남,60세,상해없음
2021060500100102,2021년 6월 5일 09시,토요일,충청남도 공주시 유구읍,중상사고,0,1,0,0,차대차 - 추돌,중앙선침범,건조,맑음,단일로 - 기타,이륜,여,60세,중상,승용,여,70세,상해없음
2021060500100103,2021년 6월 5일 09시,토요일,충청남도 부여군 옥산면,경상사고,0,0,1,0,차대차 - 정면충돌,안전운전불이행,건조,맑음,단일로 - 기타,승용,여,56세,상해없음,승용,여,60세,경상
2021060500100135,2021년 6월 5일 10시,토요일,충청남도 보령시 신흑동,중상사고,0,1,0,0,차대차 - 측면충돌,직진우회전진행방해,건조,맑음,교차로 - 교차로안,화물,남,56세,상해없음,승용,남,72세,중상
2021060500100136,2021년 6월 5일 10시,토요일,충청남도 당진시 채운동,중상사고,0,1,2,0,차대차 - 측면충돌,중앙선침범,건조,맑음,단일로 - 기타,승용,여,45세,상해없음,승용,남,72세,경상
2021060500100137,2021년 6월 5일 10시,토요일,충청남도 천안시 동남구 신부동,부상신고사고,0,0,0,1,차대차 - 기타,신호위반,건조,맑음,교차로 - 교차로부근,이륜,남,56세,부상신고,승합,남,51세,상해없음
2021060500100185,2021년 6월 5일 11시,토요일,충청남도 천안시 서북구 불당동,경상사고,0,0,3,0,차대차 - 추돌,안전운전불이행,건조,맑음,단일로 - 기타,승용,여,55세,상해없음,승용,남,36세,경상
2021060500100235,2021년 6월 5일 12시,토요일,충청남도 아산시 방축동,중상사고,0,1,1,0,차대차 - 기타,차로위반,건조,맑음,단일로 - 기타,화물,남,72세,상해없음,승용,남,65세,경상
2021060500100292,2021년 6월 5일 13시,토요일,충청남도 보령시 명천동,중상사고,0,2,3,0,차대차 - 추돌,안전운전불이행,건조,맑음,교차로 - 교차로부근,화물,남,52세,상해없음,승용,남,58세,경상
2021060500100338,2021년 6월 5일 14시,토요일,충청남도 논산시 성동면,중상사고,0,1,0,0,차대차 - 측면충돌,중앙선침범,건조,맑음,교차로 - 교차로안,승용,남,56세,상해없음,이륜,남,83세,중상
2021060500100339,2021년 6월 5일 14시,토요일,충청남도 아산시 둔포면,경상사고,0,0,1,0,차대차 - 기타,중앙선침범,건조,맑음,단일로 - 기타,승용,남,23세,상해없음,승용,남,32세,상해없음
2021060500100340,2021년 6월 5일 14시,토요일,충청남도 당진시 석문면,중상사고,0,1,0,0,차대차 - 추돌,안전운전불이행,건조,맑음,교차로 - 교차로안,승용,여,39세,상해없음,이륜,남,70세,중상
2021060500100341,2021년 6월 5일 14시,토요일,충청남도 천안시 동남구 청당동,중상사고,0,1,2,0,차대차 - 측면충돌,안전운전불이행,건조,맑음,단일로 - 기타,승용,여,37세,상해없음,승용,남,27세,경상
2021060500100383,2021년 6월 5일 15시,토요일,충청남도 서산시 석남동,경상사고,0,0,1,0,차대사람 - 횡단중,보행자보호의무위반,건조,맑음,교차로 - 교차로안,승용,남,69세,상해없음,보행자,여,21세,경상
2021060500100427,2021년 6월 5일 16시,토요일,충청남도 보령시 내항동,중상사고,0,1,0,0,차대사람 - 길가장자리구역통행중,안전운전불이행,건조,맑음,단일로 - 기타,화물,남,31세,상해없음,보행자,남,87세,중상
2021060500100458,2021년 6월 5일 17시,토요일,충청남도 태안군 근흥면,부상신고사고,0,0,0,1,차량단독 - 전도전복 - 전도,기타,건조,기타,기타 - 기타,사륜오토바이(ATV),남,60세,부상신고,,,,
2021060500100519,2021년 6월 5일 19시,토요일,충청남도 천안시 동남구 신방동,경상사고,0,0,3,0,차대차 - 측면충돌,신호위반,건조,맑음,교차로 - 교차로안,원동기,남,16세,경상,승용,남,34세,경상
2021060500100567,2021년 6월 5일 21시,토요일,충청남도 예산군 덕산면,경상사고,0,0,1,0,차대차 - 측면충돌,직진우회전진행방해,건조,맑음,교차로 - 교차로안,승용,여,69세,상해없음,화물,남,40세,경상
2021060500100568,2021년 6월 5일 21시,토요일,충청남도 홍성군 은하면,경상사고,0,0,4,0,차대차 - 기타,안전운전불이행,건조,맑음,단일로 - 기타,승용,남,33세,상해없음,승용,남,47세,경상
2021060500100585,2021년 6월 5일 22시,토요일,충청남도 천안시 서북구 두정동,경상사고,0,0,1,0,차대차 - 기타,기타,건조,흐림,단일로 - 기타,승용,남,60세,상해없음,이륜,남,20세,경상
2021060500100586,2021년 6월 5일 22시,토요일,충청남도 천안시 동남구 신부동,부상신고사고,0,0,0,1,차대차 - 추돌,안전운전불이행,건조,맑음,단일로 - 기타,이륜,남,23세,부상신고,기타불명,기타불명,미분류,기타불명
2021060500100610,2021년 6월 5일 23시,토요일,충청남도 서산시 해미면,중상사고,0,1,0,0,차대사람 - 기타,안전운전불이행,건조,맑음,단일로 - 기타,승용,여,51세,상해없음,보행자,여,58세,중상
2021060500100611,2021년 6월 5일 23시,토요일,충청남도 천안시 서북구 불당동,경상사고,0,0,1,0,차대차 - 추돌,안전운전불이행,건조,맑음,교차로 - 교차로부근,승용,남,30세,상해없음,승용,여,31세,경상
2021060500100612,2021년 6월 5일 23시,토요일,충청남도 당진시 수청동,경상사고,0,0,1,0,차대사람 - 길가장자리구역통행중,안전운전불이행,건조,맑음,단일로 - 기타,승용,남,36세,상해없음,보행자,남,15세,경상
2021060600100003,2021년 6월 6일 00시,일요일,충청남도 천안시 서북구 두정동,부상신고사고,0,0,0,1,차량단독 - 기타,안전운전불이행,건조,맑음,기타 - 기타,자전거,남,22세,부상신고,,,,
2021060600100048,2021년 6월 6일 06시,일요일,충청남도 천안시 서북구 불당동,경상사고,0,0,1,0,차대차 - 측면충돌,안전운전불이행,건조,맑음,교차로 - 교차로부근,승용,남,58세,상해없음,승용,남,21세,경상
2021060600100069,2021년 6월 6일 09시,일요일,충청남도 아산시 배방읍,중상사고,0,2,1,0,차대차 - 기타,신호위반,건조,맑음,단일로 - 기타,승용,남,64세,상해없음,승용,남,54세,중상