사고번호,사고일시,요일,시군구,사고내용,사망자수,중상자수,경상자수,부상신고자수,사고유형,법규위반,노면상태,기상상태,도로형태,가해운전자 차종,가해운전자 성별,가해운전자 연령,가해운전자 상해정도,피해운전자 차종,피해운전자 성별,피해운전자 연령,피해운전자 상해정도
2021061100100159,2021년 6월 11일 10시,금요일,충청남도 공주시 옥룡동,중상사고,0,1,0,0,차대차 - 기타,안전운전불이행,건조,맑음,교차로 - 교차로안,승용,여,65세,상해없음,이륜,여,56세,중상
2021061100100263,2021년 6월 11일 13시,금요일,충청남도 천안시 서북구 쌍용동,중상사고,0,1,0,0,차대차 - 측면충돌,중앙선침범,건조,맑음,단일로 - 기타,이륜,남,69세,중상,승용,여,37세,상해없음
2021061100100264,2021년 6월 11일 13시,금요일,충청남도 당진시 송악읍,중상사고,0,1,0,0,차량단독 - 공작물충돌,안전운전불이행,건조,맑음,단일로 - 기타,승용,남,66세,중상,,,,
2021061100100302,2021년 6월 11일 14시,금요일,충청남도 태안군 근흥면,중상사고,0,1,0,0,차대차 - 추돌,중앙선침범,건조,맑음,단일로 - 기타,승용,남,52세,상해없음,화물,남,51세,중상
2021061100100339,2021년 6월 11일 15시,금요일,충청남도 공주시 신관동,경상사고,0,0,1,0,차대차 - 기타,안전운전불이행,건조,맑음,단일로 - 기타,승용,남,19세,상해없음,이륜,남,27세,경상
2021061100100340,2021년 6월 11일 15시,금요일,충청남도 금산군 남일면,경상사고,0,0,1,0,차대차 - 정면충돌,안전운전불이행,건조,맑음,교차로 - 교차로안,이륜,남,81세,경상,승용,여,53세,상해없음
2021061100100413,2021년 6월 11일 17시,금요일,충청남도 당진시 석문면,경상사고,0,0,2,0,차대차 - 측면충돌,교차로운행방법위반,건조,맑음,교차로 - 교차로안,승용,남,47세,경상,승용,남,35세,경상
2021061100100467,2021년 6월 11일 18시,금요일,충청남도 아산시 탕정면,경상사고,0,0,1,0,차대차 - 측면충돌,교차로운행방법위반,건조,맑음,교차로 - 교차로안,승용,남,41세,상해없음,승용,여,29세,경상
2021061100100515,2021년 6월 11일 19시,금요일,충청남도 천안시 서북구 불당동,경상사고,0,0,1,0,차대차 - 측면충돌,안전거리미확보,건조,맑음,교차로 - 교차로부근,승용,여,49세,상해없음,승용,여,36세,경상
2021061100100516,2021년 6월 11일 19시,금요일,충청남도 당진시 석문면,경상사고,0,0,2,0,차대차 - 정면충돌,안전운전불이행,건조,맑음,단일로 - 기타,건설기계,남,62세,상해없음,승용,여,38세,경상
2021061100100542,2021년 6월 11일 20시,금요일,충청남도 아산시 온천동,경상사고,0,0,2,0,차대차 - 추돌,안전운전불이행,건조,맑음,단일로 - 기타,승용,남,51세,상해없음,승용,여,29세,경상
2021061100100543,2021년 6월 11일 20시,금요일,충청남도 서천군 서천읍,경상사고,0,0,1,0,차대차 - 측면충돌,기타,건조,맑음,교차로 - 교차로안,승용,남,35세,상해없음,승용,남,76세,상해없음
2021061100100580,2021년 6월 11일 21시,금요일,충청남도 천안시 서북구 성정동,경상사고,0,0,2,0,차대차 - 추돌,안전운전불이행,건조,맑음,교차로 - 교차로부근,승용,남,42세,상해없음,승용,남,58세,경상
2021061100100639,2021년 6월 11일 23시,금요일,충청남도 천안시 서북구 성거읍,사망사고,1,0,0,0,차대사람 - 기타,안전운전불이행,건조,맑음,교차로 - 교차로부근,승용,남,27세,상해없음,보행자,남,55세,사망
2021061100100640,2021년 6월 11일 23시,금요일,충청남도 당진시 시곡동,중상사고,0,1,0,0,차대사람 - 횡단중,안전운전불이행,건조,기타,단일로 - 기타,승용,여,22세,상해없음,보행자,남,42세,중상
2021061200100004,2021년 6월 12일 00시,토요일,충청남도 아산시 음봉면,중상사고,0,1,0,0,차대차 - 기타,신호위반,건조,맑음,교차로 - 교차로안,승용,남,28세,상해없음,승용,남,32세,중상
2021061200100015,2021년 6월 12일 01시,토요일,충청남도 당진시 송악읍,경상사고,0,0,1,0,차대차 - 추돌,안전운전불이행,건조,맑음,단일로 - 기타,화물,남,47세,상해없음,승용,남,41세,경상
2021061200100022,2021년 6월 12일 02시,토요일,충청남도 태안군 남면,중상사고,0,1,0,0,차대차 - 정면충돌,중앙선침범,기타,안개,단일로 - 기타,승용,여,49세,상해없음,화물,남,44세,중상
2021061200100044,2021년 6월 12일 06시,토요일,충청남도 천안시 서북구 성정동,경상사고,0,0,1,0,차대차 - 측면충돌,안전운전불이행,건조,맑음,기타 - 기타,승용,남,25세,상해없음,승용,남,73세,상해없음
2021061200100073,2021년 6월 12일 08시,토요일,충청남도 청양군 비봉면,경상사고,0,0,3,0,차대차 - 추돌,안전운전불이행,건조,맑음,기타 - 기타,승용,여,55세,경상,승용,남,25세,경상
2021061200100106,2021년 6월 12일 09시,토요일,충청남도 아산시 염치읍,사망사고,1,0,0,0,차량단독 - 전도전복 - 전도,안전운전불이행,건조,맑음,단일로 - 기타,자전거,남,65세,사망,,,,
2021061200100148,2021년 6월 12일 10시,토요일,충청남도 천안시 동남구 삼룡동,경상사고,0,0,3,0,차대차 - 추돌,안전운전불이행,건조,맑음,단일로 - 기타,승용,남,83세,상해없음,승용,남,27세,경상
2021061200100184,2021년 6월 12일 11시,토요일,충청남도 아산시 송악면,경상사고,0,0,1,0,차대차 - 추돌,안전운전불이행,건조,맑음,단일로 - 기타,승용,남,25세,상해없음,승용,여,65세,경상
2021061200100185,2021년 6월 12일 11시,토요일,충청남도 당진시 시곡동,경상사고,0,0,1,0,차대차 - 측면충돌,안전거리미확보,건조,맑음,단일로 - 기타,승용,남,22세,상해없음,승용,남,39세,경상
2021061200100232,2021년 6월 12일 12시,토요일,충청남도 서산시 석림동,중상사고,0,1,0,0,차대차 - 측면충돌,교차로운행방법위반,건조,맑음,교차로 - 교차로부근,이륜,남,36세,상해없음,자전거,여,72세,중상
2021061200100233,2021년 6월 12일 12시,토요일,충청남도 논산시 은진면,경상사고,0,0,1,0,차대차 - 측면충돌,안전운전불이행,건조,맑음,교차로 - 교차로안,이륜,남,81세,경상,화물,남,62세,상해없음
2021061200100234,2021년 6월 12일 12시,토요일,충청남도 아산시 배방읍,경상사고,0,0,2,0,차대차 - 측면충돌,중앙선침범,건조,맑음,교차로 - 교차로부근,승용,남,38세,상해없음,승용,남,37세,경상
2021061200100235,2021년 6월 12일 12시,토요일,충청남도 부여군 외산면,중상사고,0,1,1,0,차대차 - 측면충돌,중앙선침범,건조,맑음,단일로 - 기타,승용,남,88세,경상,화물,남,70세,상해없음
2021061200100273,2021년 6월 12일 13시,토요일,충청남도 서산시 부석면,중상사고,0,1,0,0,차대차 - 후진중충돌,안전운전불이행,건조,맑음,단일로 - 기타,승용,여,64세,상해없음,원동기,남,74세,중상
2021061200100274,2021년 6월 12일 13시,토요일,충청남도 서산시 석남동,부상신고사고,0,0,0,3,차대차 - 측면충돌,직진우회전진행방해,건조,맑음,교차로 - 교차로안,승용,남,57세,상해없음,승용,여,66세,부상신고
2021061200100275,2021년 6월 12일 13시,토요일,충청남도 서산시 동문동,중상사고,0,1,1,0,차대차 - 측면충돌,신호위반,건조,맑음,교차로 - 교차로안,승용,여,47세,경상,승용,남,67세,중상
2021061200100276,2021년 6월 12일 13시,토요일,충청남도 보령시 대천동,경상사고,0,0,1,0,차대차 - 기타,안전운전불이행,건조,맑음,교차로 - 교차로안,승용,남,68세,상해없음,자전거,여,10세,경상
2021061200100277,2021년 6월 12일 13시,토요일,충청남도 태안군 근흥면,경상사고,0,0,4,0,차대차 - 측면충돌,중앙선침범,건조,맑음,단일로 - 기타,승용,남,70세,상해없음,승용,남,41세,경상
2021061200100323,2021년 6월 12일 14시,토요일,충청남도 천안시 서북구 성정동,경상사고,0,0,1,0,차대차 - 기타,안전운전불이행,건조,맑음,단일로 - 기타,원동기,남,35세,상해없음,승용,남,31세,상해없음
2021061200100324,2021년 6월 12일 14시,토요일,충청남도 당진시 송악읍,경상사고,0,0,2,0,차대차 - 측면충돌,안전거리미확보,건조,맑음,단일로 - 기타,승용,남,61세,상해없음,승용,남,24세,경상
2021061200100325,2021년 6월 12일 14시,토요일,충청남도 천안시 동남구 구성동,경상사고,0,0,1,0,차대사람 - 기타,안전운전불이행,건조,맑음,단일로 - 기타,승용,남,58세,상해없음,보행자,남,30세,경상
2021061200100396,2021년 6월 12일 16시,토요일,충청남도 아산시 풍기동,경상사고,0,0,2,0,차대차 - 측면충돌,직진우회전진행방해,건조,맑음,교차로 - 교차로안,승용,남,84세,상해없음,승용,남,21세,경상
2021061200100397,2021년 6월 12일 16시,토요일,충청남도 공주시 신관동,중상사고,0,1,3,0,차대차 - 추돌,안전운전불이행,건조,맑음,교차로 - 교차로부근,승합,남,51세,기타불명,승용,남,50세,경상
2021061200100398,2021년 6월 12일 16시,토요일,충청남도 청양군 청양읍,중상사고,0,1,0,0,차대차 - 측면충돌,안전운전불이행,건조,맑음,교차로 - 교차로안,화물,남,66세,상해없음,이륜,남,76세,중상
2021061200100438,2021년 6월 12일 17시,토요일,충청남도 부여군 부여읍,경상사고,0,0,1,0,차대차 - 측면충돌,직진우회전진행방해,건조,맑음,교차로 - 교차로안,승용,남,64세,상해없음,승용,남,24세,경상
2021061200100485,2021년 6월 12일 18시,토요일,충청남도 서산시 부석면,경상사고,0,0,1,0,차대차 - 측면충돌,불법유턴,건조,맑음,교차로 - 교차로안,승용,여,33세,상해없음,이륜,남,64세,경상
2021061200100569,2021년 6월 12일 21시,토요일,충청남도 금산군 금성면,경상사고,0,0,1,0,차량단독 - 도로외이탈 - 추락,안전운전불이행,젖음/습기,흐림,단일로 - 기타,승용,남,32세,경상,,,,
2021061300100021,2021년 6월 13일 02시,일요일,충청남도 아산시 둔포면,경상사고,0,0,1,0,차대차 - 기타,안전운전불이행,건조,맑음,교차로 - 교차로안,승용,남,32세,상해없음,승용,남,55세,경상
2021061300100086,2021년 6월 13일 10시,일요일,충청남도 서산시 석림동,경상사고,0,0,1,0,차대사람 - 기타,안전운전불이행,건조,맑음,주차장 - 주차장,승용,여,42세,상해없음,보행자,여,47세,경상
2021061300100109,2021년 6월 13일 11시,일요일,충청남도 천안시 서북구 두정동,경상사고,0,0,1,0,차대차 - 측면충돌,신호위반,건조,맑음,교차로 - 교차로부근,승용,여,52세,상해없음,승용,남,48세,경상
2021061300100142,2021년 6월 13일 12시,일요일,충청남도 아산시 읍내동,경상사고,0,0,1,0,차대차 - 측면충돌,안전운전불이행,건조,맑음,교차로 - 교차로안,승용,남,56세,상해없음,이륜,남,59세,경상
2021061300100143,2021년 6월 13일 12시,일요일,충청남도 서천군 서천읍,경상사고,0,0,1,0,차량단독 - 도로외이탈 - 추락,안전운전불이행,건조,맑음,단일로 - 기타,화물,남,76세,경상,,,,
2021061300100144,2021년 6월 13일 12시,일요일,충청남도 당진시 행정동,중상사고,0,1,0,0,차대사람 - 기타,안전운전불이행,건조,맑음,단일로 - 터널,승용,남,69세,상해없음,보행자,남,19세,중상
2021061300100145,2021년 6월 13일 12시,일요일,충청남도 태안군 근흥면,중상사고,0,1,0,0,차대차 - 측면충돌,안전운전불이행,건조,맑음,단일로 - 기타,승용,남,30세,상해없음,농기계,남,85세,중상
2021061300100177,2021년 6월 13일 13시,일요일,충청남도 서산시 동문동,중상사고,0,1,1,0,차대사람 - 보도통행중,보행자보호의무위반,건조,맑음,교차로 - 교차로횡단보도내,화물,여,57세,상해없음,보행자,여,25세,경상
2021061300100178,2021년 6월 13일 13시,일요일,충청남도 서산시 읍내동,중상사고,0,1,0,0,차대차 - 추돌,차로위반,건조,맑음,단일로 - 기타,승용,남,29세,상해없음,이륜,남,33세,중상
2021061300100179,2021년 6월 13일 13시,일요일,충청남도 공주시 신관동,경상사고,0,0,1,0,차대사람 - 기타,안전운전불이행,건조,맑음,단일로 - 기타,승용,여,22세,상해없음,보행자,남,23세,경상
2021061300100215,2021년 6월 13일 14시,일요일,충청남도 아산시 온천동,중상사고,0,1,0,0,차대사람 - 기타,안전운전불이행,건조,맑음,단일로 - 기타,승용,남,56세,상해없음,보행자,남,74세,중상
2021061300100254,2021년 6월 13일 15시,일요일,충청남도 서산시 팔봉면,경상사고,0,0,3,0,차대차 - 추돌,기타,건조,맑음,단일로 - 기타,승용,남,47세,상해없음,승용,남,38세,경상
2021061300100255,2021년 6월 13일 15시,일요일,충청남도 천안시 서북구 불당동,경상사고,0,0,1,0,차대차 - 기타,안전거리미확보,건조,맑음,단일로 - 기타,승용,여,31세,상해없음,승용,남,51세,경상
2021061300100256,2021년 6월 13일 15시,일요일,충청남도 아산시 배방읍,경상사고,0,0,1,0,차대차 - 기타,안전운전불이행,건조,맑음,단일로 - 기타,승용,여,52세,상해없음,승용,여,27세,경상
2021061300100257,2021년 6월 13일 15시,일요일,충청남도 청양군 목면,중상사고,0,4,1,0,차대차 - 정면충돌,중앙선침범,건조,맑음,교차로 - 교차로부근,승용,남,49세,중상,승용,남,43세,중상
2021061300100258,2021년 6월 13일 15시,일요일,충청남도 천안시 서북구 성거읍,경상사고,0,0,1,0,차대차 - 기타,안전운전불이행,건조,맑음,단일로 - 기타,화물,남,62세,상해없음,승용,여,53세,경상
2021061300100326,2021년 6월 13일 17시,일요일,충청남도 계룡시 두마면,경상사고,0,0,5,0,차대차 - 기타,안전운전불이행,건조,맑음,단일로 - 기타,승용,남,74세,상해없음,승용,남,38세,경상
2021061300100414,2021년 6월 13일 20시,일요일,충청남도 아산시 용화동,중상사고,0,1,0,0,차대차 - 측면충돌,신호위반,건조,흐림,교차로 - 교차로안,이륜,남,56세,상해없음,이륜,남,29세,중상
2021061300100415,2021년 6월 13일 20시,일요일,충청남도 공주시 중동,경상사고,0,0,4,0,차대차 - 기타,안전운전불이행,건조,맑음,단일로 - 기타,승용,남,47세,상해없음,승용,남,44세,경상
2021061300100416,2021년 6월 13일 20시,일요일,충청남도 금산군 금산읍,경상사고,0,0,1,0,차대사람 - 횡단중,보행자보호의무위반,건조,맑음,기타 - 기타,승용,여,37세,상해없음,보행자,남,66세,경상
2021061300100441,2021년 6월 13일 21시,일요일,충청남도 천안시 서북구 두정동,중상사고,0,1,1,1,차대차 - 측면충돌,안전운전불이행,건조,맑음,단일로 - 기타,원동기,남,18세,부상신고,이륜,남,47세,중상
2021061300100458,2021년 6월 13일 22시,일요일,충청남도 아산시 인주면,경상사고,0,0,1,0,차대차 - 기타,안전거리미확보,건조,맑음,단일로 - 기타,승합,남,55세,기타불명,승용,남,28세,경상
2021061300100459,2021년 6월 13일 22시,일요일,충청남도 보령시 동대동,경상사고,0,0,2,0,차대차 - 측면충돌,안전운전불이행,건조,맑음,교차로 - 교차로안,승용,남,57세,경상,승용,여,56세,경상
2021061300100471,2021년 6월 13일 23시,일요일,충청남도 천안시 서북구 두정동,경상사고,0,0,1,0,차대차 - 기타,신호위반,건조,기타,교차로 - 교차로부근,이륜,남,35세,상해없음,승용,남,28세,경상
2021061400100010,2021년 6월 14일 02시,월요일,충청남도 천안시 서북구 입장면,경상사고,0,0,1,0,차대사람 - 기타,안전운전불이행,건조,맑음,단일로 - 기타,승용,남,50세,상해없음,보행자,남,22세,경상
2021061400100011,2021년 6월 14일 02시,월요일,충청남도 천안시 동남구 수신면,경상사고,0,0,1,0,차대차 - 측면충돌,안전운전불이행,건조,맑음,주차장 - 주차장,화물,남,47세,상해없음,화물,남,56세,경상
2021061400100055,2021년 6월 14일 07시,월요일,충청남도 천안시 동남구 청당동,경상사고,0,0,1,0,차대차 - 측면충돌,차로위반,젖음/습기,흐림,단일로 - 기타,승용,남,54세,상해없음,승용,여,26세,경상
2021061400100094,2021년 6월 14일 08시,월요일,충청남도 천안시 서북구 쌍용동,경상사고,0,0,2,0,차대차 - 측면충돌,안전운전불이행,건조,맑음,단일로 - 기타,승용,남,46세,상해없음,승용,여,45세,경상
2021061400100095,2021년 6월 14일 08시,월요일,충청남도 태안군 태안읍,중상사고,0,1,0,0,차대사람 - 보도통행중,안전운전불이행,건조,맑음,단일로 - 기타,승용,여,44세,상해없음,보행자,남,66세,중상
2021061400100134,2021년 6월 14일 09시,월요일,충청남도 당진시 시곡동,경상사고,0,0,3,0,차대차 - 추돌,안전거리미확보,건조,맑음,단일로 - 기타,화물,남,65세,상해없음,승용,여,48세,경상
2021061400100167,2021년 6월 14일 10시,월요일,충청남도 계룡시 두마면,경상사고,0,0,1,0,차대차 - 측면충돌,신호위반,건조,맑음,교차로 - 교차로안,승용,남,76세,상해없음,화물,남,61세,경상
2021061400100168,2021년 6월 14일 10시,월요일,충청남도 아산시 염치읍,경상사고,0,0,2,0,차대차 - 추돌,안전운전불이행,건조,맑음,단일로 - 기타,승용,남,54세,상해없음,승용,여,52세,경상
2021061400100169,2021년 6월 14일 10시,월요일,충청남도 보령시 대천동,경상사고,0,0,1,0,차대사람 - 횡단중,보행자보호의무위반,건조,맑음,교차로 - 교차로횡단보도내,승합,남,54세,상해없음,보행자,남,59세,경상
2021061400100170,2021년 6월 14일 10시,월요일,충청남도 공주시 정안면,사망사고,1,0,0,0,차대차 - 기타,안전운전불이행,건조,맑음,단일로 - 기타,화물,남,49세,상해없음,이륜,남,71세,사망
2021061400100198,2021년 6월 14일 11시,월요일,충청남도 아산시 실옥동,경상사고,0,0,1,0,차대차 - 기타,안전운전불이행,건조,맑음,교차로 - 교차로부근,건설기계,남,67세,상해없음,승용,여,40세,경상
2021061400100270,2021년 6월 14일 13시,월요일,충청남도 천안시 서북구 성거읍,중상사고,0,1,0,0,차량단독 - 기타,안전운전불이행,건조,맑음,교차로 - 교차로안,승합,남,54세,상해없음,,,,
2021061400100271,2021년 6월 14일 13시,월요일,충청남도 공주시 신기동,중상사고,0,1,0,0,차대차 - 기타,교차로운행방법위반,건조,맑음,교차로 - 교차로부근,승용,여,44세,상해없음,이륜,남,68세,중상
2021061400100272,2021년 6월 14일 13시,월요일,충청남도 예산군 예산읍,중상사고,0,1,0,0,차대사람 - 차도통행중,안전운전불이행,건조,맑음,단일로 - 기타,건설기계,남,59세,상해없음,보행자,남,84세,중상
2021061400100353,2021년 6월 14일 15시,월요일,충청남도 보령시 명천동,경상사고,0,0,1,0,차대차 - 기타,안전운전불이행,건조,맑음,단일로 - 기타,승용,여,56세,상해없음,자전거,남,68세,경상
2021061400100385,2021년 6월 14일 16시,월요일,충청남도 천안시 동남구 성남면,부상신고사고,0,0,0,1,차량단독 - 기타,안전운전불이행,건조,맑음,교차로 - 교차로안,사륜오토바이(ATV),여,68세,부상신고,,,,
2021061400100428,2021년 6월 14일 17시,월요일,충청남도 천안시 서북구 업성동,중상사고,0,3,1,0,차대차 - 추돌,안전운전불이행,젖음/습기,맑음,기타 - 기타,승용,남,48세,기타불명,승용,남,24세,중상
2021061400100429,2021년 6월 14일 17시,월요일,충청남도 천안시 동남구 신부동,부상신고사고,0,0,0,1,차대차 - 기타,안전운전불이행,건조,맑음,단일로 - 기타,승용,남,67세,부상신고,화물,남,63세,상해없음
2021061400100474,2021년 6월 14일 18시,월요일,충청남도 천안시 서북구 성거읍,경상사고,0,0,1,0,차대차 - 측면충돌,안전운전불이행,건조,맑음,교차로 - 교차로부근,기타불명,기타불명,미분류,기타불명,자전거,남,63세,경상
2021061400100475,2021년 6월 14일 18시,월요일,충청남도 아산시 방축동,경상사고,0,0,2,0,차대차 - 추돌,안전운전불이행,건조,맑음,단일로 - 기타,승용,남,53세,상해없음,승용,남,51세,경상
2021061400100476,2021년 6월 14일 18시,월요일,충청남도 당진시 신평면,경상사고,0,0,1,0,차대차 - 측면충돌,안전운전불이행,건조,맑음,단일로 - 기타,승용,남,39세,상해없음,승용,여,58세,경상
2021061400100477,2021년 6월 14일 18시,월요일,충청남도 당진시 순성면,사망사고,1,0,0,0,차대사람 - 횡단중,보행자보호의무위반,건조,흐림,단일로 - 기타,승용,남,64세,상해없음,보행자,남,9세,사망
2021061400100514,2021년 6월 14일 19시,월요일,충청남도 부여군 부여읍,경상사고,0,0,1,0,차대차 - 측면충돌,안전운전불이행,건조,맑음,교차로 - 교차로안,승용,여,60세,상해없음,승용,남,30세,경상
2021061400100536,2021년 6월 14일 20시,월요일,충청남도 천안시 서북구 쌍용동,중상사고,0,1,0,0,차대차 - 정면충돌,중앙선침범,건조,맑음,교차로 - 교차로부근,승용,남,31세,상해없음,이륜,남,21세,중상
2021061400100556,2021년 6월 14일 21시,월요일,충청남도 천안시 서북구 성환읍,중상사고,0,2,1,0,차대차 - 측면충돌,신호위반,건조,맑음,교차로 - 교차로안,승용,여,47세,경상,승용,남,25세,중상
2021061400100557,2021년 6월 14일 21시,월요일,충청남도 당진시 시곡동,경상사고,0,0,1,0,차대사람 - 차도통행중,안전운전불이행,건조,맑음,단일로 - 기타,승합,남,44세,상해없음,보행자,남,76세,경상
2021061500100012,2021년 6월 15일 01시,화요일,충청남도 천안시 동남구 신방동,경상사고,0,0,1,0,차대차 - 후진중충돌,안전운전불이행,건조,맑음,교차로 - 교차로안,승용,여,41세,상해없음,승용,남,35세,경상
2021061500100013,2021년 6월 15일 01시,화요일,충청남도 태안군 근흥면,부상신고사고,0,0,0,1,차량단독 - 공작물충돌,안전운전불이행,건조,맑음,단일로 - 기타,승용,남,40세,부상신고,,,,
2021061500100028,2021년 6월 15일 05시,화요일,충청남도 아산시 배방읍,경상사고,0,0,1,0,차대차 - 기타,신호위반,건조,맑음,교차로 - 교차로안,승용,남,71세,상해없음,승용,여,65세,경상
2021061500100037,2021년 6월 15일 06시,화요일,충청남도 논산시 가야곡면,경상사고,0,0,1,0,차대차 - 정면충돌,신호위반,건조,맑음,교차로 - 교차로안,승용,여,64세,상해없음,승용,남,62세,경상
2021061500100038,2021년 6월 15일 06시,화요일,충청남도 천안시 동남구 신방동,경상사고,0,0,1,0,차대차 - 추돌,안전운전불이행,건조,맑음,기타 - 기타,승용,남,47세,상해없음,승합,남,46세,경상
2021061500100081,2021년 6월 15일 08시,화요일,충청남도 보령시 죽정동,경상사고,0,0,1,0,차대사람 - 횡단중,보행자보호의무위반,건조,맑음,교차로 - 교차로횡단보도내,승합,남,52세,상해없음,보행자,남,74세,경상
2021061500100082,2021년 6월 15일 08시,화요일,충청남도 예산군 예산읍,중상사고,0,1,0,0,차대사람 - 차도통행중,안전운전불이행,건조,맑음,교차로 - 교차로안,승용,여,53세,상해없음,보행자,여,84세,중상
2021061500100106,2021년 6월 15일 09시,화요일,충청남도 아산시 둔포면,중상사고,0,1,0,0,차대차 - 측면충돌,중앙선침범,건조,맑음,기타 - 기타,화물,남,65세,상해없음,화물,남,54세,중상
2021061500100107,2021년 6월 15일 09시,화요일,충청남도 천안시 동남구 목천읍,경상사고,0,0,3,0,차대차 - 측면충돌,중앙선침범,건조,맑음,단일로 - 기타,승용,여,57세,상해없음,승용,남,35세,경상
2021061500100139,2021년 6월 15일 10시,화요일,충청남도 서산시 동문동,경상사고,0,0,2,0,차대차 - 측면충돌,안전운전불이행,젖음/습기,흐림,교차로 - 교차로안,이륜,남,40세,상해없음,승용,여,25세,경상
2021061500100140,2021년 6월 15일 10시,화요일,충청남도 천안시 서북구 입장면,경상사고,0,0,1,0,차대차 - 기타,직진우회전진행방해,건조,맑음,교차로 - 교차로안,승용,남,32세,상해없음,승용,남,60세,경상
2021061500100174,2021년 6월 15일 11시,화요일,충청남도 보령시 주포면,중상사고,0,3,0,0,차대차 - 기타,안전운전불이행,젖음/습기,비,단일로 - 기타,승합,남,28세,상해없음,승용,남,27세,상해없음
2021061500100175,2021년 6월 15일 11시,화요일,충청남도 부여군 부여읍,중상사고,0,1,0,0,차대차 - 기타,안전운전불이행,젖음/습기,비,단일로 - 기타,승합,여,45세,상해없음,이륜,남,72세,중상
2021061500100250,2021년 6월 15일 13시,화요일,충청남도 서산시 석림동,경상사고,0,0,1,0,차대차 - 측면충돌,직진우회전진행방해,건조,맑음,교차로 - 교차로안,승용,남,50세,상해없음,승용,여,56세,경상
2021061500100251,2021년 6월 15일 13시,화요일,충청남도 논산시 광석면,중상사고,0,1,0,0,차대차 - 측면충돌,직진우회전진행방해,젖음/습기,비,교차로 - 교차로안,화물,남,75세,상해없음,이륜,남,79세,중상
2021061500100284,2021년 6월 15일 14시,화요일,충청남도 서산시 동문동,경상사고,0,0,1,0,차대사람 - 길가장자리구역통행중,안전운전불이행,건조,맑음,단일로 - 기타,승용,남,72세,상해없음,보행자,남,27세,경상
2021061500100438,2021년 6월 15일 18시,화요일,충청남도 천안시 서북구 두정동,중상사고,0,1,0,0,차대차 - 기타,신호위반,건조,맑음,기타 - 기타,승용,남,45세,상해없음,승용,남,36세,중상
2021061500100570,2021년 6월 15일 22시,화요일,충청남도 천안시 동남구 신부동,경상사고,0,0,1,0,차대차 - 정면충돌,신호위반,건조,맑음,교차로 - 교차로안,승용,여,30세,상해없음,원동기,남,43세,경상
2021061500100591,2021년 6월 15일 23시,화요일,충청남도 천안시 서북구 불당동,중상사고,0,1,0,0,차대차 - 기타,안전거리미확보,건조,맑음,단일로 - 기타,승용,남,35세,상해없음,개인형이동수단(PM),남,22세,중상
2021061500100592,2021년 6월 15일 23시,화요일,충청남도 아산시 둔포면,경상사고,0,0,2,0,차대차 - 측면충돌,교차로운행방법위반,건조,맑음,교차로 - 교차로안,승용,남,26세,경상,화물,남,63세,경상
2021061600100008,2021년 6월 16일 00시,수요일,충청남도 천안시 서북구 업성동,경상사고,0,0,1,0,차대차 - 기타,중앙선침범,건조,맑음,교차로 - 교차로부근,승용,여,38세,상해없음,승용,여,51세,경상
2021061600100059,2021년 6월 16일 07시,수요일,충청남도 부여군 부여읍,경상사고,0,0,1,0,차대차 - 측면충돌,교차로운행방법위반,건조,맑음,교차로 - 교차로안,승용,남,59세,상해없음,자전거,여,54세,경상
2021061600100137,2021년 6월 16일 09시,수요일,충청남도 천안시 서북구 쌍용동,경상사고,0,0,1,0,차대차 - 측면충돌,기타,건조,맑음,단일로 - 기타,승용,남,71세,상해없음,자전거,남,86세,경상
2021061600100138,2021년 6월 16일 09시,수요일,충청남도 홍성군 홍성읍,경상사고,0,0,1,0,차대차 - 추돌,안전운전불이행,건조,맑음,기타 - 기타,승합,남,40세,상해없음,승용,여,37세,경상
2021061600100167,2021년 6월 16일 10시,수요일,충청남도 서산시 예천동,경상사고,0,0,2,0,차대차 - 측면충돌,신호위반,건조,맑음,교차로 - 교차로안,승용,남,54세,상해없음,승용,남,54세,경상
2021061600100262,2021년 6월 16일 13시,수요일,충청남도 홍성군 홍성읍,경상사고,0,0,1,0,차대차 - 추돌,안전운전불이행,건조,맑음,교차로 - 교차로안,승용,남,18세,상해없음,승용,남,34세,경상
2021061600100263,2021년 6월 16일 13시,수요일,충청남도 당진시 석문면,사망사고,1,0,0,0,차대사람 - 기타,안전운전불이행,건조,맑음,단일로 - 기타,화물,남,82세,상해없음,보행자,여,79세,사망
2021061600100297,2021년 6월 16일 14시,수요일,충청남도 홍성군 홍성읍,경상사고,0,0,1,0,차대사람 - 기타,안전운전불이행,건조,맑음,단일로 - 기타,승용,여,66세,상해없음,보행자,여,57세,경상
2021061600100298,2021년 6월 16일 14시,수요일,충청남도 아산시 배방읍,경상사고,0,0,1,0,차대차 - 후진중충돌,안전운전불이행,건조,맑음,교차로 - 교차로부근,승용,여,51세,상해없음,승용,남,33세,경상
2021061600100299,2021년 6월 16일 14시,수요일,충청남도 예산군 봉산면,경상사고,0,0,1,0,차량단독 - 도로외이탈 - 추락,안전운전불이행,건조,맑음,교차로 - 교차로안,농기계,남,81세,경상,,,,
2021061600100300,2021년 6월 16일 14시,수요일,충청남도 예산군 예산읍,경상사고,0,0,2,0,차대차 - 추돌,안전운전불이행,건조,맑음,단일로 - 교량,화물,남,23세,상해없음,승용,여,28세,경상