사고번호,사고일시,요일,시군구,사고내용,사망자수,중상자수,경상자수,부상신고자수,사고유형,법규위반,노면상태,기상상태,도로형태,가해운전자 차종,가해운전자 성별,가해운전자 연령,가해운전자 상해정도,피해운전자 차종,피해운전자 성별,피해운전자 연령,피해운전자 상해정도
2021070700100154,2021년 7월 7일 10시,수요일,충청남도 보령시 명천동,경상사고,0,0,1,0,차대차 - 측면충돌,신호위반,건조,흐림,교차로 - 교차로안,승용,여,28세,상해없음,승용,남,41세,경상
2021070700100155,2021년 7월 7일 10시,수요일,충청남도 공주시 주미동,경상사고,0,0,1,0,차량단독 - 공작물충돌,안전운전불이행,건조,맑음,교차로 - 교차로부근,승용,남,72세,상해없음,,,,
2021070700100156,2021년 7월 7일 10시,수요일,충청남도 당진시 송산면,경상사고,0,0,2,0,차대차 - 기타,중앙선침범,건조,맑음,단일로 - 기타,승용,여,76세,경상,특수,남,62세,경상
2021070700100201,2021년 7월 7일 11시,수요일,충청남도 천안시 서북구 부대동,부상신고사고,0,0,0,1,차대차 - 측면충돌,직진우회전진행방해,건조,맑음,교차로 - 교차로안,개인형이동수단(PM),남,15세,부상신고,화물,남,68세,상해없음
2021070700100202,2021년 7월 7일 11시,수요일,충청남도 아산시 풍기동,중상사고,0,1,0,0,차대차 - 기타,안전운전불이행,건조,맑음,교차로 - 교차로안,승용,여,44세,상해없음,승용,여,48세,중상
2021070700100331,2021년 7월 7일 15시,수요일,충청남도 아산시 둔포면,경상사고,0,0,2,0,차대차 - 추돌,안전운전불이행,건조,맑음,교차로 - 교차로부근,화물,남,48세,상해없음,승용,남,58세,경상
2021070700100417,2021년 7월 7일 17시,수요일,충청남도 천안시 동남구 신부동,부상신고사고,0,0,0,2,차대사람 - 길가장자리구역통행중,기타,건조,맑음,단일로 - 기타,기타불명,기타불명,미분류,기타불명,보행자,여,19세,부상신고
2021070700100457,2021년 7월 7일 18시,수요일,충청남도 서산시 읍내동,부상신고사고,0,0,0,1,차대차 - 측면충돌,직진우회전진행방해,건조,맑음,교차로 - 교차로안,이륜,남,26세,부상신고,승용,여,47세,상해없음
2021070700100458,2021년 7월 7일 18시,수요일,충청남도 천안시 서북구 두정동,경상사고,0,0,1,0,차대차 - 측면충돌,안전운전불이행,건조,맑음,단일로 - 기타,원동기,남,19세,상해없음,승용,여,38세,경상
2021070700100506,2021년 7월 7일 19시,수요일,충청남도 천안시 서북구 쌍용동,경상사고,0,0,1,0,차대차 - 측면충돌,안전운전불이행,건조,맑음,기타 - 기타,승용,남,37세,상해없음,자전거,여,48세,경상
2021070700100507,2021년 7월 7일 19시,수요일,충청남도 보령시 죽정동,경상사고,0,0,2,0,차대차 - 측면충돌,불법유턴,건조,맑음,교차로 - 교차로부근,승용,남,79세,경상,승용,여,54세,경상
2021070700100544,2021년 7월 7일 20시,수요일,충청남도 서산시 대산읍,경상사고,0,0,2,0,차대차 - 후진중충돌,안전운전불이행,건조,맑음,단일로 - 기타,화물,남,44세,기타불명,승용,여,49세,경상
2021070700100545,2021년 7월 7일 20시,수요일,충청남도 천안시 서북구 성정동,부상신고사고,0,0,0,1,차대사람 - 기타,안전운전불이행,건조,맑음,교차로 - 교차로안,화물,남,42세,상해없음,보행자,남,55세,상해없음
2021070700100546,2021년 7월 7일 20시,수요일,충청남도 당진시 신평면,경상사고,0,0,3,0,차대차 - 기타,안전거리미확보,건조,맑음,기타 - 기타,화물,남,60세,경상,승용,남,25세,경상
2021070700100547,2021년 7월 7일 20시,수요일,충청남도 천안시 동남구 신부동,경상사고,0,0,1,0,차대차 - 측면충돌,안전거리미확보,건조,맑음,단일로 - 기타,승용,남,23세,상해없음,승용,남,26세,경상
2021070700100548,2021년 7월 7일 20시,수요일,충청남도 천안시 동남구 원성동,경상사고,0,0,2,0,차대차 - 측면충돌,안전거리미확보,건조,맑음,단일로 - 기타,승용,남,25세,경상,승용,여,51세,경상
2021070700100617,2021년 7월 7일 22시,수요일,충청남도 천안시 서북구 직산읍,경상사고,0,0,2,0,차대차 - 후진중충돌,안전운전불이행,젖음/습기,비,단일로 - 기타,승용,남,28세,상해없음,승용,남,52세,경상
2021070700100644,2021년 7월 7일 23시,수요일,충청남도 천안시 서북구 두정동,경상사고,0,0,4,0,차대차 - 추돌,안전운전불이행,젖음/습기,비,단일로 - 기타,승용,남,25세,상해없음,승용,남,21세,경상
2021070800100007,2021년 7월 8일 00시,목요일,충청남도 천안시 서북구 성정동,중상사고,0,2,0,0,차대차 - 측면충돌,신호위반,젖음/습기,비,교차로 - 교차로안,승용,남,42세,상해없음,승용,여,48세,중상
2021070800100137,2021년 7월 8일 09시,목요일,충청남도 천안시 서북구 백석동,중상사고,0,1,0,0,차대차 - 추돌,안전운전불이행,건조,맑음,단일로 - 기타,승용,남,25세,상해없음,화물,남,58세,중상
2021070800100138,2021년 7월 8일 09시,목요일,충청남도 천안시 서북구 성정동,경상사고,0,0,2,0,차대차 - 측면충돌,안전운전불이행,건조,맑음,교차로 - 교차로안,승합,여,35세,경상,승용,여,26세,경상
2021070800100139,2021년 7월 8일 09시,목요일,충청남도 홍성군 홍북읍,경상사고,0,0,1,0,차대차 - 기타,신호위반,건조,맑음,교차로 - 교차로안,승용,여,54세,상해없음,승용,남,50세,경상
2021070800100140,2021년 7월 8일 09시,목요일,충청남도 아산시 용화동,경상사고,0,0,1,0,차대차 - 측면충돌,교차로운행방법위반,건조,맑음,교차로 - 교차로안,승용,남,66세,상해없음,자전거,여,54세,경상
2021070800100141,2021년 7월 8일 09시,목요일,충청남도 아산시 둔포면,경상사고,0,0,1,0,차대차 - 기타,안전운전불이행,건조,맑음,교차로 - 교차로안,화물,남,57세,상해없음,자전거,남,85세,경상
2021070800100180,2021년 7월 8일 10시,목요일,충청남도 천안시 서북구 입장면,경상사고,0,0,1,0,차대차 - 기타,교차로운행방법위반,건조,맑음,교차로 - 교차로부근,화물,남,58세,상해없음,승용,여,32세,경상
2021070800100181,2021년 7월 8일 10시,목요일,충청남도 홍성군 홍성읍,중상사고,0,2,0,0,차대차 - 기타,중앙선침범,건조,맑음,단일로 - 기타,승용,남,78세,상해없음,승용,남,78세,중상
2021070800100182,2021년 7월 8일 10시,목요일,충청남도 보령시 주교면,중상사고,0,1,0,0,차대차 - 기타,신호위반,건조,맑음,교차로 - 교차로안,화물,여,65세,상해없음,화물,남,30세,중상
2021070800100210,2021년 7월 8일 11시,목요일,충청남도 공주시 웅진동,중상사고,0,1,2,0,차대차 - 기타,신호위반,건조,맑음,교차로 - 교차로안,승용,여,48세,경상,승용,남,52세,중상
2021070800100241,2021년 7월 8일 12시,목요일,충청남도 논산시 연무읍,경상사고,0,0,1,0,차대차 - 추돌,안전운전불이행,건조,맑음,교차로 - 교차로부근,화물,남,60세,상해없음,승용,여,59세,경상
2021070800100242,2021년 7월 8일 12시,목요일,충청남도 보령시 웅천읍,경상사고,0,0,1,0,차대차 - 측면충돌,신호위반,건조,맑음,교차로 - 교차로안,승용,남,21세,상해없음,승용,남,39세,경상
2021070800100278,2021년 7월 8일 13시,목요일,충청남도 천안시 서북구 직산읍,경상사고,0,0,1,0,차대사람 - 기타,안전운전불이행,건조,맑음,단일로 - 기타,특수,남,41세,상해없음,보행자,남,31세,경상
2021070800100279,2021년 7월 8일 13시,목요일,충청남도 아산시 신창면,경상사고,0,0,5,0,차대차 - 측면충돌,기타,건조,맑음,단일로 - 기타,승용,남,29세,경상,승용,여,42세,경상
2021070800100280,2021년 7월 8일 13시,목요일,충청남도 당진시 수청동,경상사고,0,0,1,0,차대차 - 측면충돌,중앙선침범,건조,맑음,단일로 - 기타,승용,여,48세,상해없음,이륜,남,46세,경상
2021070800100304,2021년 7월 8일 14시,목요일,충청남도 천안시 서북구 불당동,경상사고,0,0,1,0,차대차 - 측면충돌,안전거리미확보,건조,맑음,단일로 - 기타,화물,남,64세,상해없음,화물,남,34세,상해없음
2021070800100337,2021년 7월 8일 15시,목요일,충청남도 홍성군 금마면,중상사고,0,1,2,0,차대차 - 기타,안전운전불이행,건조,맑음,교차로 - 교차로안,화물,남,69세,경상,승용,여,21세,경상
2021070800100374,2021년 7월 8일 16시,목요일,충청남도 서산시 성연면,경상사고,0,0,1,0,차대사람 - 횡단중,안전운전불이행,건조,맑음,기타 - 기타,승용,남,31세,상해없음,보행자,여,40세,경상
2021070800100375,2021년 7월 8일 16시,목요일,충청남도 천안시 동남구 다가동,경상사고,0,0,1,0,차대사람 - 기타,안전운전불이행,건조,맑음,단일로 - 기타,승용,여,60세,상해없음,보행자,남,7세,경상
2021070800100413,2021년 7월 8일 17시,목요일,충청남도 천안시 서북구 성환읍,경상사고,0,0,3,0,차대차 - 측면충돌,직진우회전진행방해,건조,맑음,교차로 - 교차로안,승용,남,62세,상해없음,화물,남,64세,경상
2021070800100414,2021년 7월 8일 17시,목요일,충청남도 아산시 배방읍,경상사고,0,0,1,0,차대차 - 기타,안전운전불이행,건조,맑음,교차로 - 교차로안,승용,남,53세,상해없음,승용,여,53세,경상
2021070800100415,2021년 7월 8일 17시,목요일,충청남도 예산군 오가면,경상사고,0,0,2,0,차대차 - 추돌,안전운전불이행,건조,맑음,교차로 - 교차로부근,승합,여,58세,상해없음,승용,남,59세,상해없음
2021070800100450,2021년 7월 8일 18시,목요일,충청남도 서산시 읍내동,중상사고,0,1,0,0,차대사람 - 횡단중,보행자보호의무위반,건조,맑음,단일로 - 기타,승용,여,55세,상해없음,보행자,여,49세,중상
2021070800100451,2021년 7월 8일 18시,목요일,충청남도 천안시 서북구 성정동,경상사고,0,0,1,0,차대차 - 측면충돌,직진우회전진행방해,건조,맑음,교차로 - 교차로안,이륜,남,47세,경상,승용,남,46세,상해없음
2021070800100452,2021년 7월 8일 18시,목요일,충청남도 천안시 서북구 성정동,경상사고,0,0,2,0,차대차 - 측면충돌,직진우회전진행방해,건조,맑음,교차로 - 교차로안,승용,남,60세,상해없음,이륜,남,17세,경상
2021070800100453,2021년 7월 8일 18시,목요일,충청남도 천안시 동남구 병천면,경상사고,0,0,1,0,차대차 - 기타,신호위반,건조,맑음,교차로 - 교차로안,승용,남,47세,상해없음,승용,남,37세,경상
2021070800100485,2021년 7월 8일 19시,목요일,충청남도 천안시 서북구 성정동,중상사고,0,1,0,0,차대차 - 측면충돌,직진우회전진행방해,건조,맑음,교차로 - 교차로안,이륜,남,53세,중상,승용,남,22세,상해없음
2021070800100515,2021년 7월 8일 20시,목요일,충청남도 아산시 용화동,중상사고,0,1,0,0,차대차 - 기타,안전운전불이행,건조,맑음,교차로 - 교차로안,화물,남,47세,상해없음,이륜,남,48세,중상
2021070800100548,2021년 7월 8일 21시,목요일,충청남도 아산시 배방읍,중상사고,0,1,0,0,차대차 - 기타,신호위반,건조,맑음,교차로 - 교차로안,승용,남,49세,상해없음,승용,남,48세,중상
2021070800100549,2021년 7월 8일 21시,목요일,충청남도 예산군 오가면,경상사고,0,0,1,0,차량단독 - 공작물충돌,안전운전불이행,건조,맑음,단일로 - 기타,승용,여,45세,경상,,,,
2021070900100021,2021년 7월 9일 01시,금요일,충청남도 논산시 취암동,중상사고,0,1,0,0,차대차 - 측면충돌,교차로운행방법위반,건조,맑음,교차로 - 교차로안,승용,남,30세,상해없음,이륜,남,56세,중상
2021070900100089,2021년 7월 9일 08시,금요일,충청남도 아산시 모종동,중상사고,0,1,0,0,차대사람 - 보도통행중,보행자보호의무위반,건조,맑음,단일로 - 기타,승용,여,37세,상해없음,보행자,남,43세,중상
2021070900100090,2021년 7월 9일 08시,금요일,충청남도 금산군 금성면,중상사고,0,1,0,0,차대차 - 측면충돌,교차로운행방법위반,건조,맑음,교차로 - 교차로안,이륜,남,60세,중상,승용,여,26세,상해없음
2021070900100142,2021년 7월 9일 10시,금요일,충청남도 당진시 원당동,경상사고,0,0,3,0,차대차 - 측면충돌,중앙선침범,건조,맑음,단일로 - 기타,승용,남,56세,상해없음,승용,여,43세,경상
2021070900100276,2021년 7월 9일 14시,금요일,충청남도 천안시 동남구 쌍용동,경상사고,0,0,1,0,차대차 - 기타,안전운전불이행,건조,맑음,단일로 - 기타,승용,남,56세,상해없음,승용,남,66세,경상
2021070900100317,2021년 7월 9일 15시,금요일,충청남도 서산시 지곡면,경상사고,0,0,1,1,차대차 - 측면충돌,안전거리미확보,건조,맑음,교차로 - 교차로부근,승용,남,30세,부상신고,승용,남,25세,경상
2021070900100355,2021년 7월 9일 16시,금요일,충청남도 금산군 진산면,경상사고,0,0,5,0,차대차 - 정면충돌,안전운전불이행,건조,맑음,단일로 - 기타,승용,남,47세,경상,승용,여,39세,경상
2021070900100356,2021년 7월 9일 16시,금요일,충청남도 천안시 동남구 신방동,경상사고,0,0,2,0,차대차 - 기타,안전운전불이행,건조,맑음,단일로 - 기타,승용,여,56세,상해없음,승용,여,21세,경상
2021070900100406,2021년 7월 9일 17시,금요일,충청남도 서산시 동문동,경상사고,0,0,3,0,차대차 - 측면충돌,안전운전불이행,건조,맑음,교차로 - 교차로안,승용,여,38세,상해없음,승합,여,43세,경상
2021070900100407,2021년 7월 9일 17시,금요일,충청남도 예산군 예산읍,경상사고,0,0,3,1,차대차 - 정면충돌,직진우회전진행방해,건조,맑음,교차로 - 교차로안,승용,여,32세,부상신고,화물,남,71세,경상
2021070900100452,2021년 7월 9일 18시,금요일,충청남도 천안시 서북구 백석동,경상사고,0,0,1,0,차대사람 - 기타,보행자보호의무위반,건조,맑음,교차로 - 교차로횡단보도내,승용,남,55세,상해없음,보행자,남,7세,경상
2021070900100453,2021년 7월 9일 18시,금요일,충청남도 천안시 서북구 불당동,경상사고,0,0,1,0,차대차 - 기타,안전운전불이행,건조,맑음,단일로 - 기타,승용,여,53세,기타불명,승용,남,30세,경상
2021070900100454,2021년 7월 9일 18시,금요일,충청남도 아산시 탕정면,경상사고,0,0,1,0,차대차 - 측면충돌,안전운전불이행,건조,맑음,기타 - 기타,승용,여,42세,상해없음,승용,남,24세,경상
2021070900100502,2021년 7월 9일 19시,금요일,충청남도 아산시 염치읍,경상사고,0,0,1,0,차량단독 - 기타,안전운전불이행,건조,맑음,단일로 - 기타,이륜,남,42세,경상,,,,
2021070900100541,2021년 7월 9일 20시,금요일,충청남도 천안시 동남구 광덕면,경상사고,0,0,4,0,차대차 - 기타,안전운전불이행,건조,맑음,단일로 - 기타,승용,여,46세,상해없음,화물,남,51세,경상
2021070900100606,2021년 7월 9일 22시,금요일,충청남도 공주시 유구읍,경상사고,0,0,3,0,차대차 - 측면충돌,신호위반,건조,맑음,교차로 - 교차로안,승용,여,46세,경상,승용,여,53세,경상
2021070900100607,2021년 7월 9일 22시,금요일,충청남도 공주시 신관동,중상사고,0,1,0,0,차대차 - 측면충돌,직진우회전진행방해,건조,기타,교차로 - 교차로안,승용,여,48세,상해없음,이륜,남,30세,중상
2021070900100608,2021년 7월 9일 22시,금요일,충청남도 예산군 예산읍,경상사고,0,0,2,0,차대차 - 측면충돌,안전운전불이행,건조,맑음,교차로 - 교차로안,승용,남,52세,상해없음,승용,남,30세,경상
2021070900100638,2021년 7월 9일 23시,금요일,충청남도 천안시 동남구 구성동,경상사고,0,0,1,0,차대차 - 기타,신호위반,건조,맑음,교차로 - 교차로안,승용,남,32세,상해없음,승용,여,25세,경상
2021071000100011,2021년 7월 10일 00시,토요일,충청남도 천안시 서북구 두정동,경상사고,0,0,1,0,차대사람 - 기타,안전운전불이행,건조,맑음,기타 - 기타,승용,남,22세,상해없음,보행자,남,22세,경상
2021071000100058,2021년 7월 10일 03시,토요일,충청남도 태안군 소원면,중상사고,0,1,1,0,차대차 - 정면충돌,중앙선침범,건조,맑음,단일로 - 기타,승용,남,43세,상해없음,승용,남,37세,중상
2021071000100085,2021년 7월 10일 07시,토요일,충청남도 서산시 성연면,경상사고,0,0,1,0,차대차 - 기타,안전거리미확보,건조,맑음,단일로 - 기타,승용,남,27세,상해없음,승용,남,40세,경상
2021071000100086,2021년 7월 10일 07시,토요일,충청남도 당진시 신평면,경상사고,0,0,1,0,차대차 - 정면충돌,안전운전불이행,건조,맑음,단일로 - 기타,승용,남,43세,상해없음,이륜,남,81세,경상
2021071000100104,2021년 7월 10일 08시,토요일,충청남도 서산시 동문동,경상사고,0,0,1,0,차대차 - 측면충돌,안전운전불이행,건조,맑음,교차로 - 교차로안,화물,남,31세,상해없음,승용,남,50세,경상
2021071000100105,2021년 7월 10일 08시,토요일,충청남도 천안시 서북구 불당동,경상사고,0,0,1,0,차대차 - 기타,안전운전불이행,건조,맑음,단일로 - 기타,승용,남,26세,상해없음,승용,남,62세,경상
2021071000100106,2021년 7월 10일 08시,토요일,충청남도 천안시 동남구 풍세면,경상사고,0,0,1,0,차대차 - 후진중충돌,안전운전불이행,건조,맑음,단일로 - 기타,승용,여,55세,기타불명,화물,남,50세,경상
2021071000100132,2021년 7월 10일 09시,토요일,충청남도 서산시 석남동,중상사고,0,1,0,0,차대사람 - 횡단중,안전운전불이행,건조,맑음,교차로 - 교차로안,승용,남,87세,상해없음,보행자,여,55세,중상
2021071000100133,2021년 7월 10일 09시,토요일,충청남도 서천군 서면,경상사고,0,0,1,0,차대사람 - 길가장자리구역통행중,안전운전불이행,건조,맑음,교차로 - 교차로안,승용,남,37세,상해없음,보행자,여,26세,경상
2021071000100134,2021년 7월 10일 09시,토요일,충청남도 보령시 성주면,사망사고,1,0,1,0,차량단독 - 기타,안전운전불이행,건조,맑음,기타 - 기타,승용,남,79세,경상,,,,
2021071000100169,2021년 7월 10일 10시,토요일,충청남도 천안시 서북구 두정동,경상사고,0,0,1,0,차대차 - 기타,차로위반,건조,맑음,기타 - 기타,승합,남,57세,기타불명,승용,남,24세,경상
2021071000100261,2021년 7월 10일 12시,토요일,충청남도 서산시 갈산동,중상사고,0,1,0,0,차대차 - 측면충돌,신호위반,건조,맑음,교차로 - 교차로안,승용,여,61세,상해없음,이륜,남,35세,중상
2021071000100262,2021년 7월 10일 12시,토요일,충청남도 아산시 모종동,경상사고,0,0,1,0,차대차 - 기타,차로위반,건조,맑음,단일로 - 기타,원동기,남,46세,상해없음,원동기,남,24세,경상
2021071000100293,2021년 7월 10일 13시,토요일,충청남도 천안시 서북구 성정동,경상사고,0,0,1,0,차대차 - 기타,안전운전불이행,건조,맑음,교차로 - 교차로횡단보도내,승용,남,34세,상해없음,자전거,남,44세,경상
2021071000100294,2021년 7월 10일 13시,토요일,충청남도 부여군 세도면,사망사고,1,0,0,0,차량단독 - 기타,안전운전불이행,건조,맑음,단일로 - 기타,승용,남,49세,사망,,,,
2021071000100295,2021년 7월 10일 13시,토요일,충청남도 천안시 동남구 광덕면,중상사고,0,1,1,0,차대차 - 추돌,안전운전불이행,건조,맑음,교차로 - 교차로부근,승용,남,45세,상해없음,승용,남,51세,경상
2021071000100335,2021년 7월 10일 14시,토요일,충청남도 홍성군 홍성읍,중상사고,0,1,0,0,차대사람 - 기타,안전운전불이행,건조,맑음,교차로 - 교차로부근,승용,여,40세,상해없음,보행자,여,81세,중상
2021071000100336,2021년 7월 10일 14시,토요일,충청남도 아산시 송악면,중상사고,0,1,2,0,차대차 - 기타,안전거리미확보,건조,맑음,단일로 - 기타,승용,남,42세,상해없음,승용,남,78세,경상
2021071000100337,2021년 7월 10일 14시,토요일,충청남도 아산시 모종동,경상사고,0,0,1,0,차대차 - 추돌,안전거리미확보,건조,맑음,단일로 - 기타,승용,여,66세,상해없음,승용,남,30세,경상
2021071000100338,2021년 7월 10일 14시,토요일,충청남도 천안시 동남구 원성동,경상사고,0,0,1,0,차대차 - 측면충돌,기타,건조,맑음,교차로 - 교차로안,이륜,남,53세,경상,승용,남,33세,상해없음
2021071000100339,2021년 7월 10일 14시,토요일,충청남도 천안시 동남구 구성동,경상사고,0,0,1,0,차대차 - 측면충돌,신호위반,건조,맑음,교차로 - 교차로안,승용,남,46세,기타불명,승용,남,61세,경상
2021071000100368,2021년 7월 10일 15시,토요일,충청남도 천안시 동남구 영성동,경상사고,0,0,4,0,차대차 - 측면충돌,기타,건조,맑음,단일로 - 기타,승용,여,60세,기타불명,승용,여,49세,경상
2021071000100505,2021년 7월 10일 19시,토요일,충청남도 천안시 서북구 두정동,경상사고,0,0,1,0,차대차 - 기타,안전운전불이행,건조,맑음,단일로 - 기타,승용,남,60세,상해없음,이륜,남,29세,경상
2021071000100606,2021년 7월 10일 23시,토요일,충청남도 천안시 서북구 두정동,경상사고,0,0,1,0,차대사람 - 기타,안전운전불이행,건조,맑음,단일로 - 기타,화물,남,53세,상해없음,보행자,남,26세,경상
2021071100100002,2021년 7월 11일 00시,일요일,충청남도 당진시 시곡동,경상사고,0,0,2,0,차대차 - 추돌,안전거리미확보,건조,맑음,교차로 - 교차로부근,승용,남,39세,상해없음,승합,남,64세,경상
2021071100100022,2021년 7월 11일 02시,일요일,충청남도 아산시 둔포면,중상사고,0,1,0,0,차대사람 - 기타,안전운전불이행,건조,맑음,단일로 - 기타,승용,여,52세,상해없음,보행자,남,21세,중상
2021071100100054,2021년 7월 11일 09시,일요일,충청남도 천안시 동남구 청수동,경상사고,0,0,4,0,차대차 - 기타,직진우회전진행방해,건조,맑음,교차로 - 교차로안,승용,여,76세,상해없음,승용,남,44세,경상
2021071100100089,2021년 7월 11일 11시,일요일,충청남도 천안시 서북구 직산읍,중상사고,0,2,0,0,차량단독 - 공작물충돌,안전운전불이행,건조,맑음,교차로 - 교차로안,승용,남,57세,중상,,,,
2021071100100090,2021년 7월 11일 11시,일요일,충청남도 홍성군 홍성읍,경상사고,0,0,2,0,차대차 - 측면충돌,안전운전불이행,건조,맑음,단일로 - 기타,승용,여,47세,상해없음,승용,여,49세,경상
2021071100100144,2021년 7월 11일 13시,일요일,충청남도 천안시 서북구 직산읍,경상사고,0,0,1,0,차대차 - 후진중충돌,안전운전불이행,건조,맑음,단일로 - 기타,승용,여,41세,상해없음,승용,남,39세,상해없음
2021071100100145,2021년 7월 11일 13시,일요일,충청남도 공주시 우성면,경상사고,0,0,1,0,차대차 - 측면충돌,안전운전불이행,젖음/습기,비,교차로 - 교차로안,승용,여,46세,기타불명,승용,남,56세,경상
2021071100100146,2021년 7월 11일 13시,일요일,충청남도 당진시 우강면,경상사고,0,0,1,0,차대차 - 측면충돌,안전운전불이행,건조,맑음,교차로 - 교차로안,화물,남,63세,상해없음,화물,남,62세,상해없음
2021071100100172,2021년 7월 11일 14시,일요일,충청남도 아산시 둔포면,경상사고,0,0,1,0,차대차 - 기타,안전운전불이행,건조,맑음,단일로 - 기타,승용,남,60세,상해없음,승용,여,66세,경상
2021071100100173,2021년 7월 11일 14시,일요일,충청남도 청양군 정산면,경상사고,0,0,2,0,차대차 - 측면충돌,신호위반,건조,맑음,교차로 - 교차로안,화물,남,56세,상해없음,승용,남,48세,경상
2021071100100208,2021년 7월 11일 15시,일요일,충청남도 천안시 서북구 두정동,경상사고,0,0,1,0,차대차 - 기타,안전운전불이행,건조,맑음,단일로 - 기타,승용,남,30세,상해없음,이륜,남,26세,경상
2021071100100209,2021년 7월 11일 15시,일요일,충청남도 아산시 온천동,사망사고,1,0,0,0,차대차 - 기타,중앙선침범,건조,맑음,단일로 - 기타,승용,남,36세,상해없음,화물,남,67세,사망
2021071100100236,2021년 7월 11일 16시,일요일,충청남도 예산군 신양면,경상사고,0,0,3,0,차대차 - 측면충돌,안전운전불이행,건조,맑음,단일로 - 기타,승합,남,65세,상해없음,승용,여,33세,경상
2021071100100262,2021년 7월 11일 17시,일요일,충청남도 서산시 지곡면,중상사고,0,1,0,0,차대사람 - 기타,보행자보호의무위반,건조,맑음,교차로 - 교차로안,승용,남,50세,상해없음,보행자,여,76세,중상
2021071100100263,2021년 7월 11일 17시,일요일,충청남도 천안시 서북구 두정동,경상사고,0,0,1,0,차대차 - 추돌,안전운전불이행,건조,맑음,교차로 - 교차로부근,승용,남,50세,상해없음,승용,남,66세,경상
2021071100100300,2021년 7월 11일 18시,일요일,충청남도 당진시 읍내동,경상사고,0,0,1,0,차대차 - 측면충돌,중앙선침범,건조,맑음,교차로 - 교차로안,승용,여,56세,상해없음,이륜,남,49세,경상
2021071100100348,2021년 7월 11일 20시,일요일,충청남도 아산시 탕정면,경상사고,0,0,1,0,차대차 - 기타,안전운전불이행,건조,맑음,교차로 - 교차로안,화물,남,73세,상해없음,승용,남,40세,상해없음
2021071100100349,2021년 7월 11일 20시,일요일,충청남도 천안시 동남구 봉명동,경상사고,0,0,1,0,차대차 - 기타,안전운전불이행,건조,맑음,단일로 - 기타,자전거,남,30세,경상,승용,남,32세,상해없음
2021071100100379,2021년 7월 11일 21시,일요일,충청남도 천안시 서북구 성거읍,중상사고,0,1,0,0,차대차 - 측면충돌,안전거리미확보,건조,맑음,단일로 - 기타,승용,남,26세,상해없음,이륜,남,26세,중상
2021071100100380,2021년 7월 11일 21시,일요일,충청남도 공주시 유구읍,경상사고,0,0,1,0,차대사람 - 차도통행중,안전운전불이행,건조,맑음,단일로 - 기타,승용,남,57세,상해없음,보행자,남,54세,경상
2021071100100381,2021년 7월 11일 21시,일요일,충청남도 천안시 동남구 신부동,경상사고,0,0,1,0,차대사람 - 횡단중,보행자보호의무위반,건조,맑음,단일로 - 기타,승합,남,37세,상해없음,보행자,여,16세,경상
2021071200100009,2021년 7월 12일 01시,월요일,충청남도 서산시 동문동,중상사고,0,1,0,0,차대차 - 측면충돌,교차로운행방법위반,건조,맑음,교차로 - 교차로부근,승용,남,24세,상해없음,승용,남,46세,중상
2021071200100014,2021년 7월 12일 02시,월요일,충청남도 천안시 서북구 성정동,경상사고,0,0,1,0,차대차 - 측면충돌,안전운전불이행,건조,맑음,기타 - 기타,승용,남,26세,기타불명,승용,남,51세,경상
2021071200100042,2021년 7월 12일 07시,월요일,충청남도 서천군 종천면,경상사고,0,0,1,0,차량단독 - 전도전복 - 전도,안전운전불이행,건조,맑음,단일로 - 기타,이륜,여,56세,경상,,,,
2021071200100100,2021년 7월 12일 09시,월요일,충청남도 계룡시 두마면,중상사고,0,1,0,0,차대사람 - 횡단중,신호위반,건조,맑음,교차로 - 교차로횡단보도내,승용,여,48세,상해없음,보행자,여,32세,중상
2021071200100101,2021년 7월 12일 09시,월요일,충청남도 서천군 장항읍,경상사고,0,0,1,0,차대차 - 측면충돌,안전운전불이행,건조,맑음,단일로 - 기타,승용,남,37세,상해없음,자전거,남,95세,경상
2021071200100125,2021년 7월 12일 10시,월요일,충청남도 부여군 부여읍,중상사고,0,1,0,0,차대사람 - 횡단중,안전운전불이행,건조,맑음,교차로 - 교차로안,화물,남,72세,상해없음,보행자,여,82세,중상
2021071200100155,2021년 7월 12일 11시,월요일,충청남도 아산시 모종동,중상사고,0,1,0,0,차대차 - 기타,신호위반,건조,맑음,교차로 - 교차로안,승합,남,47세,상해없음,승용,여,62세,중상
2021071200100194,2021년 7월 12일 12시,월요일,충청남도 서산시 석남동,경상사고,0,0,1,0,차대차 - 후진중충돌,안전운전불이행,건조,맑음,주차장 - 주차장,승용,남,44세,상해없음,승용,남,25세,경상
2021071200100195,2021년 7월 12일 12시,월요일,충청남도 천안시 서북구 두정동,경상사고,0,0,1,0,차대차 - 기타,안전운전불이행,건조,맑음,교차로 - 교차로안,승용,남,58세,상해없음,이륜,남,29세,경상
2021071200100196,2021년 7월 12일 12시,월요일,충청남도 공주시 봉정동,경상사고,0,0,1,0,차대차 - 추돌,안전운전불이행,건조,맑음,교차로 - 교차로부근,화물,남,66세,상해없음,승용,남,84세,경상
2021071200100231,2021년 7월 12일 13시,월요일,충청남도 서산시 동문동,경상사고,0,0,1,0,차대차 - 측면충돌,직진우회전진행방해,건조,맑음,교차로 - 교차로안,승용,남,39세,상해없음,이륜,남,39세,경상