사고번호,사고일시,요일,시군구,사고내용,사망자수,중상자수,경상자수,부상신고자수,사고유형,법규위반,노면상태,기상상태,도로형태,가해운전자 차종,가해운전자 성별,가해운전자 연령,가해운전자 상해정도,피해운전자 차종,피해운전자 성별,피해운전자 연령,피해운전자 상해정도
2021071200100232,2021년 7월 12일 13시,월요일,충청남도 천안시 동남구 신부동,경상사고,0,0,1,0,차대차 - 기타,안전운전불이행,건조,맑음,단일로 - 기타,승용,남,51세,상해없음,이륜,남,36세,경상
2021071200100268,2021년 7월 12일 14시,월요일,충청남도 아산시 둔포면,중상사고,0,1,1,0,차대차 - 기타,안전운전불이행,건조,맑음,단일로 - 기타,화물,남,59세,중상,승용,남,47세,경상
2021071200100269,2021년 7월 12일 14시,월요일,충청남도 아산시 둔포면,경상사고,0,0,1,0,차대차 - 추돌,안전운전불이행,건조,맑음,교차로 - 교차로안,승용,여,62세,상해없음,승용,남,38세,경상
2021071200100270,2021년 7월 12일 14시,월요일,충청남도 보령시 신흑동,경상사고,0,0,1,0,차대차 - 기타,신호위반,건조,맑음,단일로 - 기타,승용,여,55세,상해없음,승용,남,43세,경상
2021071200100302,2021년 7월 12일 15시,월요일,충청남도 논산시 가야곡면,중상사고,0,2,0,0,차대차 - 기타,중앙선침범,건조,맑음,단일로 - 기타,승용,남,55세,상해없음,승용,남,37세,중상
2021071200100303,2021년 7월 12일 15시,월요일,충청남도 천안시 동남구 목천읍,중상사고,0,1,0,0,차대차 - 기타,안전거리미확보,건조,맑음,단일로 - 기타,승용,남,59세,상해없음,이륜,남,43세,중상
2021071200100355,2021년 7월 12일 16시,월요일,충청남도 천안시 서북구 불당동,경상사고,0,0,1,0,차대차 - 기타,안전운전불이행,건조,기타,교차로 - 교차로안,승용,여,64세,기타불명,승용,여,37세,경상
2021071200100356,2021년 7월 12일 16시,월요일,충청남도 당진시 석문면,중상사고,0,1,0,0,차대차 - 측면충돌,안전운전불이행,건조,맑음,교차로 - 교차로안,화물,남,71세,상해없음,이륜,남,86세,중상
2021071200100411,2021년 7월 12일 17시,월요일,충청남도 서산시 예천동,경상사고,0,0,1,0,차대차 - 측면충돌,중앙선침범,건조,맑음,교차로 - 교차로안,이륜,남,86세,경상,승용,남,59세,상해없음
2021071200100449,2021년 7월 12일 18시,월요일,충청남도 아산시 모종동,경상사고,0,0,1,0,차대사람 - 기타,기타,건조,맑음,기타 - 기타,이륜,남,41세,기타불명,보행자,남,11세,경상
2021071200100450,2021년 7월 12일 18시,월요일,충청남도 태안군 태안읍,경상사고,0,0,1,0,차량단독 - 기타,안전운전불이행,건조,맑음,기타 - 기타,화물,남,60세,상해없음,,,,
2021071200100484,2021년 7월 12일 19시,월요일,충청남도 천안시 서북구 성정동,경상사고,0,0,1,0,차대차 - 기타,신호위반,건조,맑음,교차로 - 교차로부근,이륜,남,32세,경상,승용,남,24세,상해없음
2021071200100485,2021년 7월 12일 19시,월요일,충청남도 예산군 대술면,중상사고,0,1,0,0,차대차 - 측면충돌,중앙선침범,건조,맑음,단일로 - 기타,이륜,남,74세,중상,승용,남,65세,상해없음
2021071200100534,2021년 7월 12일 21시,월요일,충청남도 논산시 광석면,경상사고,0,0,1,0,차대차 - 측면충돌,중앙선침범,건조,맑음,단일로 - 기타,승용,여,63세,상해없음,화물,남,59세,경상
2021071200100558,2021년 7월 12일 22시,월요일,충청남도 천안시 동남구 신부동,중상사고,0,1,0,0,차량단독 - 공작물충돌,안전운전불이행,건조,맑음,단일로 - 기타,이륜,남,34세,중상,,,,
2021071200100576,2021년 7월 12일 23시,월요일,충청남도 천안시 동남구 삼룡동,중상사고,0,1,0,0,차대차 - 기타,신호위반,건조,맑음,교차로 - 교차로안,승용,여,47세,상해없음,개인형이동수단(PM),남,38세,중상
2021071300100003,2021년 7월 13일 00시,화요일,충청남도 논산시 취암동,경상사고,0,0,1,0,차대차 - 추돌,안전거리미확보,건조,맑음,교차로 - 교차로부근,승용,남,58세,상해없음,승용,남,61세,경상
2021071300100069,2021년 7월 13일 07시,화요일,충청남도 천안시 동남구 목천읍,중상사고,0,1,2,0,차대차 - 기타,안전운전불이행,건조,맑음,단일로 - 기타,화물,남,66세,중상,건설기계,남,52세,경상
2021071300100106,2021년 7월 13일 08시,화요일,충청남도 서산시 부석면,사망사고,1,0,0,0,차대사람 - 기타,안전운전불이행,건조,흐림,단일로 - 기타,화물,남,44세,상해없음,보행자,여,34세,사망
2021071300100107,2021년 7월 13일 08시,화요일,충청남도 예산군 응봉면,중상사고,0,1,0,0,차대차 - 측면충돌,교차로운행방법위반,건조,맑음,교차로 - 교차로안,승용,남,31세,상해없음,승용,여,64세,중상
2021071300100173,2021년 7월 13일 10시,화요일,충청남도 보령시 웅천읍,경상사고,0,0,1,0,차대차 - 측면충돌,안전운전불이행,건조,맑음,단일로 - 기타,화물,남,74세,상해없음,이륜,남,57세,경상
2021071300100174,2021년 7월 13일 10시,화요일,충청남도 보령시 청소면,경상사고,0,0,1,0,차대차 - 추돌,안전운전불이행,건조,맑음,교차로 - 교차로안,화물,남,58세,상해없음,화물,남,64세,경상
2021071300100209,2021년 7월 13일 11시,화요일,충청남도 금산군 복수면,중상사고,0,1,0,0,차대차 - 측면충돌,교차로운행방법위반,건조,맑음,교차로 - 교차로안,화물,남,50세,상해없음,사륜오토바이(ATV),여,74세,중상
2021071300100268,2021년 7월 13일 13시,화요일,충청남도 논산시 연산면,경상사고,0,0,1,0,차량단독 - 전도전복 - 전도,안전운전불이행,건조,맑음,단일로 - 기타,이륜,남,52세,경상,,,,
2021071300100310,2021년 7월 13일 14시,화요일,충청남도 당진시 송산면,경상사고,0,0,1,0,차대차 - 기타,교차로운행방법위반,건조,맑음,교차로 - 교차로안,승용,남,26세,상해없음,승용,남,50세,경상
2021071300100355,2021년 7월 13일 15시,화요일,충청남도 아산시 인주면,경상사고,0,0,4,0,차대차 - 추돌,안전운전불이행,건조,맑음,교차로 - 교차로안,승용,남,65세,상해없음,승용,남,28세,경상
2021071300100394,2021년 7월 13일 16시,화요일,충청남도 천안시 서북구 쌍용동,경상사고,0,0,5,0,차대차 - 추돌,안전운전불이행,건조,맑음,단일로 - 기타,승용,남,30세,상해없음,승용,남,28세,경상
2021071300100449,2021년 7월 13일 17시,화요일,충청남도 서산시 읍내동,경상사고,0,0,1,0,차대차 - 추돌,안전운전불이행,건조,맑음,교차로 - 교차로부근,승용,남,62세,상해없음,이륜,남,32세,경상
2021071300100450,2021년 7월 13일 17시,화요일,충청남도 서산시 성연면,경상사고,0,0,1,0,차대차 - 측면충돌,신호위반,건조,맑음,교차로 - 교차로부근,이륜,남,53세,상해없음,승용,남,30세,경상
2021071300100451,2021년 7월 13일 17시,화요일,충청남도 천안시 서북구 불당동,경상사고,0,0,1,0,차대차 - 정면충돌,신호위반,건조,맑음,교차로 - 교차로안,승용,여,54세,기타불명,승용,여,28세,경상
2021071300100452,2021년 7월 13일 17시,화요일,충청남도 공주시 유구읍,경상사고,0,0,3,0,차대차 - 기타,안전운전불이행,건조,맑음,교차로 - 교차로안,화물,남,45세,경상,승용,여,28세,경상
2021071300100453,2021년 7월 13일 17시,화요일,충청남도 당진시 송악읍,중상사고,0,1,1,0,차대차 - 기타,안전운전불이행,건조,맑음,단일로 - 기타,승용,남,28세,상해없음,승합,남,47세,경상
2021071300100591,2021년 7월 13일 21시,화요일,충청남도 논산시 내동,중상사고,0,1,0,0,차대차 - 정면충돌,안전운전불이행,건조,맑음,단일로 - 기타,개인형이동수단(PM),여,38세,중상,이륜,남,18세,상해없음
2021071300100592,2021년 7월 13일 21시,화요일,충청남도 아산시 염치읍,경상사고,0,0,1,0,차대차 - 측면충돌,안전운전불이행,건조,맑음,교차로 - 교차로안,자전거,여,51세,경상,승용,남,27세,상해없음
2021071300100593,2021년 7월 13일 21시,화요일,충청남도 천안시 동남구 목천읍,경상사고,0,0,1,0,차대차 - 기타,안전운전불이행,건조,맑음,교차로 - 교차로안,승용,남,24세,상해없음,개인형이동수단(PM),남,59세,경상
2021071300100621,2021년 7월 13일 22시,화요일,충청남도 천안시 서북구 두정동,중상사고,0,1,1,0,차대차 - 측면충돌,교차로운행방법위반,건조,맑음,교차로 - 교차로안,승용,남,25세,경상,승용,남,22세,상해없음
2021071300100636,2021년 7월 13일 23시,화요일,충청남도 아산시 신창면,경상사고,0,0,1,0,차대차 - 추돌,안전운전불이행,건조,맑음,단일로 - 기타,승용,남,26세,상해없음,승용,남,51세,경상
2021071400100005,2021년 7월 14일 00시,수요일,충청남도 천안시 서북구 성정동,경상사고,0,0,1,0,차대사람 - 길가장자리구역통행중,안전운전불이행,건조,맑음,단일로 - 기타,승용,남,24세,기타불명,보행자,남,36세,경상
2021071400100023,2021년 7월 14일 02시,수요일,충청남도 아산시 둔포면,경상사고,0,0,1,0,차량단독 - 기타,안전운전불이행,건조,맑음,단일로 - 기타,승용,남,49세,경상,,,,
2021071400100032,2021년 7월 14일 04시,수요일,충청남도 아산시 배방읍,중상사고,0,1,0,0,차대차 - 추돌,안전운전불이행,건조,맑음,교차로 - 교차로부근,승용,남,26세,상해없음,자전거,남,69세,중상
2021071400100054,2021년 7월 14일 06시,수요일,충청남도 서산시 석림동,경상사고,0,0,1,0,차대차 - 측면충돌,교차로운행방법위반,건조,맑음,교차로 - 교차로안,승용,남,34세,상해없음,이륜,남,26세,경상
2021071400100055,2021년 7월 14일 06시,수요일,충청남도 보령시 주교면,중상사고,0,1,0,0,차대차 - 측면충돌,안전운전불이행,건조,맑음,단일로 - 기타,농기계,남,85세,중상,특수,남,64세,상해없음
2021071400100099,2021년 7월 14일 08시,수요일,충청남도 서산시 지곡면,중상사고,0,1,0,0,차대차 - 측면충돌,안전운전불이행,건조,맑음,교차로 - 교차로안,화물,남,87세,상해없음,화물,남,53세,중상
2021071400100100,2021년 7월 14일 08시,수요일,충청남도 아산시 둔포면,중상사고,0,1,1,0,차대차 - 기타,기타,건조,맑음,교차로 - 교차로안,승용,남,27세,중상,승용,여,35세,경상
2021071400100132,2021년 7월 14일 09시,수요일,충청남도 논산시 은진면,중상사고,0,1,0,0,차대차 - 측면충돌,중앙선침범,건조,맑음,단일로 - 기타,화물,남,52세,상해없음,이륜,여,71세,중상
2021071400100150,2021년 7월 14일 10시,수요일,충청남도 천안시 서북구 성정동,중상사고,0,1,0,0,차대차 - 기타,교차로운행방법위반,건조,맑음,기타 - 기타,승용,여,21세,상해없음,이륜,남,68세,중상
2021071400100151,2021년 7월 14일 10시,수요일,충청남도 천안시 동남구 안서동,경상사고,0,0,1,0,차대차 - 기타,안전운전불이행,건조,맑음,교차로 - 교차로안,승용,남,53세,상해없음,승용,여,24세,경상
2021071400100221,2021년 7월 14일 12시,수요일,충청남도 천안시 서북구 백석동,경상사고,0,0,1,0,차대차 - 추돌,안전운전불이행,건조,맑음,단일로 - 기타,승용,남,39세,상해없음,이륜,남,49세,경상
2021071400100222,2021년 7월 14일 12시,수요일,충청남도 천안시 동남구 청당동,경상사고,0,0,4,0,차대차 - 기타,안전운전불이행,건조,맑음,단일로 - 기타,화물,남,63세,상해없음,승합,남,52세,경상
2021071400100313,2021년 7월 14일 15시,수요일,충청남도 천안시 서북구 두정동,경상사고,0,0,1,0,차대차 - 측면충돌,기타,건조,맑음,교차로 - 교차로안,이륜,남,38세,경상,승용,남,41세,상해없음
2021071400100359,2021년 7월 14일 16시,수요일,충청남도 천안시 동남구 신부동,경상사고,0,0,1,0,차대차 - 기타,안전운전불이행,건조,맑음,단일로 - 기타,승용,여,43세,상해없음,화물,남,45세,경상
2021071400100360,2021년 7월 14일 16시,수요일,충청남도 천안시 동남구 원성동,부상신고사고,0,0,0,1,차대차 - 기타,안전운전불이행,건조,맑음,교차로 - 교차로안,승용,여,39세,부상신고,화물,남,31세,상해없음
2021071400100412,2021년 7월 14일 17시,수요일,충청남도 서산시 음암면,중상사고,0,1,0,0,차대차 - 측면충돌,교차로운행방법위반,건조,맑음,교차로 - 교차로안,승용,남,55세,상해없음,자전거,남,11세,중상
2021071400100413,2021년 7월 14일 17시,수요일,충청남도 아산시 온천동,경상사고,0,0,1,0,차대차 - 추돌,안전운전불이행,건조,맑음,단일로 - 기타,화물,남,56세,상해없음,승용,남,29세,상해없음
2021071400100414,2021년 7월 14일 17시,수요일,충청남도 보령시 웅천읍,중상사고,0,1,0,0,차대사람 - 기타,안전운전불이행,건조,맑음,단일로 - 기타,승용,여,65세,상해없음,보행자,남,72세,중상
2021071400100415,2021년 7월 14일 17시,수요일,충청남도 당진시 신평면,경상사고,0,0,1,0,차대차 - 측면충돌,교차로운행방법위반,건조,맑음,교차로 - 교차로안,승용,여,52세,기타불명,승용,여,66세,경상
2021071400100416,2021년 7월 14일 17시,수요일,충청남도 당진시 송산면,경상사고,0,0,1,0,차대차 - 측면충돌,안전운전불이행,건조,맑음,교차로 - 교차로안,승용,남,49세,기타불명,승용,남,40세,경상
2021071400100458,2021년 7월 14일 18시,수요일,충청남도 천안시 서북구 성정동,경상사고,0,0,1,1,차대차 - 기타,안전운전불이행,건조,맑음,단일로 - 기타,승용,남,53세,상해없음,승합,남,48세,상해없음
2021071400100459,2021년 7월 14일 18시,수요일,충청남도 천안시 동남구 봉명동,경상사고,0,0,1,0,차대차 - 기타,안전운전불이행,건조,맑음,기타 - 기타,승용,남,62세,상해없음,이륜,남,48세,경상
2021071400100515,2021년 7월 14일 19시,수요일,충청남도 아산시 배방읍,중상사고,0,1,0,0,차대사람 - 기타,안전운전불이행,건조,맑음,기타 - 기타,승용,남,29세,상해없음,보행자,여,74세,중상
2021071400100543,2021년 7월 14일 20시,수요일,충청남도 천안시 서북구 성거읍,경상사고,0,0,2,0,차대차 - 추돌,안전운전불이행,건조,맑음,교차로 - 교차로부근,승용,남,42세,상해없음,승용,남,48세,경상
2021071400100544,2021년 7월 14일 20시,수요일,충청남도 논산시 부적면,경상사고,0,0,3,0,차대차 - 측면충돌,안전운전불이행,건조,맑음,교차로 - 교차로안,이륜,남,83세,경상,승용,여,54세,경상
2021071400100620,2021년 7월 14일 23시,수요일,충청남도 천안시 서북구 성거읍,경상사고,0,0,1,0,차대차 - 기타,안전운전불이행,건조,맑음,기타 - 기타,승용,기타불명,미분류,기타불명,승용,여,41세,상해없음
2021071500100003,2021년 7월 15일 00시,목요일,충청남도 천안시 서북구 성정동,경상사고,0,0,2,0,차대사람 - 횡단중,안전운전불이행,건조,맑음,단일로 - 고가도로위,이륜,남,27세,상해없음,보행자,여,24세,경상
2021071500100022,2021년 7월 15일 02시,목요일,충청남도 서산시 동문동,중상사고,0,1,0,0,차량단독 - 전도전복 - 전도,안전운전불이행,건조,맑음,단일로 - 기타,이륜,남,36세,중상,,,,
2021071500100033,2021년 7월 15일 05시,목요일,충청남도 당진시 순성면,중상사고,0,1,0,0,차대차 - 후진중충돌,안전운전불이행,건조,맑음,단일로 - 기타,화물,남,63세,상해없음,이륜,여,58세,중상
2021071500100062,2021년 7월 15일 07시,목요일,충청남도 서산시 동문동,경상사고,0,0,1,0,차대차 - 측면충돌,중앙선침범,건조,맑음,단일로 - 기타,승용,여,48세,상해없음,승용,여,35세,경상
2021071500100063,2021년 7월 15일 07시,목요일,충청남도 천안시 서북구 백석동,경상사고,0,0,1,0,차대차 - 측면충돌,불법유턴,건조,맑음,교차로 - 교차로안,자전거,남,35세,경상,승용,남,25세,상해없음
2021071500100092,2021년 7월 15일 08시,목요일,충청남도 서산시 부석면,경상사고,0,0,1,1,차대차 - 측면충돌,중앙선침범,건조,맑음,단일로 - 기타,화물,남,71세,부상신고,화물,남,57세,경상
2021071500100168,2021년 7월 15일 10시,목요일,충청남도 공주시 봉황동,중상사고,0,1,0,0,차대차 - 기타,안전운전불이행,건조,맑음,교차로 - 교차로안,승용,남,44세,상해없음,이륜,남,40세,중상
2021071500100194,2021년 7월 15일 11시,목요일,충청남도 천안시 서북구 성정동,경상사고,0,0,1,0,차대차 - 기타,교차로운행방법위반,건조,맑음,교차로 - 교차로부근,승용,남,20세,상해없음,승용,여,60세,경상
2021071500100232,2021년 7월 15일 12시,목요일,충청남도 보령시 화산동,경상사고,0,0,1,0,차대차 - 추돌,안전거리미확보,건조,맑음,교차로 - 교차로부근,화물,남,40세,상해없음,승용,남,59세,경상
2021071500100269,2021년 7월 15일 13시,목요일,충청남도 예산군 예산읍,사망사고,1,0,0,0,차대사람 - 횡단중,신호위반,건조,맑음,교차로 - 교차로안,승용,남,62세,상해없음,보행자,남,20세,사망
2021071500100313,2021년 7월 15일 14시,목요일,충청남도 태안군 소원면,경상사고,0,0,1,0,차대차 - 기타,신호위반,건조,맑음,교차로 - 교차로안,화물,남,59세,상해없음,승용,남,36세,경상
2021071500100347,2021년 7월 15일 15시,목요일,충청남도 서천군 마서면,중상사고,0,2,0,0,차량단독 - 기타,안전운전불이행,건조,맑음,교차로 - 교차로안,승합,남,62세,상해없음,,,,
2021071500100374,2021년 7월 15일 16시,목요일,충청남도 천안시 동남구 신부동,경상사고,0,0,1,0,차대사람 - 기타,안전운전불이행,건조,맑음,단일로 - 기타,승용,남,27세,상해없음,보행자,여,20세,경상
2021071500100412,2021년 7월 15일 17시,목요일,충청남도 아산시 음봉면,경상사고,0,0,3,0,차대차 - 정면충돌,기타,건조,맑음,교차로 - 교차로안,화물,남,46세,상해없음,승합,남,71세,경상
2021071500100413,2021년 7월 15일 17시,목요일,충청남도 부여군 구룡면,중상사고,0,1,1,0,차대차 - 추돌,안전운전불이행,건조,맑음,기타 - 기타,화물,남,40세,상해없음,승용,여,33세,중상
2021071500100472,2021년 7월 15일 18시,목요일,충청남도 홍성군 홍성읍,경상사고,0,0,1,0,차대차 - 추돌,안전운전불이행,건조,맑음,기타 - 기타,화물,남,69세,상해없음,승용,여,26세,경상
2021071500100473,2021년 7월 15일 18시,목요일,충청남도 천안시 동남구 신부동,부상신고사고,0,0,0,1,차대차 - 정면충돌,교차로운행방법위반,건조,맑음,단일로 - 기타,자전거,남,7세,부상신고,승용,남,43세,상해없음
2021071500100511,2021년 7월 15일 19시,목요일,충청남도 당진시 송악읍,경상사고,0,0,1,0,차대차 - 기타,교차로운행방법위반,건조,맑음,교차로 - 교차로안,승용,남,60세,상해없음,화물,남,69세,경상
2021071500100512,2021년 7월 15일 19시,목요일,충청남도 천안시 동남구 용곡동,경상사고,0,0,1,0,차대사람 - 횡단중,보행자보호의무위반,건조,맑음,교차로 - 교차로횡단보도내,승용,남,31세,상해없음,보행자,남,50세,경상
2021071500100513,2021년 7월 15일 19시,목요일,충청남도 천안시 동남구 원성동,경상사고,0,0,2,0,차대차 - 기타,안전거리미확보,건조,맑음,단일로 - 기타,승용,남,52세,상해없음,승용,여,44세,경상
2021071500100546,2021년 7월 15일 20시,목요일,충청남도 천안시 서북구 불당동,경상사고,0,0,1,0,차대차 - 기타,안전운전불이행,건조,맑음,단일로 - 기타,승용,여,26세,상해없음,원동기,남,45세,경상
2021071500100565,2021년 7월 15일 21시,목요일,충청남도 당진시 신평면,경상사고,0,0,2,0,차대차 - 기타,중앙선침범,건조,맑음,단일로 - 기타,승용,남,31세,상해없음,승용,남,19세,경상
2021071500100566,2021년 7월 15일 21시,목요일,충청남도 금산군 금산읍,중상사고,0,1,0,0,차대사람 - 기타,안전운전불이행,건조,맑음,교차로 - 교차로부근,승용,여,44세,상해없음,보행자,남,55세,중상
2021071500100567,2021년 7월 15일 21시,목요일,충청남도 천안시 동남구 다가동,경상사고,0,0,3,0,차대차 - 측면충돌,안전운전불이행,건조,맑음,단일로 - 기타,승용,남,63세,상해없음,승용,남,46세,경상
2021071600100009,2021년 7월 16일 00시,금요일,충청남도 천안시 동남구 청당동,경상사고,0,0,1,0,차대차 - 추돌,안전운전불이행,건조,맑음,단일로 - 기타,승용,남,45세,상해없음,승용,남,21세,경상
2021071600100050,2021년 7월 16일 07시,금요일,충청남도 천안시 서북구 두정동,경상사고,0,0,1,0,차대차 - 기타,안전운전불이행,건조,기타,교차로 - 교차로안,화물,남,61세,상해없음,이륜,남,31세,경상
2021071600100051,2021년 7월 16일 07시,금요일,충청남도 보령시 내항동,경상사고,0,0,1,0,차대차 - 측면충돌,직진우회전진행방해,건조,맑음,교차로 - 교차로안,화물,남,49세,상해없음,승용,여,43세,경상
2021071600100052,2021년 7월 16일 07시,금요일,충청남도 보령시 궁촌동,경상사고,0,0,1,0,차대사람 - 기타,안전운전불이행,건조,맑음,단일로 - 교량,승용,남,80세,상해없음,보행자,여,56세,경상
2021071600100121,2021년 7월 16일 09시,금요일,충청남도 천안시 서북구 직산읍,경상사고,0,0,1,0,차대차 - 측면충돌,직진우회전진행방해,건조,맑음,교차로 - 교차로안,승용,여,40세,상해없음,화물,남,52세,경상
2021071600100156,2021년 7월 16일 10시,금요일,충청남도 공주시 우성면,경상사고,0,0,1,0,차대차 - 기타,안전운전불이행,건조,맑음,단일로 - 기타,승용,남,49세,상해없음,건설기계,남,71세,경상
2021071600100192,2021년 7월 16일 11시,금요일,충청남도 천안시 서북구 성정동,경상사고,0,0,1,0,차대차 - 측면충돌,직진우회전진행방해,건조,맑음,교차로 - 교차로안,승용,여,46세,상해없음,승용,남,68세,경상
2021071600100193,2021년 7월 16일 11시,금요일,충청남도 홍성군 홍성읍,경상사고,0,0,1,0,차대사람 - 횡단중,보행자보호의무위반,건조,맑음,단일로 - 기타,화물,남,66세,상해없음,보행자,남,30세,경상
2021071600100227,2021년 7월 16일 12시,금요일,충청남도 천안시 서북구 성거읍,경상사고,0,0,1,0,차대차 - 추돌,안전운전불이행,건조,맑음,교차로 - 교차로부근,승합,남,61세,상해없음,승용,남,31세,경상
2021071600100228,2021년 7월 16일 12시,금요일,충청남도 아산시 송악면,중상사고,0,1,0,0,차대차 - 기타,중앙선침범,건조,맑음,단일로 - 기타,승용,여,55세,상해없음,승용,여,51세,중상
2021071600100229,2021년 7월 16일 12시,금요일,충청남도 아산시 풍기동,경상사고,0,0,1,0,차대차 - 기타,신호위반,건조,맑음,교차로 - 교차로안,승용,남,50세,상해없음,승용,여,35세,경상
2021071600100230,2021년 7월 16일 12시,금요일,충청남도 보령시 오천면,중상사고,0,1,0,0,차대차 - 정면충돌,중앙선침범,건조,맑음,단일로 - 기타,화물,남,59세,상해없음,화물,남,66세,중상
2021071600100308,2021년 7월 16일 14시,금요일,충청남도 보령시 대천동,중상사고,0,1,0,0,차대사람 - 횡단중,보행자보호의무위반,건조,맑음,교차로 - 교차로부근,화물,남,47세,상해없음,보행자,여,82세,중상
2021071600100339,2021년 7월 16일 15시,금요일,충청남도 아산시 모종동,경상사고,0,0,1,0,차대차 - 기타,안전운전불이행,건조,맑음,기타 - 기타,승용,여,41세,상해없음,승용,남,36세,경상
2021071600100340,2021년 7월 16일 15시,금요일,충청남도 태안군 태안읍,중상사고,0,1,1,0,차대차 - 정면충돌,중앙선침범,건조,맑음,단일로 - 기타,화물,남,79세,상해없음,승용,남,26세,중상
2021071600100374,2021년 7월 16일 16시,금요일,충청남도 천안시 서북구 쌍용동,경상사고,0,0,1,0,차대차 - 측면충돌,교차로운행방법위반,건조,맑음,교차로 - 교차로안,승용,여,40세,기타불명,원동기,남,35세,경상
2021071600100375,2021년 7월 16일 16시,금요일,충청남도 예산군 오가면,중상사고,0,1,0,0,차대차 - 측면충돌,안전거리미확보,건조,맑음,단일로 - 기타,건설기계,남,48세,상해없음,승용,남,47세,중상
2021071600100424,2021년 7월 16일 17시,금요일,충청남도 천안시 서북구 성정동,경상사고,0,0,1,0,차대차 - 기타,직진우회전진행방해,건조,맑음,교차로 - 교차로안,이륜,남,22세,경상,화물,남,53세,상해없음
2021071600100425,2021년 7월 16일 17시,금요일,충청남도 아산시 영인면,경상사고,0,0,1,0,차대차 - 측면충돌,교차로운행방법위반,건조,맑음,교차로 - 교차로안,이륜,남,32세,경상,승용,남,55세,상해없음
2021071600100541,2021년 7월 16일 19시,금요일,충청남도 천안시 서북구 백석동,경상사고,0,0,1,0,차대차 - 기타,안전운전불이행,건조,맑음,단일로 - 기타,승용,남,64세,상해없음,승용,남,26세,경상
2021071600100542,2021년 7월 16일 19시,금요일,충청남도 천안시 동남구 사직동,중상사고,0,1,0,0,차대사람 - 횡단중,보행자보호의무위반,건조,맑음,단일로 - 기타,이륜,남,47세,상해없음,보행자,남,77세,중상
2021071600100582,2021년 7월 16일 20시,금요일,충청남도 홍성군 홍성읍,중상사고,0,1,0,0,차대차 - 기타,안전운전불이행,젖음/습기,비,단일로 - 기타,승용,남,44세,상해없음,자전거,남,14세,중상
2021071600100583,2021년 7월 16일 20시,금요일,충청남도 보령시 궁촌동,중상사고,0,1,0,0,차대사람 - 횡단중,보행자보호의무위반,건조,맑음,교차로 - 교차로횡단보도내,승용,남,67세,상해없음,보행자,남,46세,중상
2021071600100663,2021년 7월 16일 22시,금요일,충청남도 천안시 서북구 쌍용동,경상사고,0,0,1,0,차대차 - 기타,신호위반,건조,맑음,교차로 - 교차로안,승용,남,34세,상해없음,승용,남,68세,상해없음
2021071600100664,2021년 7월 16일 22시,금요일,충청남도 공주시 반포면,경상사고,0,0,1,0,차대차 - 기타,중앙선침범,젖음/습기,맑음,단일로 - 기타,승용,남,24세,상해없음,승용,남,37세,경상
2021071600100681,2021년 7월 16일 23시,금요일,충청남도 서천군 서천읍,사망사고,1,0,0,0,차대사람 - 차도통행중,기타,건조,맑음,단일로 - 기타,승용,남,26세,상해없음,보행자,남,61세,사망
2021071700100004,2021년 7월 17일 00시,토요일,충청남도 천안시 서북구 백석동,경상사고,0,0,2,0,차대차 - 추돌,안전운전불이행,젖음/습기,흐림,교차로 - 교차로부근,승용,남,36세,상해없음,승용,남,32세,경상
2021071700100020,2021년 7월 17일 01시,토요일,충청남도 보령시 동대동,중상사고,0,1,5,0,차대차 - 추돌,안전운전불이행,건조,맑음,교차로 - 교차로안,화물,남,68세,상해없음,승용,여,38세,경상
2021071700100021,2021년 7월 17일 01시,토요일,충청남도 천안시 동남구 신부동,중상사고,0,2,0,0,차대차 - 기타,직진우회전진행방해,건조,맑음,교차로 - 교차로안,승용,남,69세,상해없음,이륜,남,16세,중상
2021071700100072,2021년 7월 17일 07시,토요일,충청남도 부여군 은산면,경상사고,0,0,1,0,차대사람 - 기타,안전운전불이행,건조,맑음,단일로 - 기타,건설기계,남,62세,상해없음,보행자,여,57세,경상
2021071700100073,2021년 7월 17일 07시,토요일,충청남도 부여군 부여읍,경상사고,0,0,1,0,차대차 - 측면충돌,교차로운행방법위반,건조,맑음,교차로 - 교차로안,승용,남,48세,상해없음,화물,남,66세,경상
2021071700100090,2021년 7월 17일 08시,토요일,충청남도 천안시 서북구 성정동,중상사고,0,1,0,0,차대차 - 기타,안전운전불이행,건조,맑음,단일로 - 기타,승용,남,52세,상해없음,자전거,남,77세,중상
2021071700100091,2021년 7월 17일 08시,토요일,충청남도 보령시 궁촌동,경상사고,0,0,2,0,차대차 - 측면충돌,신호위반,건조,맑음,교차로 - 교차로안,이륜,남,79세,경상,승용,여,59세,경상
2021071700100189,2021년 7월 17일 11시,토요일,충청남도 천안시 서북구 성정동,부상신고사고,0,0,0,1,차대차 - 기타,기타,건조,맑음,단일로 - 기타,승용,남,37세,상해없음,이륜,남,34세,부상신고
2021071700100230,2021년 7월 17일 12시,토요일,충청남도 천안시 서북구 성정동,경상사고,0,0,4,0,차대차 - 기타,안전운전불이행,건조,맑음,교차로 - 교차로부근,승용,남,27세,상해없음,승용,여,26세,경상