사고번호,사고일시,요일,시군구,사고내용,사망자수,중상자수,경상자수,부상신고자수,사고유형,법규위반,노면상태,기상상태,도로형태,가해운전자 차종,가해운전자 성별,가해운전자 연령,가해운전자 상해정도,피해운전자 차종,피해운전자 성별,피해운전자 연령,피해운전자 상해정도
2021071700100231,2021년 7월 17일 12시,토요일,충청남도 보령시 대천동,경상사고,0,0,1,0,차대사람 - 기타,안전운전불이행,건조,맑음,단일로 - 기타,승용,남,61세,상해없음,보행자,남,72세,경상
2021071700100269,2021년 7월 17일 13시,토요일,충청남도 예산군 오가면,경상사고,0,0,3,0,차대차 - 측면충돌,안전운전불이행,건조,맑음,단일로 - 기타,승용,여,33세,상해없음,화물,남,30세,경상
2021071700100270,2021년 7월 17일 13시,토요일,충청남도 태안군 남면,중상사고,0,1,3,0,차대차 - 측면충돌,교차로운행방법위반,건조,맑음,교차로 - 교차로안,승용,여,26세,경상,승용,남,39세,경상
2021071700100309,2021년 7월 17일 14시,토요일,충청남도 서산시 읍내동,경상사고,0,0,1,0,차대차 - 측면충돌,직진우회전진행방해,건조,맑음,교차로 - 교차로안,승용,남,41세,상해없음,승용,여,49세,경상
2021071700100310,2021년 7월 17일 14시,토요일,충청남도 예산군 봉산면,경상사고,0,0,2,0,차대차 - 측면충돌,안전운전불이행,건조,맑음,단일로 - 기타,화물,남,75세,상해없음,승용,여,25세,경상
2021071700100311,2021년 7월 17일 14시,토요일,충청남도 청양군 정산면,부상신고사고,0,0,0,1,차대차 - 측면충돌,안전운전불이행,건조,맑음,교차로 - 교차로안,자전거,남,12세,부상신고,승용,남,66세,상해없음
2021071700100348,2021년 7월 17일 15시,토요일,충청남도 천안시 서북구 성정동,경상사고,0,0,1,0,차대차 - 측면충돌,불법유턴,건조,맑음,교차로 - 교차로부근,승용,여,51세,상해없음,이륜,남,19세,경상
2021071700100349,2021년 7월 17일 15시,토요일,충청남도 서천군 서면,경상사고,0,0,1,0,차대사람 - 기타,안전운전불이행,건조,맑음,교차로 - 교차로안,승용,여,47세,상해없음,보행자,남,69세,경상
2021071700100383,2021년 7월 17일 16시,토요일,충청남도 논산시 성동면,중상사고,0,1,1,0,차대차 - 측면충돌,기타,젖음/습기,비,교차로 - 교차로안,승용,남,31세,경상,승용,여,52세,중상
2021071700100384,2021년 7월 17일 16시,토요일,충청남도 공주시 금성동,중상사고,0,1,0,0,차대사람 - 횡단중,보행자보호의무위반,건조,맑음,교차로 - 교차로횡단보도내,승합,남,44세,상해없음,보행자,여,31세,중상
2021071700100423,2021년 7월 17일 17시,토요일,충청남도 천안시 서북구 두정동,경상사고,0,0,2,0,차대차 - 추돌,안전거리미확보,건조,맑음,단일로 - 기타,화물,여,62세,상해없음,승용,여,54세,경상
2021071700100424,2021년 7월 17일 17시,토요일,충청남도 예산군 대흥면,중상사고,0,1,0,0,차대차 - 측면충돌,직진우회전진행방해,건조,맑음,교차로 - 교차로안,화물,여,57세,상해없음,화물,남,68세,중상
2021071700100425,2021년 7월 17일 17시,토요일,충청남도 당진시 읍내동,경상사고,0,0,1,0,차대사람 - 기타,안전운전불이행,건조,맑음,단일로 - 기타,승용,여,51세,상해없음,보행자,여,72세,경상
2021071700100457,2021년 7월 17일 18시,토요일,충청남도 천안시 동남구 신부동,중상사고,0,1,1,0,차대차 - 추돌,안전운전불이행,건조,맑음,교차로 - 교차로부근,승용,남,18세,상해없음,승용,남,49세,경상
2021071700100489,2021년 7월 17일 19시,토요일,충청남도 천안시 서북구 두정동,경상사고,0,0,2,0,차대차 - 추돌,안전운전불이행,건조,맑음,교차로 - 교차로부근,이륜,남,34세,상해없음,승용,여,36세,경상
2021071700100490,2021년 7월 17일 19시,토요일,충청남도 천안시 동남구 북면,경상사고,0,0,1,0,차대차 - 추돌,안전운전불이행,건조,맑음,단일로 - 기타,기타불명,기타불명,미분류,기타불명,승합,남,52세,경상
2021071700100614,2021년 7월 17일 23시,토요일,충청남도 천안시 서북구 두정동,경상사고,0,0,4,0,차대차 - 측면충돌,안전운전불이행,건조,맑음,교차로 - 교차로부근,승용,남,22세,경상,승용,남,23세,경상
2021071700100615,2021년 7월 17일 23시,토요일,충청남도 서천군 서천읍,경상사고,0,0,1,0,차대차 - 기타,안전운전불이행,젖음/습기,흐림,단일로 - 기타,이륜,남,19세,경상,승용,남,28세,상해없음
2021071700100616,2021년 7월 17일 23시,토요일,충청남도 태안군 소원면,중상사고,0,1,0,0,차대차 - 추돌,안전거리미확보,건조,맑음,단일로 - 기타,화물,남,37세,상해없음,원동기,남,31세,중상
2021071800100004,2021년 7월 18일 00시,일요일,충청남도 천안시 서북구 쌍용동,경상사고,0,0,1,0,차대차 - 측면충돌,신호위반,건조,맑음,교차로 - 교차로안,승용,남,32세,상해없음,승용,남,35세,경상
2021071800100005,2021년 7월 18일 00시,일요일,충청남도 천안시 동남구 신부동,경상사고,0,0,1,0,차대차 - 기타,중앙선침범,건조,맑음,단일로 - 지하차도(도로)내,승용,남,21세,상해없음,승용,남,29세,경상
2021071800100006,2021년 7월 18일 00시,일요일,충청남도 천안시 동남구 원성동,경상사고,0,0,1,0,차대차 - 측면충돌,안전운전불이행,건조,맑음,교차로 - 교차로부근,승용,남,59세,상해없음,승용,남,56세,경상
2021071800100047,2021년 7월 18일 07시,일요일,충청남도 서천군 서천읍,경상사고,0,0,2,0,차대차 - 기타,직진우회전진행방해,건조,맑음,교차로 - 교차로안,화물,남,82세,경상,승용,남,82세,경상
2021071800100068,2021년 7월 18일 09시,일요일,충청남도 예산군 예산읍,중상사고,0,1,0,0,차대차 - 정면충돌,중앙선침범,건조,맑음,단일로 - 기타,승용,여,29세,상해없음,이륜,남,41세,중상
2021071800100069,2021년 7월 18일 09시,일요일,충청남도 천안시 동남구 구성동,경상사고,0,0,1,0,차대차 - 추돌,안전운전불이행,건조,맑음,단일로 - 기타,승용,남,24세,상해없음,승용,남,42세,경상
2021071800100097,2021년 7월 18일 11시,일요일,충청남도 부여군 남면,중상사고,0,1,0,0,차량단독 - 도로외이탈 - 추락,중앙선침범,건조,맑음,단일로 - 기타,승용,남,50세,중상,,,,
2021071800100132,2021년 7월 18일 12시,일요일,충청남도 서천군 서천읍,경상사고,0,0,1,0,차대차 - 측면충돌,안전운전불이행,건조,맑음,단일로 - 기타,승용,남,29세,상해없음,승용,남,49세,경상
2021071800100163,2021년 7월 18일 13시,일요일,충청남도 홍성군 결성면,중상사고,0,1,0,0,차량단독 - 기타,교차로운행방법위반,건조,맑음,교차로 - 교차로안,이륜,남,70세,상해없음,,,,
2021071800100200,2021년 7월 18일 14시,일요일,충청남도 부여군 부여읍,경상사고,0,0,3,0,차대차 - 측면충돌,신호위반,건조,맑음,단일로 - 기타,화물,남,56세,상해없음,승용,여,50세,경상
2021071800100201,2021년 7월 18일 14시,일요일,충청남도 당진시 읍내동,경상사고,0,0,7,0,차대차 - 추돌,안전운전불이행,건조,맑음,교차로 - 교차로부근,승용,남,28세,상해없음,승용,남,21세,경상
2021071800100237,2021년 7월 18일 15시,일요일,충청남도 천안시 서북구 두정동,경상사고,0,0,1,0,차대차 - 기타,안전운전불이행,건조,맑음,교차로 - 교차로부근,승용,남,55세,상해없음,승용,남,23세,경상
2021071800100287,2021년 7월 18일 17시,일요일,충청남도 천안시 서북구 불당동,경상사고,0,0,1,0,차대사람 - 기타,기타,건조,맑음,단일로 - 기타,개인형이동수단(PM),남,16세,상해없음,보행자,여,4세,경상
2021071800100346,2021년 7월 18일 19시,일요일,충청남도 천안시 서북구 두정동,경상사고,0,0,4,0,차대차 - 추돌,안전거리미확보,젖음/습기,비,교차로 - 교차로부근,승용,여,44세,상해없음,승용,여,49세,경상
2021071800100367,2021년 7월 18일 20시,일요일,충청남도 서산시 수석동,경상사고,0,0,1,0,차대사람 - 횡단중,안전운전불이행,건조,맑음,교차로 - 교차로안,승용,여,40세,상해없음,보행자,남,44세,경상
2021071800100368,2021년 7월 18일 20시,일요일,충청남도 천안시 동남구 원성동,부상신고사고,0,0,0,1,차대사람 - 기타,안전운전불이행,젖음/습기,비,단일로 - 기타,이륜,남,33세,부상신고,보행자,여,82세,상해없음
2021071800100405,2021년 7월 18일 21시,일요일,충청남도 천안시 동남구 신부동,경상사고,0,0,2,0,차대차 - 기타,신호위반,건조,맑음,교차로 - 교차로안,이륜,남,29세,상해없음,승용,남,26세,경상
2021071900100004,2021년 7월 19일 00시,월요일,충청남도 천안시 서북구 성환읍,경상사고,0,0,1,0,차대차 - 기타,신호위반,건조,맑음,교차로 - 교차로안,승용,기타불명,미분류,기타불명,승용,남,29세,경상
2021071900100064,2021년 7월 19일 07시,월요일,충청남도 천안시 서북구 성성동,경상사고,0,0,1,0,차대차 - 기타,안전거리미확보,건조,맑음,단일로 - 기타,화물,남,46세,상해없음,승용,남,29세,경상
2021071900100065,2021년 7월 19일 07시,월요일,충청남도 논산시 연무읍,경상사고,0,0,1,0,차대차 - 측면충돌,안전운전불이행,건조,맑음,주차장 - 주차장,승용,남,44세,경상,화물,남,64세,상해없음
2021071900100127,2021년 7월 19일 09시,월요일,충청남도 천안시 서북구 쌍용동,중상사고,0,1,0,0,차량단독 - 도로외이탈 - 기타,안전운전불이행,건조,맑음,교차로 - 교차로부근,자전거,남,76세,중상,,,,
2021071900100203,2021년 7월 19일 11시,월요일,충청남도 보령시 명천동,경상사고,0,0,1,0,차대차 - 기타,기타,건조,맑음,단일로 - 기타,승용,남,44세,상해없음,승용,남,48세,상해없음
2021071900100238,2021년 7월 19일 12시,월요일,충청남도 천안시 서북구 불당동,중상사고,0,1,0,0,차량단독 - 기타,안전운전불이행,건조,맑음,단일로 - 기타,승합,남,50세,상해없음,,,,
2021071900100273,2021년 7월 19일 13시,월요일,충청남도 당진시 읍내동,경상사고,0,0,2,0,차대차 - 기타,교차로운행방법위반,건조,맑음,교차로 - 교차로안,승용,여,31세,상해없음,승용,남,45세,경상
2021071900100312,2021년 7월 19일 14시,월요일,충청남도 천안시 서북구 입장면,경상사고,0,0,1,0,차대차 - 측면충돌,안전운전불이행,건조,맑음,단일로 - 기타,화물,남,50세,상해없음,특수,남,46세,경상
2021071900100313,2021년 7월 19일 14시,월요일,충청남도 천안시 서북구 쌍용동,경상사고,0,0,1,0,차대차 - 측면충돌,안전운전불이행,건조,맑음,교차로 - 교차로안,화물,남,68세,상해없음,승용,여,28세,경상
2021071900100314,2021년 7월 19일 14시,월요일,충청남도 보령시 동대동,경상사고,0,0,1,0,차대차 - 정면충돌,신호위반,건조,맑음,교차로 - 교차로안,승용,남,82세,상해없음,승용,남,28세,경상
2021071900100315,2021년 7월 19일 14시,월요일,충청남도 예산군 오가면,경상사고,0,0,2,0,차대차 - 정면충돌,중앙선침범,건조,맑음,단일로 - 기타,승용,남,31세,상해없음,승용,남,32세,경상
2021071900100352,2021년 7월 19일 15시,월요일,충청남도 천안시 동남구 신부동,경상사고,0,0,2,0,차대차 - 측면충돌,안전운전불이행,건조,맑음,교차로 - 교차로안,승용,남,32세,상해없음,이륜,남,30세,경상
2021071900100382,2021년 7월 19일 16시,월요일,충청남도 보령시 남포면,중상사고,0,1,0,0,차대차 - 측면충돌,안전운전불이행,건조,맑음,교차로 - 교차로안,승용,여,52세,상해없음,이륜,남,86세,중상
2021071900100458,2021년 7월 19일 18시,월요일,충청남도 천안시 서북구 백석동,경상사고,0,0,1,0,차대차 - 후진중충돌,안전운전불이행,건조,맑음,단일로 - 기타,승용,남,56세,상해없음,원동기,남,38세,경상
2021071900100459,2021년 7월 19일 18시,월요일,충청남도 보령시 명천동,경상사고,0,0,1,0,차대차 - 측면충돌,신호위반,건조,맑음,교차로 - 교차로안,승용,여,56세,상해없음,승용,남,66세,경상
2021071900100460,2021년 7월 19일 18시,월요일,충청남도 부여군 부여읍,경상사고,0,0,1,0,차대차 - 기타,안전운전불이행,건조,맑음,단일로 - 기타,이륜,남,35세,경상,승용,여,60세,상해없음
2021071900100461,2021년 7월 19일 18시,월요일,충청남도 부여군 구룡면,경상사고,0,0,4,0,차대차 - 기타,안전운전불이행,건조,맑음,단일로 - 기타,승용,남,55세,상해없음,승용,남,35세,경상
2021071900100501,2021년 7월 19일 19시,월요일,충청남도 아산시 선장면,사망사고,1,0,0,0,차량단독 - 도로외이탈 - 추락,안전운전불이행,건조,흐림,단일로 - 기타,이륜,남,80세,사망,,,,
2021071900100535,2021년 7월 19일 20시,월요일,충청남도 아산시 둔포면,중상사고,0,1,0,0,차대차 - 기타,기타,건조,맑음,단일로 - 기타,이륜,남,18세,중상,승용,남,36세,상해없음
2021071900100598,2021년 7월 19일 23시,월요일,충청남도 아산시 배미동,경상사고,0,0,1,0,차대차 - 추돌,기타,건조,흐림,교차로 - 교차로부근,승용,남,28세,상해없음,승용,남,27세,경상
2021071900100599,2021년 7월 19일 23시,월요일,충청남도 부여군 규암면,중상사고,0,2,0,0,차대사람 - 기타,기타,건조,맑음,단일로 - 기타,승용,남,64세,상해없음,보행자,여,61세,중상
2021072000100012,2021년 7월 20일 01시,화요일,충청남도 천안시 동남구 신부동,중상사고,0,1,0,0,차량단독 - 기타,안전운전불이행,건조,맑음,단일로 - 기타,이륜,남,32세,중상,,,,
2021072000100020,2021년 7월 20일 04시,화요일,충청남도 천안시 동남구 풍세면,경상사고,0,0,1,0,차대차 - 측면충돌,안전거리미확보,건조,맑음,단일로 - 기타,화물,남,51세,상해없음,승용,남,63세,경상
2021072000100039,2021년 7월 20일 06시,화요일,충청남도 예산군 고덕면,중상사고,0,1,0,0,차대차 - 측면충돌,직진우회전진행방해,건조,맑음,교차로 - 교차로안,화물,남,64세,상해없음,화물,남,55세,중상
2021072000100072,2021년 7월 20일 08시,화요일,충청남도 천안시 서북구 성정동,중상사고,0,1,0,0,차대차 - 측면충돌,안전거리미확보,건조,맑음,단일로 - 기타,자전거,여,69세,중상,승용,남,47세,상해없음
2021072000100073,2021년 7월 20일 08시,화요일,충청남도 천안시 서북구 성환읍,경상사고,0,0,1,0,차대차 - 추돌,안전운전불이행,건조,맑음,단일로 - 기타,승용,남,57세,상해없음,승용,여,52세,경상
2021072000100074,2021년 7월 20일 08시,화요일,충청남도 공주시 탄천면,중상사고,0,1,0,0,차대차 - 추돌,안전운전불이행,건조,맑음,단일로 - 기타,화물,남,66세,상해없음,화물,남,55세,중상
2021072000100102,2021년 7월 20일 09시,화요일,충청남도 예산군 대흥면,경상사고,0,0,2,0,차대차 - 정면충돌,중앙선침범,건조,맑음,기타 - 기타,승용,여,46세,경상,건설기계,남,48세,경상
2021072000100166,2021년 7월 20일 11시,화요일,충청남도 서산시 팔봉면,중상사고,0,1,0,0,차대차 - 측면충돌,안전운전불이행,건조,맑음,단일로 - 기타,화물,남,50세,상해없음,이륜,남,77세,중상
2021072000100167,2021년 7월 20일 11시,화요일,충청남도 아산시 온천동,중상사고,0,1,0,0,차대사람 - 길가장자리구역통행중,안전운전불이행,건조,맑음,단일로 - 기타,승용,남,81세,상해없음,보행자,여,72세,중상
2021072000100168,2021년 7월 20일 11시,화요일,충청남도 당진시 채운동,중상사고,0,1,0,0,차대차 - 측면충돌,안전운전불이행,건조,맑음,교차로 - 교차로안,이륜,남,35세,중상,승용,남,21세,상해없음
2021072000100169,2021년 7월 20일 11시,화요일,충청남도 청양군 대치면,중상사고,0,1,0,0,차대차 - 측면충돌,안전운전불이행,건조,맑음,단일로 - 기타,승용,여,22세,상해없음,화물,남,70세,중상
2021072000100237,2021년 7월 20일 13시,화요일,충청남도 천안시 서북구 성정동,경상사고,0,0,3,0,차대차 - 측면충돌,안전운전불이행,건조,맑음,교차로 - 교차로안,승용,여,37세,상해없음,승용,남,49세,경상
2021072000100276,2021년 7월 20일 14시,화요일,충청남도 서천군 서천읍,경상사고,0,0,4,0,차대차 - 추돌,안전거리미확보,건조,맑음,교차로 - 교차로안,화물,남,66세,경상,승합,남,56세,경상
2021072000100277,2021년 7월 20일 14시,화요일,충청남도 부여군 부여읍,경상사고,0,0,1,0,차대차 - 기타,안전운전불이행,건조,맑음,교차로 - 교차로안,승용,남,70세,상해없음,자전거,남,17세,경상
2021072000100278,2021년 7월 20일 14시,화요일,충청남도 금산군 복수면,중상사고,0,2,1,0,차대차 - 정면충돌,중앙선침범,건조,맑음,단일로 - 기타,승용,남,56세,경상,승용,여,49세,중상
2021072000100305,2021년 7월 20일 15시,화요일,충청남도 서천군 서천읍,중상사고,0,2,0,0,차대차 - 기타,중앙선침범,건조,맑음,단일로 - 기타,승용,남,91세,상해없음,승용,남,43세,중상
2021072000100306,2021년 7월 20일 15시,화요일,충청남도 당진시 송악읍,경상사고,0,0,1,0,차대차 - 추돌,안전운전불이행,건조,맑음,교차로 - 교차로부근,승용,여,65세,상해없음,승용,여,51세,경상
2021072000100341,2021년 7월 20일 16시,화요일,충청남도 천안시 서북구 성정동,경상사고,0,0,2,0,차대차 - 기타,안전운전불이행,건조,맑음,교차로 - 교차로안,승용,남,61세,상해없음,승용,남,35세,경상
2021072000100391,2021년 7월 20일 17시,화요일,충청남도 당진시 송산면,경상사고,0,0,1,0,차대차 - 측면충돌,교차로운행방법위반,건조,맑음,교차로 - 교차로안,승용,남,35세,상해없음,승용,남,36세,경상
2021072000100392,2021년 7월 20일 17시,화요일,충청남도 당진시 송악읍,중상사고,0,1,0,0,차대차 - 측면충돌,교차로운행방법위반,건조,맑음,교차로 - 교차로안,승용,여,22세,상해없음,승용,여,27세,중상
2021072000100437,2021년 7월 20일 18시,화요일,충청남도 천안시 서북구 직산읍,경상사고,0,0,2,0,차대차 - 측면충돌,교차로운행방법위반,건조,맑음,교차로 - 교차로안,승용,남,34세,경상,승용,남,59세,경상
2021072000100438,2021년 7월 20일 18시,화요일,충청남도 예산군 오가면,사망사고,1,0,0,0,차량단독 - 도로외이탈 - 추락,안전운전불이행,건조,맑음,기타 - 기타,이륜,남,72세,사망,,,,
2021072000100464,2021년 7월 20일 19시,화요일,충청남도 태안군 안면읍,중상사고,0,1,1,0,차대차 - 기타,안전운전불이행,건조,맑음,교차로 - 교차로안,승용,남,72세,중상,승용,남,61세,경상
2021072100100009,2021년 7월 21일 00시,수요일,충청남도 천안시 서북구 직산읍,중상사고,0,1,0,0,차대사람 - 길가장자리구역통행중,안전운전불이행,건조,맑음,기타 - 기타,화물,남,72세,상해없음,보행자,남,56세,중상
2021072100100020,2021년 7월 21일 01시,수요일,충청남도 아산시 배방읍,중상사고,0,1,1,0,차대차 - 기타,안전운전불이행,건조,맑음,기타 - 기타,승용,여,21세,상해없음,이륜,남,17세,경상
2021072100100065,2021년 7월 21일 07시,수요일,충청남도 천안시 서북구 입장면,중상사고,0,1,1,0,차대차 - 정면충돌,안전운전불이행,건조,맑음,단일로 - 기타,자전거,남,40세,중상,승용,남,28세,경상
2021072100100066,2021년 7월 21일 07시,수요일,충청남도 당진시 송산면,경상사고,0,0,2,0,차대차 - 측면충돌,교차로운행방법위반,건조,맑음,교차로 - 교차로안,승용,남,48세,상해없음,승용,남,24세,경상
2021072100100098,2021년 7월 21일 08시,수요일,충청남도 천안시 서북구 신당동,경상사고,0,0,1,0,차대차 - 기타,교차로운행방법위반,건조,맑음,교차로 - 교차로안,화물,남,42세,상해없음,승용,여,32세,경상
2021072100100099,2021년 7월 21일 08시,수요일,충청남도 논산시 연무읍,중상사고,0,1,0,0,차대차 - 정면충돌,신호위반,건조,맑음,교차로 - 교차로안,승용,남,42세,상해없음,화물,남,66세,중상
2021072100100100,2021년 7월 21일 08시,수요일,충청남도 예산군 삽교읍,경상사고,0,0,1,0,차대차 - 측면충돌,안전운전불이행,건조,맑음,교차로 - 교차로부근,승용,남,20세,상해없음,승용,여,40세,경상
2021072100100101,2021년 7월 21일 08시,수요일,충청남도 천안시 동남구 신부동,경상사고,0,0,3,0,차대차 - 추돌,안전운전불이행,건조,맑음,단일로 - 기타,승용,남,25세,상해없음,승용,남,38세,경상
2021072100100179,2021년 7월 21일 10시,수요일,충청남도 당진시 신평면,중상사고,0,1,0,0,차대차 - 추돌,안전운전불이행,건조,맑음,주차장 - 주차장,승용,남,47세,상해없음,승용,남,29세,중상
2021072100100220,2021년 7월 21일 11시,수요일,충청남도 천안시 서북구 성거읍,중상사고,0,1,0,1,차대차 - 기타,안전운전불이행,건조,맑음,교차로 - 교차로안,승용,남,75세,상해없음,이륜,남,43세,중상
2021072100100221,2021년 7월 21일 11시,수요일,충청남도 천안시 서북구 직산읍,경상사고,0,0,1,0,차대차 - 기타,교차로운행방법위반,건조,맑음,교차로 - 교차로안,화물,남,61세,상해없음,화물,남,65세,경상
2021072100100260,2021년 7월 21일 12시,수요일,충청남도 아산시 배방읍,경상사고,0,0,2,0,차대차 - 측면충돌,신호위반,건조,맑음,교차로 - 교차로안,승용,여,34세,상해없음,승용,남,49세,경상
2021072100100261,2021년 7월 21일 12시,수요일,충청남도 천안시 동남구 병천면,경상사고,0,0,1,0,차대차 - 기타,중앙선침범,건조,맑음,단일로 - 기타,승용,남,57세,상해없음,승용,여,51세,경상
2021072100100262,2021년 7월 21일 12시,수요일,충청남도 태안군 태안읍,경상사고,0,0,2,0,차대차 - 추돌,안전운전불이행,건조,맑음,기타 - 기타,승용,남,54세,상해없음,승용,여,51세,경상
2021072100100263,2021년 7월 21일 12시,수요일,충청남도 천안시 서북구 입장면,경상사고,0,0,2,0,차대차 - 추돌,안전거리미확보,건조,맑음,기타 - 기타,화물,남,60세,상해없음,승용,남,28세,경상
2021072100100296,2021년 7월 21일 13시,수요일,충청남도 천안시 서북구 두정동,경상사고,0,0,1,0,차대차 - 기타,중앙선침범,건조,맑음,기타 - 기타,승용,여,34세,상해없음,승용,여,50세,경상
2021072100100297,2021년 7월 21일 13시,수요일,충청남도 논산시 대교동,경상사고,0,0,4,0,차대차 - 추돌,안전운전불이행,건조,맑음,단일로 - 기타,승용,남,70세,상해없음,승용,여,39세,경상
2021072100100298,2021년 7월 21일 13시,수요일,충청남도 아산시 배방읍,경상사고,0,0,1,0,차대차 - 측면충돌,신호위반,건조,맑음,교차로 - 교차로안,승용,남,72세,상해없음,승용,남,28세,경상
2021072100100299,2021년 7월 21일 13시,수요일,충청남도 아산시 영인면,중상사고,0,1,0,0,차대차 - 추돌,안전운전불이행,건조,맑음,교차로 - 교차로부근,화물,남,77세,상해없음,화물,남,59세,중상
2021072100100300,2021년 7월 21일 13시,수요일,충청남도 아산시 온천동,경상사고,0,0,1,0,차대차 - 후진중충돌,안전운전불이행,건조,맑음,단일로 - 기타,승용,남,47세,상해없음,승용,여,54세,경상
2021072100100301,2021년 7월 21일 13시,수요일,충청남도 천안시 동남구 청당동,경상사고,0,0,1,0,차대차 - 기타,안전운전불이행,건조,맑음,교차로 - 교차로부근,승용,남,56세,상해없음,승용,남,30세,경상
2021072100100338,2021년 7월 21일 14시,수요일,충청남도 아산시 탕정면,경상사고,0,0,1,0,차대차 - 기타,안전운전불이행,건조,맑음,교차로 - 교차로안,승용,여,23세,상해없음,이륜,남,45세,경상
2021072100100370,2021년 7월 21일 15시,수요일,충청남도 천안시 서북구 쌍용동,경상사고,0,0,1,0,차대사람 - 횡단중,신호위반,건조,기타,기타 - 기타,승용,여,69세,상해없음,보행자,남,11세,경상
2021072100100371,2021년 7월 21일 15시,수요일,충청남도 천안시 서북구 쌍용동,경상사고,0,0,3,0,차대차 - 기타,안전운전불이행,건조,맑음,교차로 - 교차로부근,승용,남,61세,경상,승용,남,45세,경상
2021072100100372,2021년 7월 21일 15시,수요일,충청남도 천안시 서북구 쌍용동,경상사고,0,0,1,0,차대차 - 기타,안전운전불이행,건조,맑음,기타 - 기타,화물,남,48세,상해없음,승용,여,26세,경상
2021072100100373,2021년 7월 21일 15시,수요일,충청남도 아산시 배방읍,경상사고,0,0,1,0,차대차 - 기타,안전운전불이행,건조,맑음,단일로 - 기타,승용,여,41세,상해없음,승용,남,42세,경상
2021072100100374,2021년 7월 21일 15시,수요일,충청남도 보령시 대천동,중상사고,0,1,0,0,차대차 - 정면충돌,안전거리미확보,건조,맑음,교차로 - 교차로부근,자전거,남,82세,중상,화물,남,47세,상해없음
2021072100100421,2021년 7월 21일 16시,수요일,충청남도 천안시 서북구 불당동,경상사고,0,0,1,0,차대차 - 기타,기타,건조,맑음,교차로 - 교차로부근,승용,남,30세,상해없음,승용,여,21세,경상
2021072100100423,2021년 7월 21일 16시,수요일,충청남도 당진시 시곡동,경상사고,0,0,1,0,차대차 - 추돌,안전운전불이행,건조,맑음,교차로 - 교차로부근,승용,여,60세,상해없음,승용,여,50세,경상
2021072100100424,2021년 7월 21일 16시,수요일,충청남도 청양군 목면,경상사고,0,0,1,0,차대차 - 측면충돌,안전운전불이행,건조,맑음,기타 - 기타,화물,남,78세,상해없음,승용,남,42세,경상
2021072100100471,2021년 7월 21일 17시,수요일,충청남도 서산시 예천동,경상사고,0,0,1,0,차대차 - 측면충돌,신호위반,건조,맑음,교차로 - 교차로안,승용,남,26세,상해없음,승용,남,58세,경상
2021072100100472,2021년 7월 21일 17시,수요일,충청남도 논산시 연무읍,사망사고,1,0,0,0,차대사람 - 횡단중,안전운전불이행,건조,맑음,교차로 - 교차로안,화물,남,56세,상해없음,보행자,여,85세,사망
2021072100100473,2021년 7월 21일 17시,수요일,충청남도 보령시 청라면,경상사고,0,0,1,0,차대차 - 추돌,안전거리미확보,건조,맑음,단일로 - 기타,승용,남,47세,상해없음,승용,여,63세,경상
2021072100100529,2021년 7월 21일 18시,수요일,충청남도 아산시 배방읍,경상사고,0,0,1,0,차대차 - 추돌,안전운전불이행,건조,맑음,단일로 - 터널,화물,남,63세,상해없음,승용,남,33세,경상
2021072100100530,2021년 7월 21일 18시,수요일,충청남도 보령시 신흑동,경상사고,0,0,4,0,차대차 - 정면충돌,신호위반,건조,맑음,교차로 - 교차로안,승용,남,25세,상해없음,승용,여,33세,경상
2021072100100531,2021년 7월 21일 18시,수요일,충청남도 예산군 광시면,중상사고,0,2,1,0,차대차 - 정면충돌,신호위반,건조,맑음,교차로 - 교차로안,승용,여,57세,중상,승용,남,42세,중상
2021072100100568,2021년 7월 21일 19시,수요일,충청남도 천안시 서북구 성정동,경상사고,0,0,3,0,차대차 - 기타,안전운전불이행,건조,맑음,기타 - 기타,승용,남,23세,상해없음,승용,여,36세,경상
2021072100100596,2021년 7월 21일 20시,수요일,충청남도 공주시 송선동,경상사고,0,0,1,0,차대차 - 기타,안전운전불이행,건조,맑음,단일로 - 기타,승용,남,56세,상해없음,승용,남,52세,경상
2021072100100668,2021년 7월 21일 23시,수요일,충청남도 서산시 읍내동,중상사고,0,1,0,0,차대사람 - 횡단중,안전운전불이행,건조,맑음,교차로 - 교차로안,승용,남,50세,상해없음,보행자,여,79세,중상
2021072200100027,2021년 7월 22일 04시,목요일,충청남도 보령시 동대동,중상사고,0,2,0,0,차대차 - 측면충돌,안전거리미확보,건조,맑음,단일로 - 기타,화물,남,58세,상해없음,승용,남,80세,중상
2021072200100036,2021년 7월 22일 05시,목요일,충청남도 홍성군 홍성읍,경상사고,0,0,2,0,차대차 - 측면충돌,안전운전불이행,건조,맑음,교차로 - 교차로안,승용,여,65세,상해없음,승용,남,76세,경상
2021072200100042,2021년 7월 22일 06시,목요일,충청남도 예산군 오가면,경상사고,0,0,1,0,차대차 - 추돌,안전운전불이행,건조,맑음,교차로 - 교차로부근,승용,남,21세,상해없음,승용,남,38세,경상
2021072200100095,2021년 7월 22일 08시,목요일,충청남도 천안시 서북구 성정동,경상사고,0,0,1,0,차대차 - 측면충돌,직진우회전진행방해,건조,맑음,교차로 - 교차로안,승용,여,57세,기타불명,승용,여,28세,경상