사고번호,사고일시,요일,시군구,사고내용,사망자수,중상자수,경상자수,부상신고자수,사고유형,법규위반,노면상태,기상상태,도로형태,가해운전자 차종,가해운전자 성별,가해운전자 연령,가해운전자 상해정도,피해운전자 차종,피해운전자 성별,피해운전자 연령,피해운전자 상해정도
2021080200100129,2021년 8월 2일 10시,월요일,충청남도 천안시 서북구 불당동,경상사고,0,0,2,0,차대차 - 기타,안전운전불이행,젖음/습기,비,기타 - 기타,승합,남,44세,기타불명,승용,남,48세,경상
2021080200100130,2021년 8월 2일 10시,월요일,충청남도 천안시 서북구 두정동,경상사고,0,0,1,0,차대차 - 기타,안전운전불이행,젖음/습기,비,교차로 - 교차로부근,승용,남,60세,상해없음,이륜,남,40세,경상
2021080200100159,2021년 8월 2일 11시,월요일,충청남도 서천군 마서면,경상사고,0,0,4,0,차대차 - 기타,안전운전불이행,젖음/습기,비,교차로 - 교차로안,승용,여,49세,기타불명,승합,남,40세,경상
2021080200100238,2021년 8월 2일 13시,월요일,충청남도 천안시 서북구 두정동,경상사고,0,0,1,0,차대차 - 기타,직진우회전진행방해,건조,맑음,교차로 - 교차로안,승용,남,31세,기타불명,이륜,남,24세,경상
2021080200100239,2021년 8월 2일 13시,월요일,충청남도 천안시 동남구 신부동,중상사고,0,1,0,0,차대차 - 기타,안전거리미확보,젖음/습기,흐림,단일로 - 기타,기타불명,기타불명,미분류,기타불명,이륜,남,45세,중상
2021080200100272,2021년 8월 2일 14시,월요일,충청남도 천안시 동남구 다가동,중상사고,0,1,0,0,차대사람 - 횡단중,안전운전불이행,건조,맑음,교차로 - 교차로부근,승용,남,68세,상해없음,보행자,여,77세,중상
2021080200100323,2021년 8월 2일 15시,월요일,충청남도 보령시 명천동,경상사고,0,0,1,0,차대차 - 기타,안전운전불이행,건조,맑음,단일로 - 기타,승용,남,66세,상해없음,승용,여,54세,경상
2021080200100350,2021년 8월 2일 16시,월요일,충청남도 당진시 읍내동,경상사고,0,0,1,0,차대차 - 측면충돌,교차로운행방법위반,건조,맑음,교차로 - 교차로안,승용,여,66세,상해없음,승용,남,36세,경상
2021080200100386,2021년 8월 2일 17시,월요일,충청남도 당진시 신평면,경상사고,0,0,1,0,차대차 - 추돌,안전운전불이행,건조,맑음,단일로 - 기타,승용,남,55세,상해없음,승용,남,48세,경상
2021080200100425,2021년 8월 2일 18시,월요일,충청남도 천안시 서북구 두정동,경상사고,0,0,1,0,차대차 - 측면충돌,신호위반,건조,맑음,단일로 - 기타,승용,여,45세,경상,승용,남,54세,상해없음
2021080200100426,2021년 8월 2일 18시,월요일,충청남도 논산시 등화동,중상사고,0,1,1,0,차대차 - 측면충돌,신호위반,건조,맑음,교차로 - 교차로부근,승용,여,24세,상해없음,승용,남,32세,중상
2021080200100427,2021년 8월 2일 18시,월요일,충청남도 홍성군 홍북읍,경상사고,0,0,2,0,차대차 - 측면충돌,중앙선침범,건조,맑음,기타 - 기타,승용,남,23세,상해없음,승용,남,40세,경상
2021080200100428,2021년 8월 2일 18시,월요일,충청남도 아산시 신창면,경상사고,0,0,1,0,차대차 - 기타,안전운전불이행,건조,맑음,교차로 - 교차로안,화물,남,52세,상해없음,승용,남,23세,경상
2021080200100429,2021년 8월 2일 18시,월요일,충청남도 아산시 배방읍,경상사고,0,0,1,0,차대차 - 기타,안전운전불이행,건조,맑음,단일로 - 기타,승용,여,41세,상해없음,승용,남,28세,경상
2021080200100430,2021년 8월 2일 18시,월요일,충청남도 태안군 태안읍,경상사고,0,0,2,0,차대차 - 추돌,안전운전불이행,건조,맑음,단일로 - 기타,승용,여,32세,상해없음,승용,남,31세,경상
2021080200100475,2021년 8월 2일 19시,월요일,충청남도 천안시 서북구 성정동,경상사고,0,0,1,0,차대사람 - 횡단중,보행자보호의무위반,건조,맑음,단일로 - 기타,승용,남,62세,상해없음,보행자,여,28세,경상
2021080200100495,2021년 8월 2일 20시,월요일,충청남도 당진시 읍내동,경상사고,0,0,1,0,차대차 - 추돌,안전거리미확보,건조,맑음,단일로 - 기타,이륜,남,37세,상해없음,승용,남,28세,경상
2021080200100525,2021년 8월 2일 21시,월요일,충청남도 서산시 동문동,경상사고,0,0,2,0,차대차 - 측면충돌,신호위반,건조,맑음,교차로 - 교차로안,승용,남,24세,상해없음,승용,남,20세,경상
2021080200100526,2021년 8월 2일 21시,월요일,충청남도 천안시 서북구 두정동,경상사고,0,0,1,0,차대차 - 기타,안전운전불이행,건조,맑음,교차로 - 교차로안,승용,여,43세,상해없음,이륜,남,42세,경상
2021080200100554,2021년 8월 2일 22시,월요일,충청남도 공주시 신관동,경상사고,0,0,2,0,차대차 - 측면충돌,교차로운행방법위반,건조,맑음,교차로 - 교차로부근,승용,남,52세,상해없음,승용,남,47세,경상
2021080200100573,2021년 8월 2일 23시,월요일,충청남도 아산시 배방읍,경상사고,0,0,1,0,차대차 - 추돌,안전운전불이행,건조,맑음,단일로 - 기타,승용,남,24세,상해없음,승용,남,28세,경상
2021080300100003,2021년 8월 3일 00시,화요일,충청남도 보령시 신흑동,중상사고,0,1,1,0,차대사람 - 기타,안전운전불이행,건조,맑음,교차로 - 교차로안,승용,여,19세,상해없음,보행자,여,58세,중상
2021080300100022,2021년 8월 3일 04시,화요일,충청남도 태안군 안면읍,중상사고,0,1,0,0,차량단독 - 공작물충돌,안전운전불이행,건조,맑음,단일로 - 기타,화물,남,37세,기타불명,,,,
2021080300100040,2021년 8월 3일 07시,화요일,충청남도 아산시 모종동,경상사고,0,0,1,0,차대사람 - 횡단중,보행자보호의무위반,건조,맑음,교차로 - 교차로횡단보도내,승용,남,50세,상해없음,보행자,여,64세,경상
2021080300100041,2021년 8월 3일 07시,화요일,충청남도 천안시 동남구 북면,경상사고,0,0,1,0,차대차 - 기타,불법유턴,건조,맑음,단일로 - 기타,화물,남,26세,상해없음,자전거,남,51세,경상
2021080300100109,2021년 8월 3일 10시,화요일,충청남도 천안시 동남구 영성동,중상사고,0,1,1,0,차대차 - 측면충돌,교차로운행방법위반,건조,맑음,교차로 - 교차로안,승용,여,63세,경상,화물,남,35세,중상
2021080300100146,2021년 8월 3일 11시,화요일,충청남도 금산군 복수면,중상사고,0,1,0,0,차대차 - 측면충돌,교차로운행방법위반,건조,맑음,교차로 - 교차로안,승용,남,39세,상해없음,이륜,남,66세,중상
2021080300100147,2021년 8월 3일 11시,화요일,충청남도 천안시 동남구 목천읍,경상사고,0,0,1,0,차대차 - 추돌,안전운전불이행,건조,맑음,단일로 - 기타,승합,남,57세,기타불명,승용,남,44세,경상
2021080300100175,2021년 8월 3일 12시,화요일,충청남도 아산시 풍기동,경상사고,0,0,2,0,차대차 - 추돌,안전운전불이행,건조,맑음,교차로 - 교차로부근,승용,남,60세,상해없음,승용,남,44세,상해없음
2021080300100202,2021년 8월 3일 13시,화요일,충청남도 서산시 성연면,경상사고,0,0,1,0,차대차 - 추돌,안전거리미확보,건조,맑음,교차로 - 교차로부근,승용,남,67세,상해없음,승용,남,35세,경상
2021080300100203,2021년 8월 3일 13시,화요일,충청남도 아산시 득산동,경상사고,0,0,1,0,차대차 - 기타,안전운전불이행,건조,맑음,단일로 - 기타,승용,남,45세,상해없음,승용,남,39세,상해없음
2021080300100239,2021년 8월 3일 14시,화요일,충청남도 서산시 대산읍,경상사고,0,0,5,0,차대차 - 기타,신호위반,건조,맑음,교차로 - 교차로안,승용,남,87세,상해없음,승용,남,42세,경상
2021080300100240,2021년 8월 3일 14시,화요일,충청남도 천안시 서북구 성정동,부상신고사고,0,0,0,1,차대차 - 측면충돌,안전운전불이행,건조,맑음,단일로 - 기타,이륜,남,42세,부상신고,승용,남,50세,상해없음
2021080300100241,2021년 8월 3일 14시,화요일,충청남도 천안시 서북구 성거읍,경상사고,0,0,1,0,차대차 - 기타,안전거리미확보,건조,맑음,단일로 - 기타,화물,남,58세,상해없음,승용,남,24세,경상
2021080300100242,2021년 8월 3일 14시,화요일,충청남도 천안시 동남구 신부동,경상사고,0,0,1,0,차대사람 - 기타,안전운전불이행,건조,맑음,단일로 - 기타,화물,남,42세,기타불명,보행자,남,18세,경상
2021080300100284,2021년 8월 3일 15시,화요일,충청남도 아산시 음봉면,경상사고,0,0,4,0,차대차 - 추돌,안전운전불이행,젖음/습기,비,단일로 - 기타,화물,남,50세,상해없음,승용,여,29세,경상
2021080300100314,2021년 8월 3일 16시,화요일,충청남도 예산군 대흥면,부상신고사고,0,0,0,1,차량단독 - 공작물충돌,안전운전불이행,건조,흐림,교차로 - 교차로부근,화물,남,60세,부상신고,,,,
2021080300100346,2021년 8월 3일 17시,화요일,충청남도 서산시 석남동,경상사고,0,0,1,0,차대차 - 추돌,안전운전불이행,건조,맑음,교차로 - 교차로부근,승용,남,60세,상해없음,승용,여,44세,경상
2021080300100419,2021년 8월 3일 19시,화요일,충청남도 논산시 내동,중상사고,0,1,0,0,차대사람 - 횡단중,안전운전불이행,건조,맑음,교차로 - 교차로안,이륜,남,24세,상해없음,보행자,여,55세,중상
2021080300100449,2021년 8월 3일 20시,화요일,충청남도 천안시 서북구 두정동,경상사고,0,0,2,0,차대차 - 측면충돌,신호위반,건조,맑음,교차로 - 교차로부근,승용,여,44세,상해없음,승용,남,25세,경상
2021080300100450,2021년 8월 3일 20시,화요일,충청남도 태안군 안면읍,경상사고,0,0,2,0,차대차 - 기타,안전운전불이행,건조,맑음,단일로 - 기타,화물,남,59세,상해없음,승용,남,43세,경상
2021080300100469,2021년 8월 3일 21시,화요일,충청남도 예산군 신양면,중상사고,0,1,0,0,차대사람 - 기타,안전운전불이행,건조,맑음,단일로 - 기타,승용,남,42세,상해없음,보행자,남,46세,중상
2021080300100470,2021년 8월 3일 21시,화요일,충청남도 천안시 동남구 안서동,경상사고,0,0,1,0,차대차 - 기타,안전운전불이행,건조,맑음,교차로 - 교차로안,승용,남,30세,상해없음,이륜,남,26세,경상
2021080300100496,2021년 8월 3일 22시,화요일,충청남도 공주시 신관동,중상사고,0,1,0,0,차대사람 - 횡단중,신호위반,건조,맑음,교차로 - 교차로안,승용,남,49세,기타불명,보행자,남,32세,중상
2021080400100020,2021년 8월 4일 03시,수요일,충청남도 금산군 부리면,경상사고,0,0,1,0,차량단독 - 도로외이탈 - 추락,안전운전불이행,젖음/습기,흐림,단일로 - 기타,사륜오토바이(ATV),남,33세,경상,,,,
2021080400100031,2021년 8월 4일 06시,수요일,충청남도 서천군 한산면,경상사고,0,0,1,0,차량단독 - 기타,안전운전불이행,건조,맑음,단일로 - 기타,이륜,남,61세,경상,,,,
2021080400100074,2021년 8월 4일 08시,수요일,충청남도 서천군 장항읍,중상사고,0,1,0,0,차대차 - 측면충돌,직진우회전진행방해,건조,맑음,교차로 - 교차로안,승용,남,47세,상해없음,승용,여,40세,중상
2021080400100075,2021년 8월 4일 08시,수요일,충청남도 보령시 대천동,중상사고,0,1,0,0,차대사람 - 기타,보행자보호의무위반,건조,맑음,교차로 - 교차로횡단보도내,화물,남,77세,상해없음,보행자,여,66세,중상
2021080400100076,2021년 8월 4일 08시,수요일,충청남도 공주시 신관동,경상사고,0,0,1,0,차대차 - 추돌,안전운전불이행,건조,맑음,교차로 - 교차로부근,승용,남,51세,상해없음,승용,여,51세,경상
2021080400100109,2021년 8월 4일 09시,수요일,충청남도 천안시 동남구 신부동,중상사고,0,1,0,0,차대사람 - 횡단중,보행자보호의무위반,건조,맑음,교차로 - 교차로횡단보도내,승용,남,18세,상해없음,보행자,여,69세,중상
2021080400100141,2021년 8월 4일 10시,수요일,충청남도 천안시 서북구 직산읍,중상사고,0,1,3,0,차대차 - 추돌,안전운전불이행,건조,맑음,단일로 - 기타,화물,남,62세,중상,화물,남,59세,경상
2021080400100142,2021년 8월 4일 10시,수요일,충청남도 천안시 서북구 직산읍,경상사고,0,0,3,0,차대차 - 측면충돌,안전운전불이행,건조,맑음,단일로 - 기타,승용,남,25세,상해없음,승용,남,29세,경상
2021080400100143,2021년 8월 4일 10시,수요일,충청남도 천안시 동남구 청수동,중상사고,0,1,0,0,차대차 - 측면충돌,직진우회전진행방해,건조,맑음,교차로 - 교차로안,승용,여,53세,상해없음,이륜,남,39세,중상
2021080400100243,2021년 8월 4일 13시,수요일,충청남도 아산시 배방읍,경상사고,0,0,1,0,차대차 - 기타,안전운전불이행,건조,맑음,기타 - 기타,승용,남,62세,상해없음,이륜,남,26세,경상
2021080400100244,2021년 8월 4일 13시,수요일,충청남도 태안군 태안읍,중상사고,0,1,1,0,차대차 - 기타,안전운전불이행,건조,맑음,교차로 - 교차로안,화물,남,58세,상해없음,이륜,여,68세,경상
2021080400100321,2021년 8월 4일 15시,수요일,충청남도 천안시 서북구 백석동,경상사고,0,0,1,0,차대차 - 추돌,안전운전불이행,건조,맑음,단일로 - 기타,승용,여,18세,상해없음,승용,여,45세,경상
2021080400100322,2021년 8월 4일 15시,수요일,충청남도 천안시 동남구 구성동,중상사고,0,1,0,0,차대차 - 기타,중앙선침범,건조,맑음,교차로 - 교차로부근,이륜,남,32세,기타불명,이륜,남,68세,중상
2021080400100353,2021년 8월 4일 16시,수요일,충청남도 서산시 지곡면,중상사고,0,4,4,0,차대차 - 측면충돌,신호위반,건조,맑음,교차로 - 교차로안,승용,남,55세,중상,승용,남,25세,중상
2021080400100354,2021년 8월 4일 16시,수요일,충청남도 아산시 권곡동,경상사고,0,0,1,0,차대사람 - 횡단중,보행자보호의무위반,건조,맑음,교차로 - 교차로안,승용,여,39세,상해없음,보행자,남,7세,경상
2021080400100355,2021년 8월 4일 16시,수요일,충청남도 당진시 합덕읍,경상사고,0,0,1,0,차대차 - 후진중충돌,안전운전불이행,건조,맑음,교차로 - 교차로부근,승용,남,49세,상해없음,승용,남,29세,경상
2021080400100356,2021년 8월 4일 16시,수요일,충청남도 천안시 동남구 삼룡동,경상사고,0,0,2,1,차대차 - 기타,안전운전불이행,건조,맑음,단일로 - 기타,승용,남,34세,상해없음,승용,남,28세,경상
2021080400100400,2021년 8월 4일 17시,수요일,충청남도 논산시 은진면,경상사고,0,0,2,0,차대차 - 측면충돌,신호위반,건조,맑음,교차로 - 교차로안,승용,남,56세,경상,승용,남,40세,경상
2021080400100401,2021년 8월 4일 17시,수요일,충청남도 논산시 부적면,경상사고,0,0,3,0,차대차 - 측면충돌,안전거리미확보,건조,맑음,단일로 - 기타,승용,여,20세,상해없음,승용,여,52세,경상
2021080400100402,2021년 8월 4일 17시,수요일,충청남도 당진시 면천면,경상사고,0,0,1,0,차대차 - 측면충돌,직진우회전진행방해,건조,맑음,교차로 - 교차로부근,승용,남,30세,상해없음,이륜,남,52세,경상
2021080400100403,2021년 8월 4일 17시,수요일,충청남도 천안시 동남구 풍세면,경상사고,0,0,1,0,차대차 - 측면충돌,직진우회전진행방해,건조,맑음,교차로 - 교차로안,이륜,남,76세,경상,승용,남,52세,상해없음
2021080400100404,2021년 8월 4일 17시,수요일,충청남도 태안군 안면읍,중상사고,0,1,0,0,차대차 - 기타,교차로운행방법위반,건조,맑음,교차로 - 교차로안,승용,여,35세,상해없음,승용,남,51세,중상
2021080400100457,2021년 8월 4일 18시,수요일,충청남도 보령시 대천동,경상사고,0,0,1,0,차대차 - 추돌,안전운전불이행,건조,맑음,단일로 - 기타,승용,남,29세,기타불명,승용,남,27세,경상
2021080400100494,2021년 8월 4일 19시,수요일,충청남도 천안시 서북구 성환읍,경상사고,0,0,1,0,차대차 - 측면충돌,안전운전불이행,건조,맑음,교차로 - 교차로안,기타불명,기타불명,미분류,기타불명,승용,남,36세,상해없음
2021080400100495,2021년 8월 4일 19시,수요일,충청남도 공주시 금흥동,중상사고,0,1,0,0,차대차 - 후진중충돌,안전운전불이행,건조,맑음,단일로 - 기타,승용,여,51세,상해없음,이륜,남,61세,중상
2021080400100574,2021년 8월 4일 22시,수요일,충청남도 보령시 죽정동,중상사고,0,1,0,0,차대차 - 기타,중앙선침범,건조,맑음,단일로 - 기타,승용,남,49세,상해없음,승용,남,39세,중상
2021080500100019,2021년 8월 5일 03시,목요일,충청남도 보령시 명천동,경상사고,0,0,1,0,차량단독 - 기타,안전운전불이행,기타,맑음,기타 - 기타,이륜,남,16세,경상,,,,
2021080500100023,2021년 8월 5일 04시,목요일,충청남도 부여군 부여읍,경상사고,0,0,2,0,차대차 - 측면충돌,교차로운행방법위반,건조,맑음,교차로 - 교차로안,화물,남,66세,상해없음,화물,남,45세,경상
2021080500100029,2021년 8월 5일 05시,목요일,충청남도 부여군 세도면,경상사고,0,0,1,0,차량단독 - 전도전복 - 전도,안전운전불이행,건조,맑음,기타 - 기타,이륜,남,58세,경상,,,,
2021080500100142,2021년 8월 5일 10시,목요일,충청남도 공주시 신풍면,중상사고,0,1,0,0,차대차 - 추돌,안전운전불이행,건조,맑음,단일로 - 교량,승용,남,53세,상해없음,화물,남,42세,중상
2021080500100189,2021년 8월 5일 11시,목요일,충청남도 천안시 서북구 성환읍,경상사고,0,0,1,0,차대사람 - 기타,교차로운행방법위반,건조,맑음,교차로 - 교차로안,화물,남,48세,상해없음,보행자,남,57세,경상
2021080500100191,2021년 8월 5일 11시,목요일,충청남도 천안시 동남구 신방동,경상사고,0,0,1,0,차대차 - 기타,불법유턴,건조,맑음,주차장 - 주차장,화물,남,47세,상해없음,승용,남,39세,경상
2021080500100222,2021년 8월 5일 12시,목요일,충청남도 보령시 동대동,경상사고,0,0,1,0,차대차 - 후진중충돌,안전운전불이행,건조,맑음,단일로 - 기타,승용,남,63세,상해없음,승용,남,30세,경상
2021080500100223,2021년 8월 5일 12시,목요일,충청남도 천안시 동남구 신방동,중상사고,0,1,2,0,차대차 - 측면충돌,안전거리미확보,건조,맑음,단일로 - 기타,이륜,남,32세,중상,화물,남,42세,경상
2021080500100224,2021년 8월 5일 12시,목요일,충청남도 태안군 안면읍,경상사고,0,0,2,0,차대차 - 추돌,교차로운행방법위반,건조,맑음,교차로 - 교차로안,화물,남,47세,상해없음,승용,남,49세,경상
2021080500100225,2021년 8월 5일 12시,목요일,충청남도 태안군 안면읍,경상사고,0,0,1,0,차대차 - 추돌,안전거리미확보,건조,맑음,단일로 - 기타,승용,여,47세,상해없음,승용,여,25세,경상
2021080500100261,2021년 8월 5일 13시,목요일,충청남도 예산군 오가면,중상사고,0,2,0,0,차대차 - 추돌,안전운전불이행,건조,맑음,교차로 - 교차로부근,화물,남,53세,상해없음,승용,남,34세,중상
2021080500100262,2021년 8월 5일 13시,목요일,충청남도 당진시 읍내동,경상사고,0,0,1,0,차대차 - 추돌,안전운전불이행,건조,맑음,단일로 - 기타,승용,여,53세,상해없음,화물,남,71세,경상
2021080500100263,2021년 8월 5일 13시,목요일,충청남도 청양군 남양면,경상사고,0,0,1,0,차량단독 - 도로외이탈 - 추락,안전운전불이행,건조,맑음,기타 - 기타,화물,남,73세,경상,,,,
2021080500100264,2021년 8월 5일 13시,목요일,충청남도 공주시 탄천면,경상사고,0,0,2,0,차대차 - 측면충돌,안전운전불이행,건조,맑음,기타 - 기타,화물,남,63세,상해없음,승용,남,25세,경상
2021080500100302,2021년 8월 5일 14시,목요일,충청남도 아산시 온천동,경상사고,0,0,3,0,차대차 - 측면충돌,신호위반,건조,맑음,교차로 - 교차로안,승용,남,64세,경상,승용,남,60세,경상
2021080500100368,2021년 8월 5일 16시,목요일,충청남도 아산시 인주면,부상신고사고,0,0,0,1,차량단독 - 전도전복 - 전복,안전운전불이행,건조,맑음,단일로 - 기타,이륜,남,89세,부상신고,,,,
2021080500100418,2021년 8월 5일 17시,목요일,충청남도 천안시 동남구 봉명동,중상사고,0,1,0,0,차대차 - 기타,안전운전불이행,건조,맑음,교차로 - 교차로안,승용,여,43세,상해없음,이륜,여,17세,중상
2021080500100461,2021년 8월 5일 18시,목요일,충청남도 천안시 동남구 목천읍,경상사고,0,0,2,0,차대차 - 측면충돌,안전운전불이행,건조,맑음,단일로 - 기타,승합,남,66세,상해없음,승용,남,61세,경상
2021080500100504,2021년 8월 5일 19시,목요일,충청남도 서산시 읍내동,중상사고,0,1,1,0,차대차 - 측면충돌,불법유턴,건조,맑음,교차로 - 교차로안,승용,남,19세,상해없음,승용,남,46세,경상
2021080500100505,2021년 8월 5일 19시,목요일,충청남도 보령시 동대동,경상사고,0,0,4,0,차대차 - 기타,기타,건조,맑음,단일로 - 기타,승용,남,61세,상해없음,승용,남,57세,경상
2021080500100506,2021년 8월 5일 19시,목요일,충청남도 천안시 동남구 신방동,중상사고,0,1,0,0,차대차 - 측면충돌,중앙선침범,건조,맑음,기타 - 기타,승용,남,26세,상해없음,이륜,남,61세,중상
2021080500100542,2021년 8월 5일 20시,목요일,충청남도 논산시 양촌면,경상사고,0,0,2,0,차대차 - 후진중충돌,안전운전불이행,건조,맑음,주차장 - 주차장,승합,남,59세,상해없음,화물,남,56세,경상
2021080500100543,2021년 8월 5일 20시,목요일,충청남도 당진시 신평면,사망사고,1,0,0,0,차대차 - 추돌,안전운전불이행,건조,맑음,단일로 - 기타,승용,남,43세,상해없음,이륜,남,65세,사망
2021080500100544,2021년 8월 5일 20시,목요일,충청남도 당진시 대덕동,경상사고,0,0,1,0,차대차 - 추돌,안전운전불이행,건조,맑음,단일로 - 기타,승용,남,22세,상해없음,승용,남,43세,경상
2021080500100570,2021년 8월 5일 21시,목요일,충청남도 보령시 대천동,경상사고,0,0,1,0,차대차 - 기타,안전운전불이행,건조,맑음,교차로 - 교차로안,화물,남,78세,상해없음,화물,여,51세,경상
2021080500100571,2021년 8월 5일 21시,목요일,충청남도 보령시 주산면,경상사고,0,0,1,0,차량단독 - 기타,안전운전불이행,건조,맑음,단일로 - 기타,이륜,남,52세,경상,,,,
2021080500100572,2021년 8월 5일 21시,목요일,충청남도 당진시 송악읍,사망사고,1,1,0,0,차대차 - 정면충돌,중앙선침범,건조,맑음,단일로 - 기타,화물,남,56세,상해없음,화물,남,44세,사망
2021080500100596,2021년 8월 5일 22시,목요일,충청남도 서산시 대산읍,사망사고,1,0,0,0,차대사람 - 횡단중,기타,건조,맑음,단일로 - 기타,승용,남,36세,상해없음,보행자,남,59세,사망
2021080500100613,2021년 8월 5일 23시,목요일,충청남도 천안시 서북구 두정동,경상사고,0,0,1,0,차대차 - 기타,안전거리미확보,건조,맑음,단일로 - 기타,승용,남,38세,상해없음,승용,여,39세,경상
2021080500100614,2021년 8월 5일 23시,목요일,충청남도 보령시 내항동,중상사고,0,1,0,0,차대사람 - 길가장자리구역통행중,안전운전불이행,건조,맑음,단일로 - 기타,승용,여,69세,상해없음,보행자,남,77세,중상
2021080500100615,2021년 8월 5일 23시,목요일,충청남도 예산군 예산읍,경상사고,0,0,1,0,차대차 - 측면충돌,안전운전불이행,건조,맑음,교차로 - 교차로부근,승용,여,31세,상해없음,승용,남,23세,경상
2021080600100015,2021년 8월 6일 04시,금요일,충청남도 서천군 비인면,중상사고,0,1,0,0,차대차 - 측면충돌,신호위반,건조,맑음,교차로 - 교차로안,화물,남,73세,상해없음,승용,남,58세,상해없음
2021080600100055,2021년 8월 6일 07시,금요일,충청남도 예산군 삽교읍,사망사고,1,0,0,0,차대사람 - 기타,보행자보호의무위반,건조,맑음,단일로 - 기타,승용,남,72세,상해없음,보행자,여,78세,사망
2021080600100080,2021년 8월 6일 08시,금요일,충청남도 당진시 송산면,경상사고,0,0,1,0,차대차 - 정면충돌,중앙선침범,건조,맑음,단일로 - 기타,승용,여,23세,상해없음,승용,남,59세,경상
2021080600100120,2021년 8월 6일 09시,금요일,충청남도 서산시 대산읍,경상사고,0,0,1,0,차대차 - 추돌,안전거리미확보,건조,맑음,기타 - 기타,화물,남,65세,상해없음,승용,여,48세,경상
2021080600100121,2021년 8월 6일 09시,금요일,충청남도 보령시 동대동,경상사고,0,0,2,0,차대차 - 측면충돌,직진우회전진행방해,건조,맑음,교차로 - 교차로안,승용,여,44세,상해없음,승용,남,49세,경상
2021080600100122,2021년 8월 6일 09시,금요일,충청남도 공주시 탄천면,중상사고,0,1,0,0,차대차 - 측면충돌,중앙선침범,건조,맑음,교차로 - 교차로부근,건설기계,남,42세,기타불명,이륜,남,75세,중상
2021080600100208,2021년 8월 6일 12시,금요일,충청남도 홍성군 홍성읍,경상사고,0,0,1,0,차대차 - 측면충돌,신호위반,건조,맑음,교차로 - 교차로안,승용,여,66세,상해없음,승용,남,63세,경상
2021080600100285,2021년 8월 6일 14시,금요일,충청남도 서산시 읍내동,경상사고,0,0,1,0,차대차 - 기타,안전운전불이행,건조,맑음,교차로 - 교차로안,승용,남,46세,상해없음,화물,남,38세,경상
2021080600100286,2021년 8월 6일 14시,금요일,충청남도 청양군 청양읍,경상사고,0,0,1,0,차대차 - 추돌,안전운전불이행,건조,맑음,단일로 - 터널,승용,남,56세,상해없음,농기계,남,61세,경상
2021080600100334,2021년 8월 6일 15시,금요일,충청남도 서천군 장항읍,경상사고,0,0,4,0,차대차 - 측면충돌,안전운전불이행,건조,맑음,교차로 - 교차로안,승용,남,58세,경상,승용,여,58세,경상
2021080600100375,2021년 8월 6일 16시,금요일,충청남도 논산시 내동,경상사고,0,0,1,0,차대차 - 측면충돌,불법유턴,건조,맑음,교차로 - 교차로안,이륜,남,20세,상해없음,승용,남,43세,경상
2021080600100376,2021년 8월 6일 16시,금요일,충청남도 서천군 서천읍,경상사고,0,0,1,0,차대차 - 측면충돌,중앙선침범,건조,맑음,단일로 - 기타,화물,남,38세,상해없음,이륜,남,60세,경상
2021080600100377,2021년 8월 6일 16시,금요일,충청남도 보령시 동대동,중상사고,0,1,1,0,차대차 - 측면충돌,안전거리미확보,건조,맑음,교차로 - 교차로안,이륜,남,78세,경상,승용,여,43세,상해없음
2021080600100378,2021년 8월 6일 16시,금요일,충청남도 청양군 청양읍,경상사고,0,0,1,0,차대사람 - 차도통행중,안전운전불이행,건조,맑음,단일로 - 기타,승용,남,52세,상해없음,보행자,남,48세,경상
2021080600100425,2021년 8월 6일 17시,금요일,충청남도 보령시 명천동,중상사고,0,1,0,0,차대차 - 측면충돌,직진우회전진행방해,건조,맑음,교차로 - 교차로안,승용,남,55세,상해없음,이륜,남,57세,중상
2021080600100426,2021년 8월 6일 17시,금요일,충청남도 천안시 동남구 구성동,경상사고,0,0,2,0,차대차 - 기타,안전운전불이행,건조,맑음,단일로 - 기타,화물,남,64세,상해없음,승용,남,63세,경상
2021080600100474,2021년 8월 6일 18시,금요일,충청남도 서산시 잠홍동,경상사고,0,0,4,0,차대차 - 추돌,안전거리미확보,건조,맑음,기타 - 기타,화물,남,57세,기타불명,승용,남,39세,경상
2021080600100475,2021년 8월 6일 18시,금요일,충청남도 홍성군 홍성읍,경상사고,0,0,1,0,차대차 - 측면충돌,안전운전불이행,건조,맑음,교차로 - 교차로부근,승용,여,68세,상해없음,승용,여,29세,경상
2021080600100476,2021년 8월 6일 18시,금요일,충청남도 천안시 동남구 신방동,경상사고,0,0,1,0,차대차 - 측면충돌,안전거리미확보,건조,맑음,단일로 - 기타,승용,남,58세,상해없음,승용,남,25세,경상
2021080600100477,2021년 8월 6일 18시,금요일,충청남도 천안시 동남구 안서동,경상사고,0,0,1,0,차대차 - 측면충돌,교차로운행방법위반,건조,맑음,교차로 - 교차로부근,승용,남,33세,상해없음,이륜,남,41세,경상
2021080600100518,2021년 8월 6일 19시,금요일,충청남도 서산시 지곡면,중상사고,0,1,0,0,차대사람 - 차도통행중,안전운전불이행,건조,맑음,단일로 - 기타,승용,남,30세,상해없음,보행자,여,54세,중상
2021080600100519,2021년 8월 6일 19시,금요일,충청남도 천안시 서북구 직산읍,경상사고,0,0,1,0,차대차 - 측면충돌,안전거리미확보,건조,맑음,단일로 - 기타,화물,남,72세,상해없음,승용,여,53세,경상