사고번호,사고일시,요일,시군구,사고내용,사망자수,중상자수,경상자수,부상신고자수,사고유형,법규위반,노면상태,기상상태,도로형태,가해운전자 차종,가해운전자 성별,가해운전자 연령,가해운전자 상해정도,피해운전자 차종,피해운전자 성별,피해운전자 연령,피해운전자 상해정도
2021080600100520,2021년 8월 6일 19시,금요일,충청남도 천안시 서북구 쌍용동,경상사고,0,0,1,0,차대사람 - 기타,안전운전불이행,건조,맑음,단일로 - 기타,승합,남,49세,상해없음,보행자,여,66세,경상
2021080600100521,2021년 8월 6일 19시,금요일,충청남도 천안시 동남구 신부동,중상사고,0,1,0,0,차대사람 - 횡단중,보행자보호의무위반,건조,맑음,단일로 - 기타,승용,남,29세,상해없음,보행자,남,63세,중상
2021080600100584,2021년 8월 6일 21시,금요일,충청남도 논산시 취암동,중상사고,0,1,0,0,차대차 - 측면충돌,차로위반,건조,맑음,단일로 - 기타,승용,남,21세,상해없음,이륜,남,39세,중상
2021080600100585,2021년 8월 6일 21시,금요일,충청남도 보령시 동대동,경상사고,0,0,1,0,차대차 - 기타,직진우회전진행방해,건조,맑음,교차로 - 교차로안,승용,남,35세,상해없음,이륜,남,56세,경상
2021080600100586,2021년 8월 6일 21시,금요일,충청남도 예산군 덕산면,경상사고,0,0,2,0,차대차 - 측면충돌,직진우회전진행방해,건조,맑음,교차로 - 교차로안,승용,남,55세,상해없음,승용,남,37세,경상
2021080600100587,2021년 8월 6일 21시,금요일,충청남도 천안시 동남구 영성동,경상사고,0,0,1,0,차대사람 - 길가장자리구역통행중,기타,건조,맑음,단일로 - 기타,승용,남,19세,상해없음,보행자,남,57세,경상
2021080700100006,2021년 8월 7일 00시,토요일,충청남도 보령시 천북면,중상사고,0,1,0,0,차대사람 - 기타,안전운전불이행,건조,맑음,단일로 - 기타,승용,남,62세,상해없음,보행자,남,56세,중상
2021080700100013,2021년 8월 7일 01시,토요일,충청남도 예산군 삽교읍,경상사고,0,0,1,0,차대차 - 측면충돌,신호위반,건조,맑음,교차로 - 교차로안,승용,남,24세,상해없음,승용,여,50세,경상
2021080700100023,2021년 8월 7일 03시,토요일,충청남도 아산시 둔포면,경상사고,0,0,1,0,차대차 - 추돌,안전운전불이행,건조,맑음,단일로 - 기타,승용,남,19세,상해없음,화물,남,54세,경상
2021080700100087,2021년 8월 7일 09시,토요일,충청남도 서산시 예천동,경상사고,0,0,1,0,차대차 - 측면충돌,안전운전불이행,건조,맑음,교차로 - 교차로부근,승용,남,73세,경상,승용,남,57세,상해없음
2021080700100088,2021년 8월 7일 09시,토요일,충청남도 논산시 광석면,중상사고,0,1,0,0,차대차 - 측면충돌,교차로운행방법위반,건조,맑음,교차로 - 교차로안,승합,남,62세,상해없음,이륜,남,82세,중상
2021080700100153,2021년 8월 7일 11시,토요일,충청남도 천안시 서북구 쌍용동,경상사고,0,0,1,0,차대차 - 측면충돌,안전운전불이행,건조,맑음,단일로 - 기타,승용,남,73세,상해없음,승용,남,48세,경상
2021080700100154,2021년 8월 7일 11시,토요일,충청남도 홍성군 구항면,중상사고,0,5,0,0,차대차 - 추돌,안전운전불이행,건조,맑음,단일로 - 기타,화물,남,79세,상해없음,승용,남,41세,중상
2021080700100155,2021년 8월 7일 11시,토요일,충청남도 청양군 청양읍,중상사고,0,4,0,0,차대차 - 측면충돌,중앙선침범,건조,맑음,교차로 - 교차로안,승용,남,56세,상해없음,승용,남,43세,중상
2021080700100191,2021년 8월 7일 12시,토요일,충청남도 서산시 동문동,중상사고,0,1,0,0,차대차 - 측면충돌,교차로운행방법위반,건조,맑음,교차로 - 교차로안,승용,여,41세,상해없음,자전거,남,58세,중상
2021080700100192,2021년 8월 7일 12시,토요일,충청남도 아산시 염치읍,경상사고,0,0,1,0,차대차 - 측면충돌,직진우회전진행방해,건조,맑음,교차로 - 교차로안,이륜,남,79세,경상,승용,여,58세,상해없음
2021080700100193,2021년 8월 7일 12시,토요일,충청남도 서천군 서천읍,중상사고,0,1,0,0,차대사람 - 기타,보행자보호의무위반,건조,맑음,단일로 - 기타,승용,남,70세,상해없음,보행자,여,80세,중상
2021080700100194,2021년 8월 7일 12시,토요일,충청남도 태안군 안면읍,중상사고,0,1,0,0,차대차 - 측면충돌,교차로운행방법위반,건조,맑음,교차로 - 교차로안,이륜,남,78세,중상,승용,남,57세,상해없음
2021080700100231,2021년 8월 7일 13시,토요일,충청남도 천안시 동남구 광덕면,경상사고,0,0,2,0,차대차 - 측면충돌,안전운전불이행,건조,맑음,단일로 - 기타,승용,남,25세,상해없음,승합,남,62세,경상
2021080700100298,2021년 8월 7일 15시,토요일,충청남도 당진시 송악읍,중상사고,0,1,0,0,차대차 - 기타,안전운전불이행,건조,맑음,기타 - 기타,승용,여,35세,상해없음,자전거,남,53세,중상
2021080700100327,2021년 8월 7일 16시,토요일,충청남도 예산군 봉산면,경상사고,0,0,1,0,차대차 - 정면충돌,안전운전불이행,건조,맑음,교차로 - 교차로안,원동기,남,80세,경상,승용,남,81세,상해없음
2021080700100361,2021년 8월 7일 17시,토요일,충청남도 천안시 서북구 쌍용동,부상신고사고,0,0,0,1,차대차 - 측면충돌,안전운전불이행,건조,맑음,단일로 - 기타,이륜,남,41세,부상신고,승용,남,56세,기타불명
2021080700100362,2021년 8월 7일 17시,토요일,충청남도 홍성군 구항면,경상사고,0,0,2,0,차대차 - 추돌,안전운전불이행,건조,맑음,단일로 - 기타,승용,여,30세,상해없음,승용,여,23세,경상
2021080700100363,2021년 8월 7일 17시,토요일,충청남도 아산시 음봉면,사망사고,1,1,0,0,차대차 - 측면충돌,안전운전불이행,건조,맑음,교차로 - 교차로안,승용,여,40세,상해없음,이륜,남,32세,사망
2021080700100364,2021년 8월 7일 17시,토요일,충청남도 태안군 태안읍,경상사고,0,0,1,0,차대사람 - 기타,안전운전불이행,건조,맑음,기타 - 기타,화물,남,61세,상해없음,보행자,여,32세,경상
2021080700100406,2021년 8월 7일 18시,토요일,충청남도 서산시 고북면,경상사고,0,0,1,0,차대차 - 측면충돌,안전운전불이행,건조,맑음,교차로 - 교차로안,승용,남,22세,상해없음,승합,여,65세,경상
2021080700100407,2021년 8월 7일 18시,토요일,충청남도 천안시 서북구 쌍용동,부상신고사고,0,0,0,1,차대차 - 추돌,직진우회전진행방해,건조,맑음,교차로 - 교차로안,개인형이동수단(PM),여,19세,부상신고,승용,남,55세,상해없음
2021080700100408,2021년 8월 7일 18시,토요일,충청남도 아산시 배방읍,경상사고,0,0,1,0,차대차 - 추돌,신호위반,건조,맑음,교차로 - 교차로안,승용,여,46세,상해없음,승용,남,59세,상해없음
2021080700100553,2021년 8월 7일 23시,토요일,충청남도 천안시 서북구 성정동,중상사고,0,1,0,0,차대차 - 기타,안전운전불이행,건조,맑음,기타 - 기타,승용,남,45세,상해없음,개인형이동수단(PM),남,42세,중상
2021080700100554,2021년 8월 7일 23시,토요일,충청남도 보령시 죽정동,중상사고,0,1,0,0,차대사람 - 기타,기타,건조,맑음,단일로 - 기타,승합,남,58세,상해없음,보행자,남,23세,중상
2021080800100010,2021년 8월 8일 00시,일요일,충청남도 천안시 서북구 쌍용동,경상사고,0,0,1,0,차대차 - 추돌,안전운전불이행,건조,맑음,단일로 - 기타,승용,남,37세,상해없음,승용,남,23세,경상
2021080800100011,2021년 8월 8일 00시,일요일,충청남도 아산시 탕정면,사망사고,1,0,2,0,차대차 - 추돌,안전운전불이행,건조,맑음,기타 - 기타,이륜,남,30세,사망,승용,여,44세,경상
2021080800100042,2021년 8월 8일 05시,일요일,충청남도 서천군 마서면,경상사고,0,0,1,0,차대사람 - 길가장자리구역통행중,안전운전불이행,건조,맑음,단일로 - 기타,화물,남,55세,상해없음,보행자,남,65세,경상
2021080800100063,2021년 8월 8일 08시,일요일,충청남도 보령시 남포면,경상사고,0,0,1,0,차대차 - 기타,중앙선침범,건조,맑음,단일로 - 기타,화물,남,65세,상해없음,승용,남,54세,경상
2021080800100086,2021년 8월 8일 10시,일요일,충청남도 천안시 서북구 불당동,경상사고,0,0,2,0,차대차 - 기타,안전거리미확보,건조,맑음,기타 - 기타,승용,여,36세,상해없음,승용,여,28세,경상
2021080800100130,2021년 8월 8일 12시,일요일,충청남도 예산군 광시면,경상사고,0,0,1,0,차대차 - 측면충돌,안전운전불이행,건조,맑음,단일로 - 기타,이륜,남,21세,경상,승용,여,57세,상해없음
2021080800100263,2021년 8월 8일 17시,일요일,충청남도 서산시 동문동,중상사고,0,1,0,0,차대차 - 측면충돌,직진우회전진행방해,건조,맑음,교차로 - 교차로안,승용,여,48세,상해없음,이륜,남,87세,중상
2021080800100264,2021년 8월 8일 17시,일요일,충청남도 서산시 해미면,중상사고,0,2,2,0,차대차 - 측면충돌,신호위반,건조,맑음,교차로 - 교차로안,승용,남,68세,상해없음,승용,남,46세,중상
2021080800100265,2021년 8월 8일 17시,일요일,충청남도 천안시 서북구 두정동,경상사고,0,0,1,0,차대차 - 기타,교차로운행방법위반,건조,맑음,교차로 - 교차로부근,승용,여,28세,상해없음,승용,남,29세,경상
2021080800100266,2021년 8월 8일 17시,일요일,충청남도 천안시 서북구 두정동,경상사고,0,0,2,0,차대차 - 기타,안전거리미확보,건조,맑음,교차로 - 교차로부근,승용,남,40세,상해없음,승용,남,28세,경상
2021080800100267,2021년 8월 8일 17시,일요일,충청남도 아산시 용화동,경상사고,0,0,1,0,차대차 - 후진중충돌,안전운전불이행,건조,맑음,기타 - 기타,화물,남,59세,상해없음,승용,남,60세,경상
2021080800100268,2021년 8월 8일 17시,일요일,충청남도 부여군 구룡면,경상사고,0,0,3,0,차대차 - 측면충돌,교차로운행방법위반,건조,맑음,교차로 - 교차로안,승용,여,63세,경상,승합,남,70세,경상
2021080800100296,2021년 8월 8일 18시,일요일,충청남도 홍성군 구항면,경상사고,0,0,2,0,차대차 - 추돌,안전운전불이행,건조,맑음,교차로 - 교차로부근,승용,남,49세,상해없음,승용,남,29세,경상
2021080800100365,2021년 8월 8일 20시,일요일,충청남도 서산시 읍내동,경상사고,0,0,1,0,차대사람 - 횡단중,안전운전불이행,건조,맑음,교차로 - 교차로안,승용,남,37세,상해없음,보행자,남,59세,경상
2021080800100392,2021년 8월 8일 21시,일요일,충청남도 부여군 내산면,경상사고,0,0,1,0,차대차 - 측면충돌,안전운전불이행,건조,맑음,주차장 - 주차장,승용,남,60세,상해없음,승용,남,61세,경상
2021080800100411,2021년 8월 8일 22시,일요일,충청남도 천안시 서북구 두정동,경상사고,0,0,1,0,차대사람 - 기타,안전운전불이행,건조,맑음,기타 - 기타,승용,남,26세,기타불명,보행자,남,19세,경상
2021080900100091,2021년 8월 9일 08시,월요일,충청남도 부여군 부여읍,중상사고,0,1,0,0,차대차 - 측면충돌,교차로운행방법위반,건조,맑음,교차로 - 교차로안,승용,여,60세,상해없음,자전거,여,71세,중상
2021080900100092,2021년 8월 9일 08시,월요일,충청남도 부여군 은산면,중상사고,0,1,0,0,차대차 - 측면충돌,직진우회전진행방해,건조,맑음,교차로 - 교차로안,승용,남,37세,상해없음,승용,여,53세,중상
2021080900100129,2021년 8월 9일 09시,월요일,충청남도 서산시 대산읍,경상사고,0,0,1,0,차대차 - 추돌,안전운전불이행,건조,맑음,교차로 - 교차로부근,건설기계,남,60세,상해없음,승용,여,64세,경상
2021080900100130,2021년 8월 9일 09시,월요일,충청남도 계룡시 금암동,경상사고,0,0,1,0,차대차 - 측면충돌,신호위반,건조,맑음,교차로 - 교차로안,승용,남,67세,상해없음,승용,여,71세,경상
2021080900100131,2021년 8월 9일 09시,월요일,충청남도 천안시 동남구 대흥동,경상사고,0,0,1,0,차대차 - 기타,안전운전불이행,건조,맑음,교차로 - 교차로부근,승용,여,46세,상해없음,승합,남,42세,상해없음
2021080900100164,2021년 8월 9일 10시,월요일,충청남도 태안군 태안읍,경상사고,0,0,3,0,차대차 - 기타,차로위반,건조,맑음,기타 - 기타,승용,남,75세,상해없음,화물,남,76세,경상
2021080900100200,2021년 8월 9일 11시,월요일,충청남도 천안시 서북구 성환읍,경상사고,0,0,1,0,차대차 - 측면충돌,신호위반,건조,맑음,교차로 - 교차로안,승용,여,58세,상해없음,승용,남,49세,경상
2021080900100201,2021년 8월 9일 11시,월요일,충청남도 아산시 권곡동,중상사고,0,1,0,0,차대차 - 기타,안전운전불이행,건조,맑음,교차로 - 교차로안,승용,여,23세,상해없음,자전거,남,58세,중상
2021080900100202,2021년 8월 9일 11시,월요일,충청남도 아산시 모종동,경상사고,0,0,1,0,차대차 - 측면충돌,안전운전불이행,건조,맑음,기타 - 기타,승용,남,29세,상해없음,승용,여,55세,경상
2021080900100242,2021년 8월 9일 12시,월요일,충청남도 천안시 서북구 불당동,경상사고,0,0,1,0,차대차 - 측면충돌,안전운전불이행,건조,맑음,교차로 - 교차로안,승용,남,42세,상해없음,원동기,남,24세,경상
2021080900100276,2021년 8월 9일 13시,월요일,충청남도 당진시 읍내동,경상사고,0,0,3,0,차대차 - 측면충돌,직진우회전진행방해,건조,맑음,교차로 - 교차로안,승용,남,84세,상해없음,승용,여,59세,경상
2021080900100306,2021년 8월 9일 14시,월요일,충청남도 천안시 서북구 두정동,경상사고,0,0,1,1,차대차 - 측면충돌,안전운전불이행,건조,맑음,교차로 - 교차로안,승용,여,33세,부상신고,승용,남,71세,경상
2021080900100307,2021년 8월 9일 14시,월요일,충청남도 논산시 연무읍,경상사고,0,0,1,0,차대차 - 측면충돌,중앙선침범,건조,맑음,단일로 - 기타,승용,여,45세,상해없음,승용,남,65세,경상
2021080900100343,2021년 8월 9일 15시,월요일,충청남도 홍성군 금마면,중상사고,0,1,0,0,차대차 - 후진중충돌,안전운전불이행,건조,맑음,주차장 - 주차장,화물,남,69세,상해없음,승용,남,66세,중상
2021080900100344,2021년 8월 9일 15시,월요일,충청남도 아산시 모종동,중상사고,0,2,0,0,차대차 - 추돌,안전운전불이행,건조,맑음,단일로 - 기타,화물,남,51세,상해없음,승용,여,44세,중상
2021080900100386,2021년 8월 9일 16시,월요일,충청남도 천안시 서북구 입장면,중상사고,0,2,1,0,차대차 - 추돌,안전운전불이행,건조,맑음,교차로 - 교차로안,승용,남,35세,상해없음,승용,여,23세,중상
2021080900100387,2021년 8월 9일 16시,월요일,충청남도 아산시 음봉면,중상사고,0,1,0,0,차대사람 - 횡단중,안전운전불이행,건조,맑음,단일로 - 기타,승용,여,66세,상해없음,보행자,남,54세,중상
2021080900100426,2021년 8월 9일 17시,월요일,충청남도 천안시 서북구 성정동,경상사고,0,0,1,0,차대차 - 측면충돌,교차로운행방법위반,건조,맑음,교차로 - 교차로안,승용,남,71세,상해없음,승용,남,34세,경상
2021080900100428,2021년 8월 9일 17시,월요일,충청남도 아산시 송악면,경상사고,0,0,1,0,차대차 - 기타,안전운전불이행,건조,맑음,단일로 - 기타,승용,남,59세,상해없음,농기계,남,58세,경상
2021080900100429,2021년 8월 9일 17시,월요일,충청남도 천안시 동남구 풍세면,경상사고,0,0,2,0,차대차 - 측면충돌,안전거리미확보,건조,맑음,단일로 - 기타,승용,여,29세,상해없음,승용,남,38세,경상
2021080900100474,2021년 8월 9일 18시,월요일,충청남도 당진시 석문면,경상사고,0,0,2,0,차대차 - 기타,신호위반,건조,맑음,교차로 - 교차로안,승용,남,23세,경상,승용,여,49세,상해없음
2021080900100505,2021년 8월 9일 19시,월요일,충청남도 서산시 예천동,중상사고,0,1,0,0,차대차 - 기타,교차로운행방법위반,건조,맑음,교차로 - 교차로안,자전거,여,66세,중상,승용,남,26세,상해없음
2021080900100540,2021년 8월 9일 20시,월요일,충청남도 서산시 해미면,경상사고,0,0,1,0,차대차 - 추돌,안전운전불이행,건조,맑음,단일로 - 기타,승용,남,37세,경상,화물,남,56세,기타불명
2021080900100564,2021년 8월 9일 21시,월요일,충청남도 천안시 서북구 성정동,경상사고,0,0,2,0,차대차 - 기타,안전거리미확보,건조,맑음,단일로 - 기타,승용,여,58세,경상,이륜,남,22세,경상
2021080900100594,2021년 8월 9일 22시,월요일,충청남도 천안시 서북구 성성동,경상사고,0,0,1,0,차대차 - 기타,신호위반,건조,맑음,교차로 - 교차로안,승용,남,21세,상해없음,이륜,남,21세,경상
2021081000100033,2021년 8월 10일 06시,화요일,충청남도 당진시 정미면,사망사고,1,0,1,0,차대차 - 정면충돌,중앙선침범,건조,맑음,단일로 - 기타,승용,남,21세,사망,건설기계,남,49세,경상
2021081000100046,2021년 8월 10일 07시,화요일,충청남도 예산군 예산읍,경상사고,0,0,1,0,차대차 - 측면충돌,신호위반,건조,맑음,교차로 - 교차로안,승용,남,81세,상해없음,화물,남,65세,경상
2021081000100152,2021년 8월 10일 11시,화요일,충청남도 천안시 서북구 쌍용동,경상사고,0,0,1,0,차대사람 - 횡단중,안전운전불이행,건조,맑음,교차로 - 교차로부근,승용,남,67세,상해없음,보행자,여,7세,경상
2021081000100196,2021년 8월 10일 12시,화요일,충청남도 서산시 해미면,중상사고,0,1,0,0,차대사람 - 횡단중,안전운전불이행,건조,맑음,단일로 - 기타,화물,남,59세,상해없음,보행자,남,58세,중상
2021081000100197,2021년 8월 10일 12시,화요일,충청남도 보령시 동대동,경상사고,0,0,1,0,차대차 - 기타,안전운전불이행,건조,맑음,교차로 - 교차로안,승용,남,51세,경상,승용,남,51세,상해없음
2021081000100198,2021년 8월 10일 12시,화요일,충청남도 공주시 금흥동,중상사고,0,1,0,0,차대차 - 측면충돌,중앙선침범,건조,맑음,교차로 - 교차로부근,화물,남,45세,상해없음,이륜,남,32세,중상
2021081000100231,2021년 8월 10일 13시,화요일,충청남도 아산시 염치읍,경상사고,0,0,1,0,차대차 - 측면충돌,신호위반,건조,맑음,교차로 - 교차로안,승용,여,55세,기타불명,승용,여,39세,경상
2021081000100263,2021년 8월 10일 14시,화요일,충청남도 서산시 갈산동,중상사고,0,1,0,0,차대차 - 측면충돌,안전운전불이행,건조,맑음,단일로 - 기타,승용,남,65세,상해없음,이륜,남,86세,중상
2021081000100264,2021년 8월 10일 14시,화요일,충청남도 서천군 서천읍,경상사고,0,0,1,0,차대사람 - 보도통행중,보행자보호의무위반,건조,맑음,교차로 - 교차로안,화물,남,69세,상해없음,보행자,남,49세,경상
2021081000100295,2021년 8월 10일 15시,화요일,충청남도 천안시 서북구 성정동,경상사고,0,0,2,0,차대차 - 정면충돌,안전운전불이행,건조,맑음,교차로 - 교차로안,승용,남,26세,경상,승용,여,51세,경상
2021081000100296,2021년 8월 10일 15시,화요일,충청남도 천안시 동남구 목천읍,경상사고,0,0,1,0,차대차 - 측면충돌,직진우회전진행방해,건조,맑음,교차로 - 교차로안,화물,남,64세,상해없음,승용,여,69세,경상
2021081000100332,2021년 8월 10일 16시,화요일,충청남도 금산군 금산읍,경상사고,0,0,1,0,차대사람 - 기타,안전운전불이행,건조,맑음,단일로 - 기타,승용,여,59세,상해없음,보행자,남,42세,경상
2021081000100333,2021년 8월 10일 16시,화요일,충청남도 금산군 금성면,중상사고,0,1,0,0,차량단독 - 공작물충돌,안전운전불이행,건조,맑음,단일로 - 기타,이륜,남,41세,중상,,,,
2021081000100358,2021년 8월 10일 17시,화요일,충청남도 당진시 송악읍,경상사고,0,0,1,0,차대차 - 정면충돌,신호위반,건조,맑음,교차로 - 교차로안,승용,남,25세,상해없음,화물,남,50세,상해없음
2021081000100444,2021년 8월 10일 19시,화요일,충청남도 천안시 서북구 성정동,경상사고,0,0,1,0,차대차 - 추돌,안전운전불이행,건조,맑음,교차로 - 교차로안,이륜,남,61세,상해없음,승용,남,82세,경상
2021081000100445,2021년 8월 10일 19시,화요일,충청남도 보령시 웅천읍,중상사고,0,1,0,0,차대사람 - 기타,안전운전불이행,젖음/습기,비,단일로 - 기타,승용,남,46세,상해없음,보행자,여,72세,중상
2021081000100446,2021년 8월 10일 19시,화요일,충청남도 보령시 명천동,중상사고,0,1,0,0,차대사람 - 기타,안전운전불이행,건조,맑음,단일로 - 기타,승합,남,55세,상해없음,보행자,여,61세,중상
2021081000100448,2021년 8월 10일 19시,화요일,충청남도 천안시 동남구 신부동,경상사고,0,0,1,0,차대차 - 기타,안전운전불이행,건조,맑음,기타 - 기타,기타불명,기타불명,미분류,기타불명,승용,여,42세,경상
2021081000100533,2021년 8월 10일 22시,화요일,충청남도 공주시 금성동,중상사고,0,1,0,0,차량단독 - 공작물충돌,안전운전불이행,건조,맑음,단일로 - 기타,승용,남,41세,중상,,,,
2021081100100008,2021년 8월 11일 02시,수요일,충청남도 서산시 대산읍,부상신고사고,0,0,0,1,차량단독 - 기타,안전운전불이행,건조,맑음,단일로 - 터널,이륜,남,39세,부상신고,,,,
2021081100100023,2021년 8월 11일 05시,수요일,충청남도 아산시 방축동,중상사고,0,1,0,0,차대사람 - 횡단중,안전운전불이행,건조,맑음,교차로 - 교차로안,승용,여,27세,상해없음,보행자,여,71세,중상
2021081100100053,2021년 8월 11일 07시,수요일,충청남도 아산시 배방읍,경상사고,0,0,1,0,차대차 - 추돌,안전운전불이행,건조,맑음,교차로 - 교차로안,화물,남,57세,상해없음,승용,남,25세,경상
2021081100100109,2021년 8월 11일 09시,수요일,충청남도 서산시 인지면,경상사고,0,0,1,0,차대차 - 측면충돌,안전거리미확보,건조,맑음,단일로 - 기타,승용,남,74세,상해없음,승용,여,62세,경상
2021081100100165,2021년 8월 11일 11시,수요일,충청남도 아산시 온천동,경상사고,0,0,1,0,차대차 - 기타,안전운전불이행,건조,맑음,단일로 - 기타,화물,남,39세,기타불명,승용,여,60세,경상
2021081100100166,2021년 8월 11일 11시,수요일,충청남도 공주시 반포면,중상사고,0,1,1,0,차대차 - 측면충돌,안전운전불이행,건조,맑음,단일로 - 기타,승용,남,57세,상해없음,이륜,남,60세,중상
2021081100100208,2021년 8월 11일 12시,수요일,충청남도 천안시 서북구 두정동,경상사고,0,0,1,0,차대차 - 기타,안전거리미확보,건조,맑음,교차로 - 교차로부근,승용,남,61세,상해없음,이륜,남,42세,경상
2021081100100226,2021년 8월 11일 13시,수요일,충청남도 서천군 장항읍,중상사고,0,1,0,0,차량단독 - 전도전복 - 전도,안전운전불이행,건조,맑음,단일로 - 기타,이륜,남,79세,중상,,,,
2021081100100252,2021년 8월 11일 14시,수요일,충청남도 천안시 서북구 백석동,경상사고,0,0,2,0,차대차 - 기타,안전거리미확보,건조,맑음,단일로 - 기타,특수,남,62세,상해없음,승용,남,34세,경상
2021081100100253,2021년 8월 11일 14시,수요일,충청남도 아산시 모종동,경상사고,0,0,1,0,차대차 - 추돌,안전운전불이행,건조,맑음,기타 - 기타,승용,남,62세,상해없음,승용,남,33세,상해없음
2021081100100291,2021년 8월 11일 15시,수요일,충청남도 당진시 읍내동,중상사고,0,1,0,0,차대사람 - 횡단중,보행자보호의무위반,건조,맑음,교차로 - 교차로안,승용,남,47세,상해없음,보행자,여,60세,중상
2021081100100325,2021년 8월 11일 16시,수요일,충청남도 천안시 서북구 쌍용동,경상사고,0,0,1,0,차대차 - 기타,안전운전불이행,건조,맑음,교차로 - 교차로안,승용,남,60세,상해없음,승용,남,51세,경상
2021081100100391,2021년 8월 11일 18시,수요일,충청남도 아산시 음봉면,중상사고,0,4,2,0,차대차 - 정면충돌,신호위반,건조,맑음,교차로 - 교차로안,승용,남,60세,중상,승용,남,26세,중상
2021081100100392,2021년 8월 11일 18시,수요일,충청남도 예산군 예산읍,중상사고,0,1,0,0,차대차 - 추돌,안전운전불이행,건조,맑음,단일로 - 기타,승용,남,23세,상해없음,자전거,남,78세,중상
2021081100100393,2021년 8월 11일 18시,수요일,충청남도 청양군 정산면,경상사고,0,0,1,0,차량단독 - 도로외이탈 - 추락,안전운전불이행,건조,맑음,단일로 - 기타,이륜,남,85세,경상,,,,
2021081100100394,2021년 8월 11일 18시,수요일,충청남도 천안시 동남구 용곡동,경상사고,0,0,2,0,차대차 - 후진중충돌,안전운전불이행,젖음/습기,흐림,기타 - 기타,승용,여,60세,상해없음,승용,여,49세,경상
2021081100100502,2021년 8월 11일 21시,수요일,충청남도 천안시 서북구 쌍용동,경상사고,0,0,1,0,차대차 - 측면충돌,안전운전불이행,건조,맑음,단일로 - 기타,개인형이동수단(PM),남,21세,상해없음,이륜,남,17세,경상
2021081100100503,2021년 8월 11일 21시,수요일,충청남도 보령시 신흑동,경상사고,0,0,1,0,차대차 - 정면충돌,안전운전불이행,건조,맑음,교차로 - 교차로안,자전거,여,37세,경상,승용,남,50세,상해없음
2021081100100529,2021년 8월 11일 22시,수요일,충청남도 아산시 음봉면,경상사고,0,0,2,0,차대차 - 측면충돌,안전운전불이행,건조,맑음,기타 - 기타,승용,남,48세,상해없음,승합,여,47세,경상
2021081100100530,2021년 8월 11일 22시,수요일,충청남도 천안시 동남구 신방동,경상사고,0,0,1,0,차대사람 - 기타,안전운전불이행,건조,맑음,기타 - 기타,승용,남,39세,상해없음,보행자,여,51세,경상
2021081100100541,2021년 8월 11일 23시,수요일,충청남도 당진시 읍내동,경상사고,0,0,1,0,차대차 - 측면충돌,중앙선침범,건조,맑음,기타 - 기타,승용,여,28세,상해없음,승용,남,21세,경상
2021081200100008,2021년 8월 12일 00시,목요일,충청남도 천안시 동남구 봉명동,경상사고,0,0,3,0,차대차 - 추돌,안전운전불이행,건조,맑음,교차로 - 교차로부근,이륜,남,20세,경상,승용,남,18세,경상
2021081200100081,2021년 8월 12일 08시,목요일,충청남도 논산시 내동,중상사고,0,1,0,0,차대차 - 측면충돌,신호위반,건조,맑음,교차로 - 교차로안,승용,남,66세,상해없음,승합,남,50세,중상
2021081200100082,2021년 8월 12일 08시,목요일,충청남도 논산시 벌곡면,경상사고,0,0,1,0,차대차 - 정면충돌,안전운전불이행,건조,맑음,단일로 - 기타,승용,여,33세,상해없음,화물,남,55세,경상
2021081200100122,2021년 8월 12일 09시,목요일,충청남도 천안시 서북구 두정동,경상사고,0,0,1,0,차대사람 - 기타,안전운전불이행,건조,맑음,기타 - 기타,승용,남,64세,상해없음,보행자,여,63세,경상
2021081200100123,2021년 8월 12일 09시,목요일,충청남도 당진시 송산면,경상사고,0,0,2,0,차대차 - 기타,기타,건조,맑음,단일로 - 기타,화물,남,28세,상해없음,승합,남,32세,경상
2021081200100152,2021년 8월 12일 10시,목요일,충청남도 예산군 삽교읍,경상사고,0,0,1,0,차대차 - 후진중충돌,안전운전불이행,건조,맑음,단일로 - 기타,승용,여,56세,상해없음,승용,남,38세,경상
2021081200100181,2021년 8월 12일 11시,목요일,충청남도 서천군 서천읍,경상사고,0,0,1,0,차대차 - 정면충돌,직진우회전진행방해,건조,맑음,교차로 - 교차로안,승용,여,56세,상해없음,원동기,남,86세,경상
2021081200100219,2021년 8월 12일 12시,목요일,충청남도 공주시 우성면,경상사고,0,0,1,0,차대차 - 측면충돌,안전운전불이행,건조,맑음,교차로 - 교차로안,승용,여,23세,경상,승용,남,47세,상해없음
2021081200100252,2021년 8월 12일 13시,목요일,충청남도 천안시 서북구 신당동,중상사고,0,1,0,0,차대사람 - 기타,기타,건조,맑음,단일로 - 기타,승합,남,43세,상해없음,보행자,여,75세,중상
2021081200100253,2021년 8월 12일 13시,목요일,충청남도 공주시 신관동,경상사고,0,0,1,0,차대차 - 측면충돌,직진우회전진행방해,건조,맑음,교차로 - 교차로안,승용,여,27세,상해없음,이륜,남,22세,경상
2021081200100346,2021년 8월 12일 16시,목요일,충청남도 아산시 온천동,경상사고,0,0,1,0,차대차 - 기타,안전운전불이행,건조,맑음,교차로 - 교차로안,승용,여,62세,상해없음,승용,여,44세,경상
2021081200100347,2021년 8월 12일 16시,목요일,충청남도 부여군 부여읍,경상사고,0,0,1,0,차대차 - 측면충돌,안전운전불이행,건조,맑음,단일로 - 기타,화물,남,56세,상해없음,승용,여,21세,경상