사고번호,사고일시,요일,시군구,사고내용,사망자수,중상자수,경상자수,부상신고자수,사고유형,법규위반,노면상태,기상상태,도로형태,가해운전자 차종,가해운전자 성별,가해운전자 연령,가해운전자 상해정도,피해운전자 차종,피해운전자 성별,피해운전자 연령,피해운전자 상해정도
2021081200100384,2021년 8월 12일 17시,목요일,충청남도 천안시 동남구 용곡동,중상사고,0,1,0,0,차대사람 - 횡단중,보행자보호의무위반,건조,맑음,교차로 - 교차로횡단보도내,승용,여,40세,상해없음,보행자,남,12세,중상
2021081200100464,2021년 8월 12일 19시,목요일,충청남도 천안시 서북구 쌍용동,경상사고,0,0,2,0,차대차 - 기타,안전운전불이행,젖음/습기,비,단일로 - 기타,승용,남,53세,상해없음,이륜,남,22세,경상
2021081200100465,2021년 8월 12일 19시,목요일,충청남도 홍성군 은하면,경상사고,0,0,3,0,차대차 - 추돌,안전운전불이행,건조,맑음,단일로 - 기타,승용,남,32세,상해없음,승용,남,53세,경상
2021081200100486,2021년 8월 12일 20시,목요일,충청남도 천안시 서북구 두정동,경상사고,0,0,1,0,차대차 - 측면충돌,중앙선침범,젖음/습기,비,교차로 - 교차로부근,승용,여,27세,상해없음,승용,여,52세,경상
2021081200100487,2021년 8월 12일 20시,목요일,충청남도 천안시 서북구 성정동,경상사고,0,0,2,0,차대차 - 측면충돌,직진우회전진행방해,젖음/습기,비,교차로 - 교차로안,승용,여,30세,상해없음,승용,남,59세,경상
2021081200100488,2021년 8월 12일 20시,목요일,충청남도 예산군 오가면,중상사고,0,1,0,0,차대사람 - 횡단중,안전운전불이행,건조,맑음,단일로 - 기타,승용,남,57세,상해없음,보행자,남,75세,중상
2021081200100489,2021년 8월 12일 20시,목요일,충청남도 태안군 남면,사망사고,3,0,0,0,차량단독 - 공작물충돌,안전운전불이행,건조,맑음,단일로 - 기타,승용,남,41세,사망,,,,
2021081200100546,2021년 8월 12일 22시,목요일,충청남도 천안시 서북구 성거읍,중상사고,0,1,0,0,차대차 - 정면충돌,신호위반,건조,맑음,교차로 - 교차로안,승합,남,38세,상해없음,승용,남,37세,중상
2021081200100547,2021년 8월 12일 22시,목요일,충청남도 천안시 서북구 성정동,경상사고,0,0,1,0,차대사람 - 기타,안전운전불이행,건조,맑음,단일로 - 기타,승용,남,31세,기타불명,보행자,남,42세,경상
2021081200100548,2021년 8월 12일 22시,목요일,충청남도 아산시 배방읍,경상사고,0,0,1,0,차대차 - 기타,안전운전불이행,건조,맑음,단일로 - 기타,승용,남,21세,상해없음,자전거,남,16세,경상
2021081200100549,2021년 8월 12일 22시,목요일,충청남도 당진시 읍내동,경상사고,0,0,1,0,차대차 - 추돌,안전운전불이행,건조,맑음,교차로 - 교차로안,승용,남,30세,상해없음,승용,여,60세,경상
2021081300100006,2021년 8월 13일 00시,금요일,충청남도 서산시 인지면,중상사고,0,1,0,0,차량단독 - 공작물충돌,안전운전불이행,건조,맑음,단일로 - 기타,승용,남,22세,중상,,,,
2021081300100015,2021년 8월 13일 02시,금요일,충청남도 아산시 탕정면,중상사고,0,1,1,0,차량단독 - 기타,안전운전불이행,건조,흐림,교차로 - 교차로안,승용,남,34세,상해없음,,,,
2021081300100022,2021년 8월 13일 04시,금요일,충청남도 천안시 서북구 성거읍,경상사고,0,0,1,0,차대차 - 기타,안전운전불이행,건조,맑음,단일로 - 기타,화물,남,26세,기타불명,사륜오토바이(ATV),남,74세,경상
2021081300100040,2021년 8월 13일 07시,금요일,충청남도 공주시 금성동,경상사고,0,0,1,0,차대차 - 측면충돌,신호위반,건조,흐림,교차로 - 교차로안,승용,여,49세,상해없음,승용,여,67세,경상
2021081300100041,2021년 8월 13일 07시,금요일,충청남도 천안시 동남구 신부동,중상사고,0,1,0,0,차대사람 - 횡단중,안전운전불이행,건조,맑음,교차로 - 교차로안,승용,여,41세,상해없음,보행자,여,69세,중상
2021081300100067,2021년 8월 13일 08시,금요일,충청남도 천안시 동남구 청당동,경상사고,0,0,1,0,차대차 - 측면충돌,신호위반,건조,맑음,교차로 - 교차로안,승용,여,26세,상해없음,승용,남,25세,경상
2021081300100097,2021년 8월 13일 09시,금요일,충청남도 공주시 유구읍,경상사고,0,0,1,0,차대차 - 측면충돌,신호위반,건조,맑음,교차로 - 교차로안,화물,여,64세,기타불명,화물,남,82세,경상
2021081300100258,2021년 8월 13일 14시,금요일,충청남도 천안시 서북구 부대동,경상사고,0,0,3,0,차대차 - 측면충돌,안전거리미확보,건조,맑음,단일로 - 기타,화물,남,58세,상해없음,승용,여,27세,경상
2021081300100259,2021년 8월 13일 14시,금요일,충청남도 아산시 음봉면,경상사고,0,0,1,0,차대차 - 기타,중앙선침범,건조,맑음,단일로 - 기타,승용,남,53세,상해없음,개인형이동수단(PM),남,58세,경상
2021081300100300,2021년 8월 13일 15시,금요일,충청남도 서산시 대산읍,경상사고,0,0,1,0,차대차 - 추돌,안전운전불이행,건조,맑음,단일로 - 기타,승용,여,33세,상해없음,화물,남,56세,경상
2021081300100301,2021년 8월 13일 15시,금요일,충청남도 공주시 금성동,중상사고,0,1,0,0,차대차 - 측면충돌,교차로운행방법위반,건조,맑음,교차로 - 교차로안,승용,남,70세,상해없음,이륜,남,25세,중상
2021081300100302,2021년 8월 13일 15시,금요일,충청남도 예산군 예산읍,중상사고,0,1,0,0,차대사람 - 횡단중,안전운전불이행,건조,맑음,교차로 - 교차로부근,승합,남,53세,상해없음,보행자,여,68세,중상
2021081300100337,2021년 8월 13일 16시,금요일,충청남도 공주시 유구읍,경상사고,0,0,1,0,차대차 - 측면충돌,교차로운행방법위반,건조,맑음,교차로 - 교차로부근,승용,남,73세,기타불명,화물,남,54세,경상
2021081300100389,2021년 8월 13일 17시,금요일,충청남도 아산시 탕정면,중상사고,0,1,1,0,차대차 - 기타,안전운전불이행,건조,맑음,교차로 - 교차로횡단보도내,원동기,남,49세,중상,이륜,남,48세,경상
2021081300100486,2021년 8월 13일 19시,금요일,충청남도 공주시 금흥동,중상사고,0,1,0,0,차대차 - 측면충돌,안전운전불이행,건조,맑음,기타 - 기타,승용,남,73세,상해없음,이륜,남,71세,중상
2021081300100505,2021년 8월 13일 20시,금요일,충청남도 서산시 음암면,중상사고,0,3,4,0,차대차 - 추돌,안전운전불이행,건조,맑음,단일로 - 기타,승용,여,62세,상해없음,승용,남,38세,중상
2021081300100507,2021년 8월 13일 20시,금요일,충청남도 예산군 봉산면,중상사고,0,1,0,0,차대차 - 추돌,안전거리미확보,건조,맑음,교차로 - 교차로부근,승용,남,47세,상해없음,승용,여,57세,중상
2021081300100563,2021년 8월 13일 22시,금요일,충청남도 천안시 서북구 두정동,경상사고,0,0,1,0,차대사람 - 차도통행중,안전운전불이행,건조,맑음,단일로 - 기타,승용,여,20세,상해없음,보행자,여,21세,경상
2021081300100582,2021년 8월 13일 23시,금요일,충청남도 천안시 동남구 신부동,경상사고,0,0,1,0,차대사람 - 기타,안전운전불이행,건조,맑음,교차로 - 교차로부근,승용,남,23세,상해없음,보행자,남,44세,경상
2021081400100007,2021년 8월 14일 00시,토요일,충청남도 논산시 내동,경상사고,0,0,1,0,차대차 - 측면충돌,안전운전불이행,건조,맑음,교차로 - 교차로부근,승용,여,33세,상해없음,승용,남,47세,경상
2021081400100008,2021년 8월 14일 00시,토요일,충청남도 아산시 배방읍,경상사고,0,0,1,0,차량단독 - 공작물충돌,안전운전불이행,건조,맑음,교차로 - 교차로부근,승용,남,32세,상해없음,,,,
2021081400100016,2021년 8월 14일 01시,토요일,충청남도 당진시 석문면,사망사고,1,1,1,0,차대차 - 정면충돌,중앙선침범,건조,기타,단일로 - 기타,승용,남,40세,사망,건설기계,남,39세,경상
2021081400100068,2021년 8월 14일 08시,토요일,충청남도 천안시 서북구 두정동,경상사고,0,0,2,0,차대차 - 기타,안전운전불이행,건조,맑음,교차로 - 교차로부근,승용,남,28세,상해없음,개인형이동수단(PM),여,26세,경상
2021081400100069,2021년 8월 14일 08시,토요일,충청남도 공주시 소학동,경상사고,0,0,1,0,차대차 - 기타,직진우회전진행방해,건조,맑음,교차로 - 교차로안,승용,남,60세,상해없음,승용,남,46세,경상
2021081400100096,2021년 8월 14일 09시,토요일,충청남도 서천군 서천읍,경상사고,0,0,1,0,차대사람 - 차도통행중,안전운전불이행,건조,맑음,교차로 - 교차로안,화물,남,53세,상해없음,보행자,여,65세,경상
2021081400100097,2021년 8월 14일 09시,토요일,충청남도 당진시 석문면,중상사고,0,1,0,0,차대차 - 측면충돌,교차로운행방법위반,건조,맑음,교차로 - 교차로안,승용,여,37세,상해없음,승용,남,53세,중상
2021081400100170,2021년 8월 14일 12시,토요일,충청남도 천안시 서북구 성정동,경상사고,0,0,1,0,차대차 - 기타,안전거리미확보,건조,맑음,기타 - 기타,화물,남,38세,상해없음,승용,남,30세,경상
2021081400100171,2021년 8월 14일 12시,토요일,충청남도 천안시 서북구 입장면,경상사고,0,0,1,0,차대차 - 기타,안전운전불이행,건조,맑음,기타 - 기타,승용,남,38세,상해없음,자전거,남,8세,경상
2021081400100240,2021년 8월 14일 14시,토요일,충청남도 서산시 운산면,중상사고,0,1,0,0,차대차 - 측면충돌,직진우회전진행방해,건조,맑음,교차로 - 교차로안,승용,남,59세,상해없음,원동기,남,55세,중상
2021081400100270,2021년 8월 14일 15시,토요일,충청남도 서천군 서면,중상사고,0,1,0,0,차량단독 - 전도전복 - 전도,안전운전불이행,건조,맑음,교차로 - 교차로안,이륜,남,49세,상해없음,,,,
2021081400100271,2021년 8월 14일 15시,토요일,충청남도 보령시 웅천읍,경상사고,0,0,1,0,차대사람 - 기타,안전운전불이행,건조,맑음,단일로 - 기타,승용,여,53세,상해없음,보행자,남,19세,경상
2021081400100272,2021년 8월 14일 15시,토요일,충청남도 당진시 석문면,경상사고,0,0,1,0,차대차 - 측면충돌,교차로운행방법위반,건조,맑음,교차로 - 교차로안,승용,남,35세,상해없음,승용,남,20세,경상
2021081400100302,2021년 8월 14일 16시,토요일,충청남도 천안시 동남구 신부동,경상사고,0,0,6,0,차대차 - 기타,안전운전불이행,건조,맑음,단일로 - 기타,승용,기타불명,미분류,기타불명,승용,남,37세,경상
2021081400100332,2021년 8월 14일 17시,토요일,충청남도 홍성군 은하면,중상사고,0,1,0,0,차대차 - 측면충돌,안전운전불이행,건조,맑음,교차로 - 교차로안,승용,남,76세,상해없음,승용,남,41세,중상
2021081400100373,2021년 8월 14일 18시,토요일,충청남도 아산시 인주면,경상사고,0,0,1,0,차대차 - 기타,안전운전불이행,건조,맑음,교차로 - 교차로안,승용,여,53세,상해없음,사륜오토바이(ATV),남,61세,경상
2021081400100374,2021년 8월 14일 18시,토요일,충청남도 공주시 반포면,부상신고사고,0,0,0,2,차대차 - 후진중충돌,안전운전불이행,건조,맑음,단일로 - 기타,승용,여,52세,기타불명,승용,여,32세,부상신고
2021081400100375,2021년 8월 14일 18시,토요일,충청남도 당진시 송악읍,경상사고,0,0,1,0,차량단독 - 전도전복 - 전도,안전운전불이행,건조,맑음,단일로 - 기타,이륜,남,44세,경상,,,,
2021081400100408,2021년 8월 14일 19시,토요일,충청남도 천안시 서북구 두정동,경상사고,0,0,1,0,차대차 - 후진중충돌,안전운전불이행,건조,맑음,교차로 - 교차로안,승용,여,26세,상해없음,개인형이동수단(PM),남,52세,경상
2021081400100409,2021년 8월 14일 19시,토요일,충청남도 아산시 배미동,경상사고,0,0,1,0,차대사람 - 기타,안전운전불이행,건조,맑음,단일로 - 기타,자전거,여,11세,경상,보행자,여,57세,상해없음
2021081400100410,2021년 8월 14일 19시,토요일,충청남도 아산시 읍내동,경상사고,0,0,1,0,차대차 - 기타,중앙선침범,건조,맑음,교차로 - 교차로부근,승용,남,51세,상해없음,승용,여,57세,경상
2021081400100411,2021년 8월 14일 19시,토요일,충청남도 아산시 용화동,경상사고,0,0,1,0,차대차 - 기타,직진우회전진행방해,건조,맑음,교차로 - 교차로안,승용,여,43세,상해없음,승용,남,29세,경상
2021081400100439,2021년 8월 14일 20시,토요일,충청남도 아산시 배방읍,경상사고,0,0,1,0,차대차 - 기타,안전운전불이행,건조,맑음,교차로 - 교차로안,승용,여,47세,상해없음,이륜,남,30세,경상
2021081400100467,2021년 8월 14일 21시,토요일,충청남도 홍성군 홍성읍,경상사고,0,0,1,0,차대차 - 후진중충돌,안전운전불이행,젖음/습기,비,교차로 - 교차로부근,승용,남,29세,상해없음,이륜,남,33세,경상
2021081400100468,2021년 8월 14일 21시,토요일,충청남도 부여군 규암면,경상사고,0,0,2,0,차대차 - 추돌,안전운전불이행,건조,맑음,단일로 - 교량,화물,남,60세,상해없음,승용,여,66세,경상
2021081400100486,2021년 8월 14일 22시,토요일,충청남도 논산시 광석면,경상사고,0,0,1,0,차량단독 - 공작물충돌,안전운전불이행,건조,맑음,단일로 - 기타,화물,남,68세,경상,,,,
2021081400100508,2021년 8월 14일 23시,토요일,충청남도 보령시 신흑동,경상사고,0,0,3,0,차대차 - 추돌,안전운전불이행,건조,맑음,단일로 - 기타,승용,여,30세,상해없음,승용,남,20세,경상
2021081500100017,2021년 8월 15일 01시,일요일,충청남도 아산시 둔포면,경상사고,0,0,1,0,차대차 - 정면충돌,중앙선침범,건조,맑음,단일로 - 기타,승용,여,35세,상해없음,이륜,남,35세,경상
2021081500100037,2021년 8월 15일 04시,일요일,충청남도 논산시 강경읍,중상사고,0,1,0,0,차대차 - 측면충돌,중앙선침범,건조,맑음,교차로 - 교차로부근,자전거,여,69세,중상,이륜,남,16세,상해없음
2021081500100059,2021년 8월 15일 08시,일요일,충청남도 공주시 이인면,경상사고,0,0,1,0,차대차 - 측면충돌,기타,건조,맑음,교차로 - 교차로안,이륜,남,83세,경상,승용,남,56세,상해없음
2021081500100072,2021년 8월 15일 09시,일요일,충청남도 천안시 동남구 목천읍,경상사고,0,0,1,0,차대차 - 측면충돌,직진우회전진행방해,건조,맑음,교차로 - 교차로안,승용,여,44세,상해없음,승용,여,37세,경상
2021081500100085,2021년 8월 15일 10시,일요일,충청남도 공주시 신관동,중상사고,0,1,0,0,차대차 - 기타,안전운전불이행,건조,맑음,기타 - 기타,이륜,남,61세,상해없음,자전거,남,60세,중상
2021081500100109,2021년 8월 15일 11시,일요일,충청남도 청양군 화성면,경상사고,0,0,4,0,차대차 - 추돌,기타,건조,맑음,단일로 - 기타,승용,남,68세,상해없음,승용,여,54세,경상
2021081500100110,2021년 8월 15일 11시,일요일,충청남도 태안군 남면,경상사고,0,0,1,0,차대사람 - 기타,안전운전불이행,건조,맑음,기타 - 기타,화물,남,52세,상해없음,보행자,여,40세,경상
2021081500100138,2021년 8월 15일 12시,일요일,충청남도 천안시 동남구 오룡동,경상사고,0,0,1,0,차대차 - 추돌,안전운전불이행,건조,맑음,단일로 - 기타,승용,남,55세,상해없음,승용,남,34세,경상
2021081500100165,2021년 8월 15일 13시,일요일,충청남도 공주시 반포면,경상사고,0,0,1,0,차대사람 - 보도통행중,기타,건조,맑음,기타 - 기타,승용,남,43세,상해없음,보행자,남,34세,경상
2021081500100166,2021년 8월 15일 13시,일요일,충청남도 예산군 광시면,부상신고사고,0,0,0,1,차대차 - 측면충돌,안전운전불이행,건조,맑음,단일로 - 기타,자전거,남,78세,부상신고,승용,남,29세,상해없음
2021081500100167,2021년 8월 15일 13시,일요일,충청남도 당진시 원당동,경상사고,0,0,1,0,차대차 - 측면충돌,교차로운행방법위반,건조,맑음,교차로 - 교차로안,승합,남,49세,상해없음,승용,남,44세,경상
2021081500100200,2021년 8월 15일 14시,일요일,충청남도 논산시 대교동,중상사고,0,1,0,0,차대차 - 추돌,직진우회전진행방해,건조,맑음,교차로 - 교차로안,승용,남,25세,기타불명,승용,남,76세,중상
2021081500100201,2021년 8월 15일 14시,일요일,충청남도 당진시 고대면,중상사고,0,2,0,0,차대차 - 측면충돌,안전거리미확보,건조,맑음,단일로 - 기타,화물,남,53세,상해없음,승용,남,28세,중상
2021081500100233,2021년 8월 15일 15시,일요일,충청남도 천안시 동남구 풍세면,중상사고,0,2,0,0,차대차 - 정면충돌,안전운전불이행,건조,맑음,단일로 - 기타,승용,여,33세,상해없음,승용,여,51세,중상
2021081500100321,2021년 8월 15일 18시,일요일,충청남도 아산시 탕정면,경상사고,0,0,2,0,차대차 - 추돌,안전운전불이행,건조,맑음,단일로 - 기타,승용,남,67세,상해없음,승용,남,32세,경상
2021081500100338,2021년 8월 15일 19시,일요일,충청남도 청양군 청남면,중상사고,0,1,0,0,차대사람 - 차도통행중,안전운전불이행,건조,맑음,단일로 - 기타,자전거,남,52세,상해없음,보행자,여,49세,중상
2021081500100360,2021년 8월 15일 20시,일요일,충청남도 서산시 성연면,경상사고,0,0,3,0,차대차 - 추돌,안전운전불이행,건조,맑음,교차로 - 교차로부근,승용,남,58세,상해없음,승용,남,45세,경상
2021081500100384,2021년 8월 15일 21시,일요일,충청남도 아산시 풍기동,중상사고,0,1,0,0,차대사람 - 횡단중,신호위반,건조,맑음,교차로 - 교차로횡단보도내,승합,남,61세,상해없음,보행자,남,63세,중상
2021081500100385,2021년 8월 15일 21시,일요일,충청남도 천안시 동남구 용곡동,중상사고,0,1,0,0,차대사람 - 횡단중,보행자보호의무위반,건조,흐림,단일로 - 기타,승용,여,58세,상해없음,보행자,남,16세,중상
2021081600100002,2021년 8월 16일 00시,월요일,충청남도 아산시 배방읍,중상사고,0,1,0,0,차대사람 - 횡단중,안전운전불이행,건조,맑음,교차로 - 교차로부근,승용,남,26세,상해없음,보행자,남,24세,중상
2021081600100033,2021년 8월 16일 07시,월요일,충청남도 아산시 신창면,경상사고,0,0,1,0,차대차 - 추돌,안전운전불이행,건조,맑음,기타 - 기타,승합,남,63세,상해없음,승용,남,50세,경상
2021081600100078,2021년 8월 16일 10시,월요일,충청남도 공주시 신관동,중상사고,0,1,0,0,차대사람 - 기타,안전운전불이행,건조,맑음,단일로 - 기타,승합,남,44세,상해없음,보행자,여,69세,중상
2021081600100079,2021년 8월 16일 10시,월요일,충청남도 천안시 동남구 삼룡동,중상사고,0,1,3,0,차대차 - 기타,중앙선침범,건조,맑음,교차로 - 교차로부근,승용,여,46세,상해없음,승용,남,69세,경상
2021081600100080,2021년 8월 16일 10시,월요일,충청남도 천안시 동남구 신방동,경상사고,0,0,1,1,차대차 - 기타,교차로운행방법위반,건조,맑음,교차로 - 교차로안,이륜,남,35세,부상신고,이륜,남,43세,경상
2021081600100107,2021년 8월 16일 11시,월요일,충청남도 아산시 온천동,경상사고,0,0,1,0,차대차 - 기타,중앙선침범,건조,맑음,교차로 - 교차로안,이륜,남,55세,상해없음,원동기,남,16세,경상
2021081600100108,2021년 8월 16일 11시,월요일,충청남도 부여군 부여읍,중상사고,0,1,0,0,차대차 - 측면충돌,차로위반,건조,맑음,단일로 - 기타,화물,남,62세,상해없음,승용,여,63세,중상
2021081600100109,2021년 8월 16일 11시,월요일,충청남도 태안군 남면,경상사고,0,0,1,0,차대사람 - 기타,안전운전불이행,건조,맑음,단일로 - 기타,승용,여,37세,상해없음,보행자,남,27세,경상
2021081600100132,2021년 8월 16일 12시,월요일,충청남도 서천군 서천읍,경상사고,0,0,2,0,차대차 - 후진중충돌,안전운전불이행,건조,맑음,주차장 - 주차장,화물,남,69세,경상,승합,여,44세,경상
2021081600100133,2021년 8월 16일 12시,월요일,충청남도 천안시 동남구 삼룡동,경상사고,0,0,2,0,차대차 - 추돌,안전운전불이행,건조,맑음,교차로 - 교차로부근,승용,여,37세,상해없음,승용,남,29세,경상
2021081600100170,2021년 8월 16일 13시,월요일,충청남도 홍성군 광천읍,중상사고,0,1,3,0,차대차 - 기타,안전거리미확보,건조,맑음,단일로 - 기타,승용,남,56세,상해없음,승용,여,39세,중상
2021081600100171,2021년 8월 16일 13시,월요일,충청남도 서천군 마서면,부상신고사고,0,0,0,1,차량단독 - 도로외이탈 - 기타,안전운전불이행,건조,맑음,단일로 - 기타,이륜,남,61세,부상신고,,,,
2021081600100172,2021년 8월 16일 13시,월요일,충청남도 예산군 봉산면,중상사고,0,1,0,0,차량단독 - 도로외이탈 - 추락,안전운전불이행,건조,맑음,기타 - 기타,승용,여,66세,중상,,,,
2021081600100173,2021년 8월 16일 13시,월요일,충청남도 천안시 동남구 풍세면,경상사고,0,0,3,0,차대차 - 기타,안전거리미확보,건조,맑음,단일로 - 기타,승용,여,37세,경상,승용,남,58세,경상
2021081600100208,2021년 8월 16일 14시,월요일,충청남도 아산시 탕정면,경상사고,0,0,1,0,차대차 - 기타,차로위반,건조,맑음,단일로 - 기타,승용,남,53세,상해없음,승용,남,23세,경상
2021081600100275,2021년 8월 16일 16시,월요일,충청남도 천안시 서북구 성정동,부상신고사고,0,0,0,1,차대차 - 정면충돌,안전운전불이행,건조,맑음,교차로 - 교차로안,자전거,남,10세,부상신고,화물,남,61세,상해없음
2021081600100349,2021년 8월 16일 18시,월요일,충청남도 천안시 동남구 신부동,경상사고,0,0,1,0,차대차 - 기타,불법유턴,건조,맑음,교차로 - 교차로부근,기타불명,기타불명,미분류,기타불명,승용,남,40세,경상
2021081600100375,2021년 8월 16일 19시,월요일,충청남도 공주시 산성동,경상사고,0,0,1,0,차대사람 - 횡단중,안전운전불이행,건조,맑음,단일로 - 기타,이륜,남,19세,상해없음,보행자,남,44세,경상
2021081600100429,2021년 8월 16일 21시,월요일,충청남도 천안시 서북구 두정동,중상사고,0,1,0,0,차대사람 - 기타,안전운전불이행,건조,맑음,기타 - 기타,승용,여,32세,상해없음,보행자,남,45세,중상
2021081600100430,2021년 8월 16일 21시,월요일,충청남도 당진시 원당동,사망사고,1,0,0,0,차대사람 - 차도통행중,안전운전불이행,건조,기타,단일로 - 기타,승용,남,72세,상해없음,보행자,남,58세,사망
2021081600100449,2021년 8월 16일 22시,월요일,충청남도 천안시 서북구 성정동,중상사고,0,1,0,0,차대차 - 기타,중앙선침범,건조,맑음,기타 - 기타,자전거,남,18세,기타불명,이륜,남,27세,중상
2021081600100450,2021년 8월 16일 22시,월요일,충청남도 천안시 서북구 불당동,중상사고,0,1,0,0,차대차 - 측면충돌,안전운전불이행,건조,맑음,교차로 - 교차로부근,화물,여,56세,상해없음,이륜,남,40세,중상
2021081600100451,2021년 8월 16일 22시,월요일,충청남도 아산시 배방읍,경상사고,0,0,1,0,차대차 - 추돌,안전운전불이행,건조,맑음,단일로 - 기타,승용,남,33세,상해없음,승용,남,67세,경상
2021081600100466,2021년 8월 16일 23시,월요일,충청남도 서산시 해미면,중상사고,0,2,0,0,차대차 - 추돌,안전운전불이행,건조,맑음,단일로 - 기타,승용,여,53세,중상,농기계,남,57세,중상
2021081700100006,2021년 8월 17일 00시,화요일,충청남도 천안시 서북구 불당동,경상사고,0,0,1,0,차대차 - 기타,안전운전불이행,건조,맑음,기타 - 기타,승용,여,53세,상해없음,승용,여,40세,경상
2021081700100108,2021년 8월 17일 09시,화요일,충청남도 예산군 예산읍,경상사고,0,0,1,0,차대차 - 정면충돌,안전운전불이행,건조,맑음,단일로 - 기타,승용,여,59세,상해없음,승용,여,44세,경상
2021081700100109,2021년 8월 17일 09시,화요일,충청남도 천안시 동남구 신부동,경상사고,0,0,1,0,차대차 - 측면충돌,안전거리미확보,건조,맑음,교차로 - 교차로안,승용,남,30세,상해없음,자전거,남,24세,경상
2021081700100138,2021년 8월 17일 10시,화요일,충청남도 부여군 남면,중상사고,0,1,0,0,차대차 - 측면충돌,교차로운행방법위반,건조,맑음,교차로 - 교차로안,이륜,여,73세,중상,승용,남,63세,상해없음
2021081700100209,2021년 8월 17일 12시,화요일,충청남도 예산군 오가면,경상사고,0,0,1,0,차대차 - 추돌,안전운전불이행,건조,맑음,단일로 - 기타,승용,여,61세,상해없음,승용,남,62세,경상
2021081700100248,2021년 8월 17일 13시,화요일,충청남도 천안시 동남구 봉명동,경상사고,0,0,2,0,차대차 - 측면충돌,안전운전불이행,건조,맑음,기타 - 기타,화물,남,64세,상해없음,승용,여,35세,경상
2021081700100249,2021년 8월 17일 13시,화요일,충청남도 천안시 동남구 문화동,사망사고,1,0,0,0,차량단독 - 기타,안전운전불이행,건조,맑음,교차로 - 교차로부근,승합,남,55세,상해없음,,,,
2021081700100282,2021년 8월 17일 14시,화요일,충청남도 천안시 서북구 두정동,경상사고,0,0,1,0,차대사람 - 기타,안전운전불이행,건조,맑음,기타 - 기타,승용,남,44세,기타불명,보행자,여,66세,경상
2021081700100283,2021년 8월 17일 14시,화요일,충청남도 천안시 서북구 두정동,경상사고,0,0,1,0,차대차 - 기타,안전운전불이행,건조,맑음,기타 - 기타,승용,남,80세,상해없음,승용,여,59세,경상
2021081700100284,2021년 8월 17일 14시,화요일,충청남도 태안군 소원면,경상사고,0,0,1,0,차대차 - 측면충돌,교차로운행방법위반,건조,맑음,교차로 - 교차로안,승용,남,66세,상해없음,화물,남,55세,경상
2021081700100321,2021년 8월 17일 15시,화요일,충청남도 아산시 온천동,경상사고,0,0,1,0,차대차 - 측면충돌,교차로운행방법위반,건조,맑음,교차로 - 교차로안,승용,여,54세,상해없음,이륜,여,23세,경상
2021081700100322,2021년 8월 17일 15시,화요일,충청남도 공주시 산성동,중상사고,0,1,0,0,차대사람 - 횡단중,보행자보호의무위반,건조,맑음,교차로 - 교차로횡단보도내,승용,남,29세,상해없음,보행자,여,76세,중상
2021081700100354,2021년 8월 17일 16시,화요일,충청남도 아산시 둔포면,경상사고,0,0,1,0,차대차 - 추돌,안전운전불이행,건조,맑음,단일로 - 기타,화물,남,62세,상해없음,특수,남,47세,경상
2021081700100355,2021년 8월 17일 16시,화요일,충청남도 천안시 동남구 신부동,중상사고,0,1,0,0,차대차 - 기타,신호위반,건조,맑음,교차로 - 교차로부근,승용,여,32세,상해없음,이륜,남,26세,중상
2021081700100356,2021년 8월 17일 16시,화요일,충청남도 태안군 원북면,경상사고,0,0,5,0,차대차 - 측면충돌,중앙선침범,건조,맑음,단일로 - 기타,승합,남,64세,상해없음,승용,여,53세,경상
2021081700100357,2021년 8월 17일 16시,화요일,충청남도 천안시 동남구 성남면,중상사고,0,1,0,0,차대차 - 기타,안전운전불이행,건조,맑음,단일로 - 기타,기타불명,기타불명,미분류,기타불명,승용,남,47세,중상
2021081700100403,2021년 8월 17일 17시,화요일,충청남도 당진시 채운동,경상사고,0,0,3,0,차대차 - 기타,안전운전불이행,건조,맑음,교차로 - 교차로안,승용,여,50세,상해없음,승용,여,34세,경상
2021081700100404,2021년 8월 17일 17시,화요일,충청남도 천안시 동남구 다가동,경상사고,0,0,1,0,차대차 - 측면충돌,안전운전불이행,건조,맑음,기타 - 기타,이륜,여,47세,경상,화물,남,57세,상해없음
2021081700100445,2021년 8월 17일 18시,화요일,충청남도 천안시 서북구 쌍용동,부상신고사고,0,0,0,1,차대차 - 기타,차로위반,건조,맑음,단일로 - 기타,승용,여,62세,상해없음,승용,남,28세,부상신고
2021081700100446,2021년 8월 17일 18시,화요일,충청남도 금산군 금산읍,중상사고,0,1,0,0,차대차 - 측면충돌,교차로운행방법위반,건조,맑음,교차로 - 교차로안,화물,남,44세,상해없음,이륜,남,29세,중상
2021081700100482,2021년 8월 17일 19시,화요일,충청남도 부여군 부여읍,경상사고,0,0,4,0,차대차 - 측면충돌,안전거리미확보,건조,맑음,단일로 - 기타,승용,여,64세,상해없음,승용,여,36세,경상
2021081700100546,2021년 8월 17일 21시,화요일,충청남도 보령시 주포면,중상사고,0,1,0,0,차대차 - 추돌,안전운전불이행,건조,맑음,단일로 - 기타,승합,남,46세,상해없음,농기계,남,71세,중상