사고번호,사고일시,요일,시군구,사고내용,사망자수,중상자수,경상자수,부상신고자수,사고유형,법규위반,노면상태,기상상태,도로형태,가해운전자 차종,가해운전자 성별,가해운전자 연령,가해운전자 상해정도,피해운전자 차종,피해운전자 성별,피해운전자 연령,피해운전자 상해정도
2021081700100571,2021년 8월 17일 22시,화요일,충청남도 아산시 염치읍,경상사고,0,0,1,0,차대차 - 정면충돌,중앙선침범,건조,맑음,단일로 - 기타,이륜,남,50세,상해없음,승용,남,21세,경상
2021081700100572,2021년 8월 17일 22시,화요일,충청남도 공주시 신관동,경상사고,0,0,1,0,차대차 - 기타,안전운전불이행,젖음/습기,흐림,교차로 - 교차로안,승용,여,24세,상해없음,승용,남,22세,경상
2021081800100048,2021년 8월 18일 07시,수요일,충청남도 서산시 동문동,중상사고,0,1,0,0,차대차 - 추돌,안전운전불이행,건조,맑음,단일로 - 기타,승용,여,27세,상해없음,이륜,남,65세,중상
2021081800100066,2021년 8월 18일 08시,수요일,충청남도 보령시 동대동,중상사고,0,1,1,0,차대차 - 기타,신호위반,건조,맑음,교차로 - 교차로부근,이륜,남,80세,경상,승용,남,27세,중상
2021081800100100,2021년 8월 18일 09시,수요일,충청남도 당진시 면천면,경상사고,0,0,1,0,차대차 - 기타,교차로운행방법위반,건조,맑음,교차로 - 교차로안,화물,남,32세,상해없음,승용,남,63세,상해없음
2021081800100128,2021년 8월 18일 10시,수요일,충청남도 홍성군 장곡면,경상사고,0,0,1,0,차대차 - 측면충돌,안전운전불이행,건조,맑음,교차로 - 교차로안,승용,여,49세,상해없음,승용,남,50세,경상
2021081800100129,2021년 8월 18일 10시,수요일,충청남도 천안시 동남구 목천읍,중상사고,0,1,1,0,차대차 - 추돌,신호위반,건조,맑음,교차로 - 교차로안,이륜,남,83세,중상,승용,남,77세,경상
2021081800100130,2021년 8월 18일 10시,수요일,충청남도 천안시 동남구 구룡동,경상사고,0,0,1,0,차대차 - 측면충돌,안전운전불이행,건조,맑음,단일로 - 기타,승합,남,60세,상해없음,화물,남,40세,경상
2021081800100161,2021년 8월 18일 11시,수요일,충청남도 천안시 서북구 두정동,경상사고,0,0,1,0,차대차 - 측면충돌,안전운전불이행,건조,맑음,단일로 - 기타,승용,여,48세,상해없음,이륜,남,21세,경상
2021081800100162,2021년 8월 18일 11시,수요일,충청남도 서천군 문산면,중상사고,0,1,0,0,차대사람 - 횡단중,안전운전불이행,건조,맑음,단일로 - 기타,화물,남,53세,상해없음,보행자,남,88세,중상
2021081800100163,2021년 8월 18일 11시,수요일,충청남도 청양군 정산면,경상사고,0,0,1,0,차대차 - 후진중충돌,안전운전불이행,건조,맑음,주차장 - 주차장,화물,여,31세,상해없음,승용,여,58세,경상
2021081800100192,2021년 8월 18일 12시,수요일,충청남도 서천군 화양면,경상사고,0,0,1,0,차대차 - 추돌,안전운전불이행,건조,맑음,교차로 - 교차로부근,이륜,여,82세,경상,건설기계,남,48세,상해없음
2021081800100234,2021년 8월 18일 13시,수요일,충청남도 부여군 부여읍,사망사고,1,0,0,0,차량단독 - 전도전복 - 전도,안전운전불이행,건조,맑음,단일로 - 기타,자전거,남,57세,사망,,,,
2021081800100263,2021년 8월 18일 14시,수요일,충청남도 논산시 연산면,중상사고,0,1,0,0,차대차 - 정면충돌,중앙선침범,건조,맑음,단일로 - 기타,화물,여,68세,상해없음,승용,여,60세,중상
2021081800100295,2021년 8월 18일 15시,수요일,충청남도 서산시 지곡면,경상사고,0,0,1,0,차대차 - 측면충돌,신호위반,건조,맑음,교차로 - 교차로안,승용,남,34세,상해없음,승용,남,31세,경상
2021081800100296,2021년 8월 18일 15시,수요일,충청남도 보령시 오천면,경상사고,0,0,2,0,차대차 - 기타,신호위반,건조,맑음,단일로 - 기타,승용,남,77세,상해없음,승용,남,47세,경상
2021081800100297,2021년 8월 18일 15시,수요일,충청남도 보령시 내항동,중상사고,0,1,2,0,차대차 - 기타,안전운전불이행,건조,맑음,교차로 - 교차로안,승용,남,19세,상해없음,승용,남,47세,중상
2021081800100298,2021년 8월 18일 15시,수요일,충청남도 보령시 남곡동,경상사고,0,0,1,0,차대차 - 기타,안전운전불이행,건조,맑음,기타 - 기타,승용,여,70세,상해없음,화물,남,46세,경상
2021081800100379,2021년 8월 18일 17시,수요일,충청남도 천안시 서북구 성거읍,부상신고사고,0,0,0,1,차대차 - 기타,안전운전불이행,건조,맑음,단일로 - 기타,이륜,남,50세,상해없음,승용,남,26세,부상신고
2021081800100380,2021년 8월 18일 17시,수요일,충청남도 태안군 태안읍,경상사고,0,0,1,0,차대차 - 추돌,안전운전불이행,건조,맑음,교차로 - 교차로부근,승합,남,57세,상해없음,화물,남,66세,경상
2021081800100468,2021년 8월 18일 19시,수요일,충청남도 아산시 배방읍,경상사고,0,0,1,1,차대차 - 측면충돌,신호위반,젖음/습기,비,교차로 - 교차로안,승용,여,47세,부상신고,승용,남,27세,경상
2021081800100506,2021년 8월 18일 20시,수요일,충청남도 당진시 신평면,중상사고,0,1,1,0,차대차 - 추돌,안전운전불이행,젖음/습기,비,단일로 - 교량,승용,남,63세,상해없음,승용,남,56세,중상
2021081800100562,2021년 8월 18일 22시,수요일,충청남도 아산시 방축동,경상사고,0,0,2,0,차대차 - 추돌,안전거리미확보,젖음/습기,비,단일로 - 기타,승용,여,46세,상해없음,승용,여,41세,경상
2021081900100024,2021년 8월 19일 06시,목요일,충청남도 부여군 구룡면,중상사고,0,1,0,0,차대차 - 측면충돌,교차로운행방법위반,건조,맑음,교차로 - 교차로안,화물,남,69세,상해없음,이륜,남,74세,중상
2021081900100042,2021년 8월 19일 07시,목요일,충청남도 아산시 탕정면,경상사고,0,0,2,0,차대차 - 기타,안전운전불이행,건조,맑음,단일로 - 기타,승용,남,42세,상해없음,승용,남,23세,경상
2021081900100043,2021년 8월 19일 07시,목요일,충청남도 아산시 배방읍,경상사고,0,0,1,1,차대차 - 측면충돌,신호위반,건조,맑음,교차로 - 교차로안,승용,여,30세,부상신고,승합,남,64세,경상
2021081900100068,2021년 8월 19일 08시,목요일,충청남도 홍성군 구항면,경상사고,0,0,1,0,차대차 - 기타,중앙선침범,건조,맑음,교차로 - 교차로안,화물,남,60세,상해없음,승용,여,59세,경상
2021081900100145,2021년 8월 19일 10시,목요일,충청남도 천안시 서북구 성성동,중상사고,0,1,0,0,차대차 - 기타,안전운전불이행,건조,맑음,교차로 - 교차로횡단보도내,자전거,남,82세,중상,승용,여,52세,상해없음
2021081900100146,2021년 8월 19일 10시,목요일,충청남도 천안시 서북구 성정동,경상사고,0,0,1,0,차대차 - 측면충돌,중앙선침범,건조,맑음,교차로 - 교차로부근,승용,여,43세,상해없음,승용,여,31세,경상
2021081900100147,2021년 8월 19일 10시,목요일,충청남도 서천군 서천읍,중상사고,0,1,0,0,차대차 - 측면충돌,기타,건조,맑음,단일로 - 기타,이륜,남,61세,중상,화물,남,60세,상해없음
2021081900100148,2021년 8월 19일 10시,목요일,충청남도 당진시 고대면,중상사고,0,1,0,0,차대사람 - 기타,기타,건조,맑음,단일로 - 기타,승합,남,60세,상해없음,보행자,남,81세,중상
2021081900100185,2021년 8월 19일 11시,목요일,충청남도 공주시 이인면,중상사고,0,2,0,0,차대사람 - 기타,안전운전불이행,건조,맑음,단일로 - 기타,승용,남,35세,상해없음,보행자,남,51세,중상
2021081900100186,2021년 8월 19일 11시,목요일,충청남도 부여군 부여읍,중상사고,0,1,0,0,차대사람 - 횡단중,보행자보호의무위반,건조,맑음,단일로 - 기타,화물,남,69세,상해없음,보행자,남,42세,중상
2021081900100217,2021년 8월 19일 12시,목요일,충청남도 논산시 연산면,중상사고,0,1,0,0,차대차 - 측면충돌,교차로운행방법위반,건조,맑음,교차로 - 교차로부근,이륜,남,39세,중상,화물,남,47세,상해없음
2021081900100218,2021년 8월 19일 12시,목요일,충청남도 아산시 배방읍,경상사고,0,0,1,0,차대차 - 추돌,안전운전불이행,건조,맑음,교차로 - 교차로부근,화물,남,46세,상해없음,승용,여,45세,경상
2021081900100252,2021년 8월 19일 13시,목요일,충청남도 보령시 신흑동,경상사고,0,0,1,0,차대사람 - 기타,안전운전불이행,건조,맑음,단일로 - 기타,이륜,남,19세,상해없음,보행자,남,49세,경상
2021081900100253,2021년 8월 19일 13시,목요일,충청남도 공주시 산성동,중상사고,0,1,0,0,차대사람 - 횡단중,보행자보호의무위반,건조,맑음,교차로 - 교차로횡단보도내,화물,남,61세,상해없음,보행자,남,82세,중상
2021081900100320,2021년 8월 19일 15시,목요일,충청남도 천안시 서북구 성성동,경상사고,0,0,1,0,차대차 - 측면충돌,신호위반,건조,맑음,교차로 - 교차로안,승용,남,32세,상해없음,승용,여,49세,경상
2021081900100321,2021년 8월 19일 15시,목요일,충청남도 공주시 반포면,중상사고,0,1,0,1,차량단독 - 전도전복 - 전복,안전운전불이행,건조,맑음,기타 - 기타,승용,남,64세,부상신고,,,,
2021081900100361,2021년 8월 19일 16시,목요일,충청남도 아산시 염치읍,경상사고,0,0,1,0,차대차 - 측면충돌,안전운전불이행,건조,맑음,단일로 - 기타,화물,남,54세,상해없음,승용,여,29세,경상
2021081900100362,2021년 8월 19일 16시,목요일,충청남도 천안시 동남구 다가동,경상사고,0,0,1,0,차대차 - 추돌,안전운전불이행,건조,맑음,기타 - 기타,승용,남,61세,상해없음,승용,남,25세,경상
2021081900100406,2021년 8월 19일 17시,목요일,충청남도 아산시 탕정면,경상사고,0,0,1,0,차대차 - 기타,안전운전불이행,건조,맑음,단일로 - 기타,승용,남,62세,기타불명,승용,남,31세,경상
2021081900100407,2021년 8월 19일 17시,목요일,충청남도 예산군 삽교읍,경상사고,0,0,1,0,차대차 - 후진중충돌,불법유턴,건조,맑음,교차로 - 교차로부근,농기계,남,57세,상해없음,화물,남,31세,경상
2021081900100443,2021년 8월 19일 18시,목요일,충청남도 아산시 둔포면,경상사고,0,0,1,0,차대차 - 정면충돌,중앙선침범,건조,맑음,교차로 - 교차로안,승용,남,37세,상해없음,승용,남,33세,경상
2021081900100444,2021년 8월 19일 18시,목요일,충청남도 아산시 영인면,사망사고,1,0,0,0,차량단독 - 전도전복 - 전도,안전운전불이행,건조,맑음,기타 - 기타,자전거,남,64세,사망,,,,
2021081900100445,2021년 8월 19일 18시,목요일,충청남도 천안시 동남구 신부동,경상사고,0,0,1,0,차대차 - 기타,안전운전불이행,건조,맑음,교차로 - 교차로안,승용,여,62세,상해없음,승용,남,36세,경상
2021081900100487,2021년 8월 19일 19시,목요일,충청남도 공주시 탄천면,부상신고사고,0,0,0,1,차대차 - 추돌,안전운전불이행,젖음/습기,비,단일로 - 기타,원동기,남,22세,부상신고,화물,남,70세,상해없음
2021081900100563,2021년 8월 19일 22시,목요일,충청남도 청양군 청양읍,경상사고,0,0,4,0,차대차 - 측면충돌,안전운전불이행,젖음/습기,비,단일로 - 기타,승용,남,25세,상해없음,승용,남,24세,경상
2021082000100008,2021년 8월 20일 01시,금요일,충청남도 서산시 성연면,중상사고,0,1,0,0,차대차 - 측면충돌,교차로운행방법위반,젖음/습기,비,교차로 - 교차로안,승용,남,35세,상해없음,이륜,남,47세,중상
2021082000100018,2021년 8월 20일 04시,금요일,충청남도 서산시 음암면,경상사고,0,0,1,0,차대차 - 측면충돌,불법유턴,건조,맑음,단일로 - 기타,승용,남,56세,상해없음,화물,남,70세,경상
2021082000100023,2021년 8월 20일 05시,금요일,충청남도 보령시 동대동,중상사고,0,1,0,0,차대차 - 기타,기타,건조,맑음,교차로 - 교차로안,승용,남,39세,상해없음,화물,남,52세,중상
2021082000100049,2021년 8월 20일 07시,금요일,충청남도 보령시 웅천읍,경상사고,0,0,1,0,차대차 - 기타,안전운전불이행,건조,맑음,교차로 - 교차로안,화물,남,66세,상해없음,승용,여,31세,경상
2021082000100050,2021년 8월 20일 07시,금요일,충청남도 부여군 부여읍,경상사고,0,0,1,0,차대차 - 추돌,신호위반,건조,맑음,단일로 - 교량,화물,남,74세,상해없음,승용,남,28세,경상
2021082000100071,2021년 8월 20일 08시,금요일,충청남도 공주시 신관동,경상사고,0,0,1,0,차대차 - 추돌,안전운전불이행,건조,맑음,교차로 - 교차로부근,화물,남,58세,상해없음,승합,남,50세,경상
2021082000100160,2021년 8월 20일 11시,금요일,충청남도 공주시 신관동,경상사고,0,0,1,0,차대차 - 추돌,안전운전불이행,건조,맑음,교차로 - 교차로안,승용,남,61세,상해없음,승용,여,35세,경상
2021082000100237,2021년 8월 20일 13시,금요일,충청남도 천안시 서북구 와촌동,경상사고,0,0,1,0,차대사람 - 기타,보행자보호의무위반,건조,맑음,교차로 - 교차로횡단보도내,승용,남,74세,상해없음,보행자,남,60세,경상
2021082000100238,2021년 8월 20일 13시,금요일,충청남도 아산시 음봉면,경상사고,0,0,2,0,차대차 - 기타,안전운전불이행,건조,맑음,단일로 - 기타,승용,남,19세,경상,승용,여,49세,경상
2021082000100239,2021년 8월 20일 13시,금요일,충청남도 천안시 동남구 성남면,경상사고,0,0,1,0,차대차 - 기타,중앙선침범,건조,맑음,단일로 - 기타,화물,남,68세,상해없음,승용,남,31세,경상
2021082000100240,2021년 8월 20일 13시,금요일,충청남도 태안군 안면읍,중상사고,0,1,0,0,차대사람 - 길가장자리구역통행중,안전운전불이행,건조,맑음,주차장 - 주차장,승용,남,31세,상해없음,보행자,여,45세,중상
2021082000100241,2021년 8월 20일 13시,금요일,충청남도 태안군 안면읍,경상사고,0,0,1,0,차대차 - 기타,교차로운행방법위반,건조,맑음,교차로 - 교차로안,승용,남,78세,상해없음,승용,여,38세,경상
2021082000100362,2021년 8월 20일 16시,금요일,충청남도 청양군 비봉면,경상사고,0,0,1,0,차대차 - 정면충돌,안전운전불이행,건조,맑음,단일로 - 기타,승용,남,78세,상해없음,승용,여,70세,경상
2021082000100414,2021년 8월 20일 17시,금요일,충청남도 서천군 마서면,경상사고,0,0,1,0,차대차 - 추돌,안전운전불이행,건조,맑음,교차로 - 교차로안,화물,남,54세,상해없음,자전거,남,13세,경상
2021082000100460,2021년 8월 20일 18시,금요일,충청남도 서산시 해미면,중상사고,0,1,0,0,차대사람 - 기타,안전운전불이행,건조,맑음,단일로 - 기타,화물,남,57세,상해없음,보행자,여,87세,중상
2021082000100503,2021년 8월 20일 19시,금요일,충청남도 천안시 서북구 백석동,경상사고,0,0,1,0,차대차 - 기타,신호위반,건조,맑음,기타 - 기타,승용,여,55세,상해없음,승용,남,27세,경상
2021082000100504,2021년 8월 20일 19시,금요일,충청남도 공주시 신풍면,중상사고,0,1,0,0,차대차 - 측면충돌,직진우회전진행방해,건조,맑음,교차로 - 교차로안,자전거,남,59세,기타불명,이륜,여,57세,중상
2021082000100506,2021년 8월 20일 19시,금요일,충청남도 당진시 채운동,경상사고,0,0,2,0,차대차 - 후진중충돌,안전운전불이행,건조,맑음,단일로 - 기타,화물,남,56세,상해없음,승용,남,55세,경상
2021082000100507,2021년 8월 20일 19시,금요일,충청남도 당진시 석문면,경상사고,0,0,1,0,차대차 - 측면충돌,중앙선침범,건조,맑음,단일로 - 기타,승용,여,51세,상해없음,승용,여,34세,경상
2021082000100508,2021년 8월 20일 19시,금요일,충청남도 천안시 동남구 신부동,경상사고,0,0,1,0,차대차 - 측면충돌,안전거리미확보,건조,맑음,기타 - 기타,승용,남,60세,상해없음,승용,남,30세,경상
2021082000100542,2021년 8월 20일 20시,금요일,충청남도 서산시 대산읍,경상사고,0,0,2,0,차대차 - 추돌,안전운전불이행,건조,맑음,교차로 - 교차로부근,승용,남,31세,상해없음,승용,남,57세,경상
2021082000100582,2021년 8월 20일 21시,금요일,충청남도 천안시 서북구 성성동,경상사고,0,0,2,0,차대차 - 기타,안전운전불이행,건조,맑음,기타 - 기타,승용,남,35세,상해없음,승용,남,27세,경상
2021082000100583,2021년 8월 20일 21시,금요일,충청남도 천안시 서북구 직산읍,경상사고,0,0,1,0,차대사람 - 기타,신호위반,젖음/습기,비,기타 - 기타,승용,남,47세,상해없음,보행자,여,26세,경상
2021082000100617,2021년 8월 20일 22시,금요일,충청남도 당진시 신평면,경상사고,0,0,3,0,차량단독 - 공작물충돌,안전운전불이행,건조,맑음,단일로 - 기타,승용,남,19세,상해없음,,,,
2021082000100618,2021년 8월 20일 22시,금요일,충청남도 청양군 대치면,중상사고,0,1,0,0,차대차 - 정면충돌,신호위반,젖음/습기,맑음,교차로 - 교차로안,화물,남,42세,상해없음,승용,여,24세,중상
2021082000100638,2021년 8월 20일 23시,금요일,충청남도 천안시 서북구 성정동,경상사고,0,0,1,0,차대차 - 기타,교차로운행방법위반,건조,맑음,교차로 - 교차로안,승용,남,61세,상해없음,화물,남,56세,경상
2021082000100639,2021년 8월 20일 23시,금요일,충청남도 당진시 대덕동,경상사고,0,0,1,0,차대차 - 후진중충돌,안전운전불이행,건조,맑음,단일로 - 기타,승용,여,32세,상해없음,승용,남,35세,경상
2021082100100016,2021년 8월 21일 02시,토요일,충청남도 보령시 신흑동,중상사고,0,1,3,0,차량단독 - 기타,안전운전불이행,건조,맑음,단일로 - 기타,승용,여,20세,경상,,,,
2021082100100078,2021년 8월 21일 09시,토요일,충청남도 천안시 동남구 목천읍,경상사고,0,0,4,0,차대차 - 측면충돌,안전운전불이행,젖음/습기,비,기타 - 기타,승용,남,68세,기타불명,승용,남,22세,경상
2021082100100213,2021년 8월 21일 13시,토요일,충청남도 보령시 신흑동,경상사고,0,0,1,0,차대차 - 기타,안전운전불이행,건조,맑음,교차로 - 교차로안,승용,여,26세,상해없음,승용,남,28세,경상
2021082100100258,2021년 8월 21일 14시,토요일,충청남도 서산시 석림동,경상사고,0,0,1,0,차대사람 - 횡단중,보행자보호의무위반,건조,맑음,교차로 - 교차로부근,승용,여,55세,상해없음,보행자,여,59세,경상
2021082100100283,2021년 8월 21일 15시,토요일,충청남도 공주시 신관동,중상사고,0,1,0,0,차대차 - 측면충돌,안전운전불이행,건조,흐림,교차로 - 교차로부근,승용,남,73세,상해없음,이륜,남,61세,중상
2021082100100284,2021년 8월 21일 15시,토요일,충청남도 청양군 비봉면,중상사고,0,1,2,0,차대차 - 정면충돌,안전운전불이행,건조,흐림,단일로 - 기타,승용,여,57세,경상,승용,남,83세,중상
2021082100100285,2021년 8월 21일 15시,토요일,충청남도 천안시 동남구 목천읍,경상사고,0,0,1,0,차대차 - 측면충돌,교차로운행방법위반,건조,맑음,교차로 - 교차로안,승용,남,59세,상해없음,승용,여,45세,경상
2021082100100350,2021년 8월 21일 17시,토요일,충청남도 천안시 서북구 불당동,경상사고,0,0,2,0,차대차 - 측면충돌,중앙선침범,건조,흐림,교차로 - 교차로부근,승합,남,30세,상해없음,승용,여,55세,경상
2021082100100401,2021년 8월 21일 19시,토요일,충청남도 천안시 서북구 성정동,경상사고,0,0,2,0,차대차 - 기타,안전운전불이행,건조,맑음,교차로 - 교차로부근,승용,남,53세,상해없음,승용,남,27세,경상
2021082100100402,2021년 8월 21일 19시,토요일,충청남도 보령시 죽정동,중상사고,0,1,0,0,차대차 - 기타,안전운전불이행,젖음/습기,비,교차로 - 교차로안,승용,남,36세,상해없음,이륜,남,47세,중상
2021082100100434,2021년 8월 21일 20시,토요일,충청남도 천안시 서북구 두정동,중상사고,0,1,0,0,차대사람 - 기타,안전운전불이행,건조,맑음,교차로 - 교차로안,승용,여,65세,상해없음,보행자,남,72세,중상
2021082100100462,2021년 8월 21일 21시,토요일,충청남도 태안군 안면읍,부상신고사고,0,0,0,2,차대차 - 측면충돌,중앙선침범,건조,맑음,교차로 - 교차로부근,승용,남,48세,부상신고,승용,남,58세,부상신고
2021082100100492,2021년 8월 21일 22시,토요일,충청남도 서산시 대산읍,경상사고,0,0,2,0,차대차 - 측면충돌,안전운전불이행,건조,맑음,기타 - 기타,승용,여,49세,상해없음,승용,여,38세,경상
2021082100100493,2021년 8월 21일 22시,토요일,충청남도 천안시 서북구 두정동,경상사고,0,0,1,0,차대사람 - 기타,안전운전불이행,건조,맑음,단일로 - 기타,승용,여,60세,기타불명,보행자,여,21세,경상
2021082100100494,2021년 8월 21일 22시,토요일,충청남도 천안시 서북구 불당동,경상사고,0,0,2,0,차대차 - 기타,안전운전불이행,건조,맑음,단일로 - 기타,승용,남,27세,상해없음,승용,여,21세,상해없음
2021082200100005,2021년 8월 22일 00시,일요일,충청남도 서산시 음암면,사망사고,1,0,2,0,차대차 - 정면충돌,중앙선침범,건조,맑음,교차로 - 교차로안,화물,남,73세,사망,승용,남,42세,경상
2021082200100008,2021년 8월 22일 01시,일요일,충청남도 서산시 석림동,중상사고,0,1,0,0,차대차 - 측면충돌,직진우회전진행방해,건조,맑음,교차로 - 교차로안,승용,남,18세,상해없음,이륜,남,38세,중상
2021082200100009,2021년 8월 22일 01시,일요일,충청남도 홍성군 홍북읍,중상사고,0,1,0,0,차대차 - 측면충돌,중앙선침범,건조,맑음,단일로 - 기타,승용,남,27세,상해없음,이륜,남,22세,중상
2021082200100016,2021년 8월 22일 02시,일요일,충청남도 천안시 동남구 목천읍,중상사고,0,1,1,0,차대차 - 추돌,안전거리미확보,건조,맑음,단일로 - 기타,승용,남,25세,상해없음,이륜,남,19세,중상
2021082200100060,2021년 8월 22일 09시,일요일,충청남도 아산시 인주면,경상사고,0,0,2,0,차대차 - 추돌,안전운전불이행,건조,맑음,교차로 - 교차로부근,승합,남,43세,상해없음,승용,남,46세,경상
2021082200100069,2021년 8월 22일 10시,일요일,충청남도 서산시 음암면,중상사고,0,1,0,0,차량단독 - 전도전복 - 전도,기타,건조,맑음,단일로 - 기타,건설기계,남,53세,중상,,,,
2021082200100146,2021년 8월 22일 13시,일요일,충청남도 부여군 구룡면,중상사고,0,1,0,0,차대차 - 정면충돌,중앙선침범,건조,맑음,단일로 - 기타,승용,여,43세,상해없음,화물,남,62세,중상
2021082200100239,2021년 8월 22일 16시,일요일,충청남도 당진시 면천면,경상사고,0,0,1,0,차대차 - 측면충돌,교차로운행방법위반,건조,흐림,교차로 - 교차로안,승용,여,25세,상해없음,화물,남,70세,경상
2021082200100315,2021년 8월 22일 19시,일요일,충청남도 천안시 서북구 두정동,경상사고,0,0,1,0,차대차 - 추돌,안전운전불이행,건조,맑음,단일로 - 기타,승용,여,60세,상해없음,승용,남,34세,경상
2021082200100316,2021년 8월 22일 19시,일요일,충청남도 아산시 탕정면,경상사고,0,0,1,0,차대차 - 기타,안전운전불이행,건조,맑음,단일로 - 기타,원동기,여,54세,상해없음,자전거,남,48세,경상
2021082200100317,2021년 8월 22일 19시,일요일,충청남도 천안시 동남구 목천읍,경상사고,0,0,1,0,차대차 - 측면충돌,신호위반,건조,맑음,교차로 - 교차로안,승용,남,51세,상해없음,승용,남,30세,경상
2021082200100348,2021년 8월 22일 21시,일요일,충청남도 천안시 동남구 신부동,경상사고,0,0,2,0,차대차 - 추돌,안전운전불이행,건조,맑음,단일로 - 기타,승용,남,51세,상해없음,승용,여,35세,경상
2021082200100365,2021년 8월 22일 22시,일요일,충청남도 청양군 화성면,중상사고,0,1,0,0,차량단독 - 도로외이탈 - 추락,안전운전불이행,건조,맑음,단일로 - 기타,승용,남,48세,중상,,,,
2021082200100373,2021년 8월 22일 23시,일요일,충청남도 천안시 서북구 성정동,경상사고,0,0,1,0,차대차 - 기타,중앙선침범,건조,맑음,단일로 - 기타,이륜,남,27세,상해없음,이륜,남,28세,경상
2021082200100374,2021년 8월 22일 23시,일요일,충청남도 천안시 서북구 두정동,경상사고,0,0,2,0,차대차 - 추돌,안전운전불이행,건조,맑음,교차로 - 교차로부근,승용,남,26세,상해없음,승용,남,40세,경상
2021082200100375,2021년 8월 22일 23시,일요일,충청남도 당진시 수청동,경상사고,0,0,1,0,차대차 - 추돌,안전운전불이행,건조,기타,교차로 - 교차로부근,승용,남,48세,상해없음,승용,남,25세,경상
2021082300100031,2021년 8월 23일 07시,월요일,충청남도 보령시 대천동,중상사고,0,1,0,0,차대사람 - 횡단중,보행자보호의무위반,젖음/습기,비,교차로 - 교차로횡단보도내,승용,여,69세,상해없음,보행자,남,91세,중상
2021082300100055,2021년 8월 23일 08시,월요일,충청남도 서천군 서면,경상사고,0,0,1,0,차대차 - 측면충돌,중앙선침범,젖음/습기,비,단일로 - 기타,화물,남,51세,상해없음,승용,남,40세,경상
2021082300100143,2021년 8월 23일 11시,월요일,충청남도 천안시 서북구 직산읍,경상사고,0,0,3,0,차대차 - 추돌,안전거리미확보,젖음/습기,비,단일로 - 기타,화물,남,57세,상해없음,화물,남,54세,경상
2021082300100144,2021년 8월 23일 11시,월요일,충청남도 당진시 채운동,경상사고,0,0,2,0,차대차 - 측면충돌,안전운전불이행,젖음/습기,비,교차로 - 교차로안,승용,여,20세,상해없음,승용,여,39세,경상
2021082300100145,2021년 8월 23일 11시,월요일,충청남도 천안시 동남구 봉명동,중상사고,0,1,0,0,차대차 - 측면충돌,기타,건조,맑음,교차로 - 교차로안,이륜,남,36세,중상,승용,여,53세,상해없음
2021082300100146,2021년 8월 23일 11시,월요일,충청남도 천안시 동남구 목천읍,경상사고,0,0,1,0,차대차 - 추돌,안전운전불이행,건조,맑음,교차로 - 교차로부근,승용,남,58세,상해없음,승용,여,55세,경상
2021082300100238,2021년 8월 23일 13시,월요일,충청남도 천안시 서북구 신당동,경상사고,0,0,1,0,차대차 - 기타,신호위반,건조,맑음,교차로 - 교차로안,승용,남,46세,상해없음,승용,남,35세,경상
2021082300100329,2021년 8월 23일 16시,월요일,충청남도 천안시 서북구 백석동,경상사고,0,0,1,0,차대차 - 기타,신호위반,건조,맑음,교차로 - 교차로안,화물,남,47세,상해없음,승용,여,40세,경상
2021082300100330,2021년 8월 23일 16시,월요일,충청남도 아산시 송악면,경상사고,0,0,2,0,차대차 - 기타,안전운전불이행,젖음/습기,비,단일로 - 기타,승용,여,59세,상해없음,승용,여,39세,경상
2021082300100374,2021년 8월 23일 17시,월요일,충청남도 아산시 권곡동,중상사고,0,1,0,0,차대사람 - 횡단중,보행자보호의무위반,젖음/습기,비,교차로 - 교차로안,승용,여,50세,상해없음,보행자,여,13세,중상
2021082300100375,2021년 8월 23일 17시,월요일,충청남도 아산시 염치읍,경상사고,0,0,1,0,차대차 - 추돌,안전운전불이행,젖음/습기,비,교차로 - 교차로부근,승용,남,44세,상해없음,승용,남,36세,경상
2021082300100413,2021년 8월 23일 18시,월요일,충청남도 천안시 서북구 업성동,경상사고,0,0,1,0,차대차 - 기타,신호위반,젖음/습기,비,교차로 - 교차로부근,승합,남,67세,상해없음,승용,남,51세,경상
2021082300100414,2021년 8월 23일 18시,월요일,충청남도 천안시 서북구 직산읍,경상사고,0,0,1,0,차대차 - 기타,차로위반,건조,맑음,단일로 - 기타,화물,남,23세,상해없음,승용,남,37세,경상
2021082300100415,2021년 8월 23일 18시,월요일,충청남도 당진시 송산면,경상사고,0,0,1,0,차대차 - 추돌,신호위반,젖음/습기,비,교차로 - 교차로안,승용,남,39세,상해없음,이륜,남,58세,경상
2021082300100456,2021년 8월 23일 19시,월요일,충청남도 천안시 서북구 직산읍,경상사고,0,0,1,0,차대차 - 기타,안전운전불이행,젖음/습기,비,단일로 - 기타,승용,여,34세,상해없음,승용,남,54세,경상
2021082300100457,2021년 8월 23일 19시,월요일,충청남도 공주시 신관동,경상사고,0,0,1,0,차대차 - 기타,안전운전불이행,젖음/습기,비,교차로 - 교차로부근,승용,남,55세,상해없음,승용,여,44세,경상
2021082300100503,2021년 8월 23일 20시,월요일,충청남도 천안시 서북구 쌍용동,경상사고,0,0,1,0,차대차 - 기타,안전운전불이행,젖음/습기,비,기타 - 기타,기타불명,기타불명,미분류,기타불명,이륜,남,39세,경상