사고번호,사고일시,요일,시군구,사고내용,사망자수,중상자수,경상자수,부상신고자수,사고유형,법규위반,노면상태,기상상태,도로형태,가해운전자 차종,가해운전자 성별,가해운전자 연령,가해운전자 상해정도,피해운전자 차종,피해운전자 성별,피해운전자 연령,피해운전자 상해정도
2021082900100053,2021년 8월 29일 10시,일요일,충청남도 천안시 서북구 성정동,경상사고,0,0,1,0,차대차 - 측면충돌,안전운전불이행,젖음/습기,흐림,교차로 - 교차로안,승용,여,29세,상해없음,승용,남,26세,경상
2021082900100096,2021년 8월 29일 12시,일요일,충청남도 천안시 서북구 성정동,경상사고,0,0,2,0,차대차 - 기타,신호위반,건조,맑음,교차로 - 교차로안,승용,남,36세,상해없음,승용,남,28세,경상
2021082900100097,2021년 8월 29일 12시,일요일,충청남도 보령시 동대동,경상사고,0,0,1,0,차대사람 - 기타,안전운전불이행,건조,맑음,교차로 - 교차로안,이륜,남,28세,상해없음,보행자,남,5세,경상
2021082900100163,2021년 8월 29일 14시,일요일,충청남도 당진시 순성면,중상사고,0,1,1,0,차대차 - 추돌,신호위반,건조,맑음,교차로 - 교차로안,승용,여,60세,상해없음,화물,남,64세,경상
2021082900100164,2021년 8월 29일 14시,일요일,충청남도 논산시 연무읍,경상사고,0,0,3,0,차대차 - 추돌,안전운전불이행,건조,맑음,단일로 - 기타,승용,남,27세,상해없음,승용,남,45세,경상
2021082900100197,2021년 8월 29일 15시,일요일,충청남도 서산시 동문동,중상사고,0,1,0,0,차량단독 - 공작물충돌,안전운전불이행,건조,맑음,단일로 - 기타,승용,남,66세,중상,,,,
2021082900100198,2021년 8월 29일 15시,일요일,충청남도 태안군 태안읍,경상사고,0,0,1,0,차대차 - 기타,차로위반,건조,맑음,기타 - 기타,승용,남,52세,상해없음,승용,남,56세,경상
2021082900100263,2021년 8월 29일 17시,일요일,충청남도 천안시 동남구 다가동,경상사고,0,0,1,0,차대사람 - 차도통행중,안전운전불이행,건조,맑음,교차로 - 교차로안,승합,남,70세,상해없음,보행자,여,61세,경상
2021082900100327,2021년 8월 29일 19시,일요일,충청남도 천안시 서북구 두정동,경상사고,0,0,1,0,차대차 - 기타,안전운전불이행,건조,맑음,교차로 - 교차로안,승용,남,36세,상해없음,이륜,남,27세,경상
2021082900100361,2021년 8월 29일 20시,일요일,충청남도 공주시 정안면,중상사고,0,1,0,0,차대차 - 추돌,안전운전불이행,건조,맑음,단일로 - 기타,승용,남,41세,상해없음,승용,남,55세,중상
2021082900100393,2021년 8월 29일 21시,일요일,충청남도 당진시 석문면,중상사고,0,1,0,0,차대사람 - 기타,안전운전불이행,건조,맑음,단일로 - 기타,자전거,남,46세,상해없음,보행자,여,75세,중상
2021083000100010,2021년 8월 30일 02시,월요일,충청남도 천안시 서북구 백석동,경상사고,0,0,1,0,차대차 - 기타,신호위반,건조,맑음,교차로 - 교차로안,승용,남,20세,상해없음,화물,여,44세,경상
2021083000100014,2021년 8월 30일 04시,월요일,충청남도 천안시 서북구 직산읍,경상사고,0,0,1,0,차대차 - 기타,안전운전불이행,건조,기타,교차로 - 교차로부근,화물,남,73세,상해없음,화물,남,29세,상해없음
2021083000100045,2021년 8월 30일 07시,월요일,충청남도 아산시 탕정면,경상사고,0,0,1,0,차대차 - 기타,안전운전불이행,건조,맑음,교차로 - 교차로안,승용,남,49세,상해없음,승용,남,29세,경상
2021083000100168,2021년 8월 30일 11시,월요일,충청남도 천안시 서북구 두정동,경상사고,0,0,2,0,차대차 - 측면충돌,교차로운행방법위반,건조,맑음,교차로 - 교차로안,승용,남,57세,기타불명,승용,남,30세,경상
2021083000100169,2021년 8월 30일 11시,월요일,충청남도 당진시 송산면,중상사고,0,1,0,0,차대차 - 정면충돌,신호위반,건조,맑음,교차로 - 교차로안,특수,남,27세,상해없음,이륜,남,64세,중상
2021083000100211,2021년 8월 30일 12시,월요일,충청남도 아산시 읍내동,중상사고,0,1,0,0,차대차 - 측면충돌,안전운전불이행,건조,맑음,교차로 - 교차로부근,승용,남,42세,상해없음,승용,여,73세,중상
2021083000100260,2021년 8월 30일 14시,월요일,충청남도 천안시 서북구 두정동,경상사고,0,0,2,0,차대차 - 측면충돌,안전운전불이행,건조,흐림,단일로 - 기타,승용,남,26세,상해없음,승용,남,57세,경상
2021083000100261,2021년 8월 30일 14시,월요일,충청남도 금산군 복수면,중상사고,0,1,0,0,차대차 - 측면충돌,중앙선침범,건조,맑음,단일로 - 기타,이륜,남,44세,중상,승용,남,70세,상해없음
2021083000100295,2021년 8월 30일 15시,월요일,충청남도 천안시 서북구 불당동,경상사고,0,0,1,0,차대차 - 후진중충돌,안전운전불이행,건조,맑음,단일로 - 기타,승용,여,48세,기타불명,승용,여,38세,경상
2021083000100333,2021년 8월 30일 16시,월요일,충청남도 아산시 풍기동,경상사고,0,0,1,0,차대차 - 기타,안전운전불이행,건조,맑음,단일로 - 기타,승용,남,71세,상해없음,승용,여,32세,경상
2021083000100334,2021년 8월 30일 16시,월요일,충청남도 청양군 청양읍,중상사고,0,1,0,0,차량단독 - 도로외이탈 - 추락,안전운전불이행,건조,맑음,교차로 - 교차로부근,이륜,남,61세,중상,,,,
2021083000100407,2021년 8월 30일 18시,월요일,충청남도 천안시 서북구 쌍용동,경상사고,0,0,4,0,차대차 - 측면충돌,신호위반,건조,맑음,교차로 - 교차로안,승합,남,55세,상해없음,승용,남,23세,경상
2021083000100408,2021년 8월 30일 18시,월요일,충청남도 아산시 영인면,경상사고,0,0,2,0,차대차 - 측면충돌,교차로운행방법위반,건조,흐림,교차로 - 교차로안,화물,남,47세,경상,승용,여,63세,경상
2021083000100458,2021년 8월 30일 19시,월요일,충청남도 보령시 오천면,중상사고,0,4,2,0,차대차 - 측면충돌,신호위반,건조,맑음,교차로 - 교차로안,승용,남,22세,중상,승용,여,57세,중상
2021083000100490,2021년 8월 30일 20시,월요일,충청남도 아산시 장존동,사망사고,1,1,0,0,차대차 - 기타,기타,건조,맑음,단일로 - 기타,승용,남,30세,사망,승용,남,44세,상해없음
2021083000100520,2021년 8월 30일 21시,월요일,충청남도 논산시 양촌면,중상사고,0,1,1,0,차대차 - 추돌,안전운전불이행,건조,맑음,교차로 - 교차로안,화물,남,58세,상해없음,승용,남,29세,중상
2021083000100521,2021년 8월 30일 21시,월요일,충청남도 예산군 삽교읍,경상사고,0,0,1,0,차대차 - 측면충돌,신호위반,건조,맑음,교차로 - 교차로안,이륜,남,20세,경상,승용,여,52세,상해없음
2021083000100522,2021년 8월 30일 21시,월요일,충청남도 천안시 동남구 성황동,경상사고,0,0,2,0,차대차 - 추돌,안전운전불이행,건조,맑음,단일로 - 기타,승용,남,41세,상해없음,승용,남,26세,경상
2021083100100048,2021년 8월 31일 07시,화요일,충청남도 천안시 서북구 성정동,경상사고,0,0,1,0,차대차 - 기타,교차로운행방법위반,건조,맑음,교차로 - 교차로안,승용,남,70세,상해없음,승합,남,34세,상해없음
2021083100100074,2021년 8월 31일 08시,화요일,충청남도 서산시 석남동,중상사고,0,1,0,0,차대차 - 측면충돌,교차로운행방법위반,건조,맑음,교차로 - 교차로안,승용,여,46세,상해없음,자전거,남,81세,중상
2021083100100116,2021년 8월 31일 09시,화요일,충청남도 아산시 배방읍,경상사고,0,0,4,0,차대차 - 측면충돌,신호위반,젖음/습기,비,교차로 - 교차로안,승용,남,80세,경상,승용,남,35세,경상
2021083100100149,2021년 8월 31일 10시,화요일,충청남도 보령시 대천동,중상사고,0,1,0,0,차대사람 - 기타,안전운전불이행,건조,맑음,단일로 - 기타,화물,남,69세,상해없음,보행자,여,77세,중상
2021083100100150,2021년 8월 31일 10시,화요일,충청남도 천안시 동남구 문화동,경상사고,0,0,1,0,차대차 - 측면충돌,직진우회전진행방해,건조,맑음,교차로 - 교차로안,승용,남,58세,상해없음,승용,남,50세,경상
2021083100100151,2021년 8월 31일 10시,화요일,충청남도 천안시 동남구 영성동,경상사고,0,0,1,0,차량단독 - 기타,안전운전불이행,건조,맑음,단일로 - 기타,승용,남,65세,상해없음,,,,
2021083100100216,2021년 8월 31일 12시,화요일,충청남도 계룡시 금암동,경상사고,0,0,3,0,차대차 - 정면충돌,중앙선침범,건조,맑음,단일로 - 기타,승용,남,85세,상해없음,승용,남,83세,경상
2021083100100255,2021년 8월 31일 13시,화요일,충청남도 아산시 배방읍,중상사고,0,1,1,0,차대차 - 측면충돌,신호위반,건조,맑음,교차로 - 교차로안,승용,여,52세,기타불명,승용,남,63세,경상
2021083100100288,2021년 8월 31일 14시,화요일,충청남도 천안시 서북구 두정동,중상사고,0,1,0,0,차대차 - 측면충돌,신호위반,건조,맑음,교차로 - 교차로안,이륜,남,16세,상해없음,승용,남,38세,상해없음
2021083100100289,2021년 8월 31일 14시,화요일,충청남도 천안시 서북구 입장면,부상신고사고,0,0,0,1,차대차 - 측면충돌,불법유턴,건조,맑음,단일로 - 기타,승용,남,75세,상해없음,승용,여,53세,부상신고
2021083100100290,2021년 8월 31일 14시,화요일,충청남도 태안군 근흥면,경상사고,0,0,1,0,차대사람 - 기타,안전운전불이행,건조,맑음,단일로 - 기타,승용,여,64세,기타불명,보행자,남,60세,경상
2021083100100337,2021년 8월 31일 15시,화요일,충청남도 서산시 운산면,중상사고,0,1,0,0,차대사람 - 횡단중,보행자보호의무위반,건조,흐림,교차로 - 교차로안,승용,남,73세,상해없음,보행자,남,79세,중상
2021083100100338,2021년 8월 31일 15시,화요일,충청남도 천안시 서북구 쌍용동,경상사고,0,0,1,0,차대차 - 측면충돌,신호위반,건조,맑음,교차로 - 교차로안,승용,여,61세,상해없음,이륜,남,34세,경상
2021083100100340,2021년 8월 31일 15시,화요일,충청남도 천안시 동남구 원성동,중상사고,0,1,1,0,차대차 - 측면충돌,직진우회전진행방해,건조,맑음,교차로 - 교차로안,승용,남,72세,경상,이륜,남,50세,중상
2021083100100389,2021년 8월 31일 16시,화요일,충청남도 공주시 금성동,경상사고,0,0,1,0,차대사람 - 횡단중,안전운전불이행,건조,맑음,교차로 - 교차로부근,승합,남,67세,상해없음,보행자,남,82세,경상
2021083100100417,2021년 8월 31일 17시,화요일,충청남도 당진시 송악읍,경상사고,0,0,4,0,차대차 - 측면충돌,안전거리미확보,젖음/습기,비,단일로 - 기타,화물,남,49세,상해없음,승용,남,41세,경상
2021083100100470,2021년 8월 31일 18시,화요일,충청남도 천안시 서북구 쌍용동,경상사고,0,0,1,0,차대차 - 기타,안전운전불이행,젖음/습기,비,단일로 - 기타,승용,여,54세,상해없음,승용,여,57세,경상
2021083100100513,2021년 8월 31일 19시,화요일,충청남도 천안시 서북구 직산읍,경상사고,0,0,1,0,차대차 - 기타,안전운전불이행,젖음/습기,비,기타 - 기타,승용,여,41세,상해없음,이륜,남,29세,경상
2021083100100567,2021년 8월 31일 20시,화요일,충청남도 천안시 서북구 쌍용동,경상사고,0,0,2,0,차대차 - 정면충돌,중앙선침범,젖음/습기,비,교차로 - 교차로안,승용,여,37세,상해없음,승용,남,29세,경상
2021083100100568,2021년 8월 31일 20시,화요일,충청남도 천안시 서북구 두정동,경상사고,0,0,2,0,차대차 - 측면충돌,신호위반,젖음/습기,비,기타 - 기타,이륜,남,31세,기타불명,승용,남,50세,경상
2021083100100569,2021년 8월 31일 20시,화요일,충청남도 아산시 인주면,경상사고,0,0,1,0,차대차 - 추돌,안전운전불이행,젖음/습기,비,교차로 - 교차로부근,화물,여,60세,상해없음,승용,남,29세,경상
2021083100100570,2021년 8월 31일 20시,화요일,충청남도 천안시 동남구 신부동,경상사고,0,0,1,0,차대차 - 측면충돌,안전운전불이행,젖음/습기,비,교차로 - 교차로안,승용,여,55세,상해없음,승용,남,40세,경상
2021083100100616,2021년 8월 31일 21시,화요일,충청남도 당진시 합덕읍,경상사고,0,0,1,0,차대차 - 추돌,안전운전불이행,젖음/습기,비,교차로 - 교차로부근,화물,남,54세,상해없음,승용,남,28세,경상
2021083100100617,2021년 8월 31일 21시,화요일,충청남도 천안시 동남구 원성동,경상사고,0,0,1,0,차대차 - 기타,교차로운행방법위반,젖음/습기,비,교차로 - 교차로안,승합,남,44세,상해없음,이륜,남,31세,경상
2021083100100648,2021년 8월 31일 22시,화요일,충청남도 천안시 서북구 성정동,중상사고,0,1,1,0,차대차 - 추돌,기타,젖음/습기,흐림,기타 - 기타,승용,남,33세,상해없음,승용,여,59세,중상
2021090100100073,2021년 9월 1일 08시,수요일,충청남도 천안시 서북구 성정동,경상사고,0,0,1,0,차대사람 - 기타,보행자보호의무위반,젖음/습기,비,기타 - 기타,화물,남,39세,상해없음,보행자,남,39세,경상
2021090100100074,2021년 9월 1일 08시,수요일,충청남도 천안시 서북구 차암동,경상사고,0,0,1,0,차대차 - 기타,안전거리미확보,젖음/습기,비,단일로 - 기타,승용,여,34세,상해없음,승용,여,28세,경상
2021090100100075,2021년 9월 1일 08시,수요일,충청남도 천안시 서북구 불당동,경상사고,0,0,1,0,차대차 - 측면충돌,안전거리미확보,젖음/습기,비,단일로 - 기타,승용,남,52세,상해없음,승용,남,47세,경상
2021090100100125,2021년 9월 1일 10시,수요일,충청남도 천안시 서북구 불당동,경상사고,0,0,2,0,차대차 - 기타,중앙선침범,젖음/습기,흐림,기타 - 기타,승용,여,31세,기타불명,승용,여,35세,경상
2021090100100126,2021년 9월 1일 10시,수요일,충청남도 공주시 신관동,경상사고,0,0,2,0,차대차 - 기타,신호위반,건조,맑음,교차로 - 교차로안,승용,여,58세,상해없음,승용,여,59세,경상
2021090100100127,2021년 9월 1일 10시,수요일,충청남도 예산군 오가면,경상사고,0,0,1,0,차대차 - 기타,안전운전불이행,건조,맑음,단일로 - 기타,승용,남,55세,상해없음,화물,남,60세,경상
2021090100100178,2021년 9월 1일 12시,수요일,충청남도 아산시 배방읍,중상사고,0,1,0,0,차대차 - 기타,안전운전불이행,건조,맑음,단일로 - 기타,승용,여,43세,상해없음,원동기,남,68세,중상
2021090100100179,2021년 9월 1일 12시,수요일,충청남도 천안시 동남구 신부동,경상사고,0,0,3,0,차대차 - 측면충돌,안전운전불이행,건조,흐림,교차로 - 교차로부근,승용,남,41세,상해없음,승합,남,57세,상해없음
2021090100100215,2021년 9월 1일 13시,수요일,충청남도 서천군 장항읍,경상사고,0,0,2,0,차대차 - 측면충돌,신호위반,건조,맑음,단일로 - 기타,특수,남,66세,상해없음,승용,남,60세,경상
2021090100100216,2021년 9월 1일 13시,수요일,충청남도 보령시 궁촌동,경상사고,0,0,1,0,차량단독 - 기타,안전운전불이행,젖음/습기,흐림,단일로 - 기타,이륜,남,47세,경상,,,,
2021090100100253,2021년 9월 1일 14시,수요일,충청남도 서산시 읍내동,경상사고,0,0,1,0,차대차 - 측면충돌,직진우회전진행방해,건조,맑음,교차로 - 교차로안,승용,남,77세,상해없음,승용,남,52세,경상
2021090100100254,2021년 9월 1일 14시,수요일,충청남도 아산시 인주면,경상사고,0,0,1,0,차대차 - 추돌,안전운전불이행,건조,맑음,교차로 - 교차로부근,화물,남,44세,상해없음,화물,남,38세,경상
2021090100100292,2021년 9월 1일 15시,수요일,충청남도 예산군 신양면,사망사고,1,0,0,0,차량단독 - 도로외이탈 - 추락,안전운전불이행,건조,맑음,단일로 - 기타,화물,남,58세,사망,,,,
2021090100100318,2021년 9월 1일 16시,수요일,충청남도 금산군 금산읍,중상사고,0,1,0,0,차대사람 - 횡단중,안전운전불이행,젖음/습기,비,단일로 - 기타,화물,남,70세,상해없음,보행자,남,64세,중상
2021090100100355,2021년 9월 1일 17시,수요일,충청남도 천안시 동남구 유량동,경상사고,0,0,1,0,차대차 - 측면충돌,교차로운행방법위반,건조,맑음,교차로 - 교차로안,승용,여,20세,상해없음,승용,여,58세,경상
2021090100100386,2021년 9월 1일 18시,수요일,충청남도 천안시 서북구 신당동,경상사고,0,0,1,0,차량단독 - 기타,안전운전불이행,건조,맑음,단일로 - 기타,승합,남,56세,상해없음,,,,
2021090100100387,2021년 9월 1일 18시,수요일,충청남도 홍성군 홍성읍,경상사고,0,0,2,0,차대차 - 측면충돌,안전운전불이행,건조,맑음,교차로 - 교차로안,승용,남,59세,상해없음,승용,여,25세,경상
2021090100100416,2021년 9월 1일 19시,수요일,충청남도 예산군 삽교읍,경상사고,0,0,1,0,차대차 - 정면충돌,안전운전불이행,건조,맑음,단일로 - 기타,기타불명,기타불명,미분류,기타불명,자전거,남,37세,경상
2021090100100417,2021년 9월 1일 19시,수요일,충청남도 당진시 송악읍,경상사고,0,0,1,0,차대차 - 측면충돌,안전운전불이행,건조,맑음,교차로 - 교차로부근,승용,남,21세,상해없음,승용,여,42세,경상
2021090100100525,2021년 9월 1일 22시,수요일,충청남도 당진시 채운동,경상사고,0,0,1,0,차대사람 - 길가장자리구역통행중,안전운전불이행,건조,맑음,단일로 - 기타,승용,여,39세,상해없음,보행자,남,47세,경상
2021090200100011,2021년 9월 2일 02시,목요일,충청남도 서산시 음암면,중상사고,0,1,0,0,차량단독 - 공작물충돌,안전운전불이행,건조,맑음,단일로 - 기타,승용,여,48세,중상,,,,
2021090200100046,2021년 9월 2일 07시,목요일,충청남도 공주시 우성면,사망사고,1,0,1,0,차대차 - 측면충돌,안전운전불이행,건조,맑음,교차로 - 교차로안,화물,남,73세,사망,특수,남,56세,경상
2021090200100047,2021년 9월 2일 07시,목요일,충청남도 천안시 동남구 신부동,중상사고,0,1,1,0,차대차 - 측면충돌,기타,건조,맑음,교차로 - 교차로안,승용,남,24세,중상,승용,여,31세,경상
2021090200100074,2021년 9월 2일 08시,목요일,충청남도 아산시 영인면,경상사고,0,0,1,0,차대사람 - 기타,안전운전불이행,건조,맑음,기타 - 기타,승용,남,53세,상해없음,보행자,여,61세,경상
2021090200100075,2021년 9월 2일 08시,목요일,충청남도 아산시 탕정면,경상사고,0,0,4,0,차대차 - 추돌,안전운전불이행,건조,맑음,기타 - 기타,화물,남,61세,상해없음,화물,남,40세,경상
2021090200100103,2021년 9월 2일 09시,목요일,충청남도 천안시 서북구 백석동,중상사고,0,1,0,0,차량단독 - 공작물충돌,안전운전불이행,건조,맑음,교차로 - 교차로부근,자전거,남,41세,중상,,,,
2021090200100138,2021년 9월 2일 10시,목요일,충청남도 아산시 둔포면,경상사고,0,0,1,0,차대차 - 기타,안전운전불이행,건조,맑음,기타 - 기타,화물,기타불명,미분류,기타불명,화물,남,31세,경상
2021090200100139,2021년 9월 2일 10시,목요일,충청남도 예산군 오가면,경상사고,0,0,1,0,차대차 - 측면충돌,교차로운행방법위반,건조,맑음,교차로 - 교차로안,건설기계,남,64세,상해없음,승용,여,47세,경상
2021090200100140,2021년 9월 2일 10시,목요일,충청남도 천안시 동남구 봉명동,경상사고,0,0,1,0,차대차 - 측면충돌,교차로운행방법위반,건조,맑음,교차로 - 교차로부근,승용,여,71세,상해없음,승용,남,46세,경상
2021090200100217,2021년 9월 2일 13시,목요일,충청남도 천안시 서북구 두정동,경상사고,0,0,1,0,차대차 - 기타,교차로운행방법위반,건조,맑음,교차로 - 교차로안,승용,남,40세,상해없음,이륜,남,49세,경상
2021090200100249,2021년 9월 2일 14시,목요일,충청남도 보령시 남포면,경상사고,0,0,1,0,차량단독 - 도로외이탈 - 추락,안전운전불이행,건조,맑음,단일로 - 기타,사륜오토바이(ATV),남,71세,경상,,,,
2021090200100282,2021년 9월 2일 15시,목요일,충청남도 천안시 동남구 다가동,경상사고,0,0,1,0,차대차 - 측면충돌,신호위반,건조,맑음,교차로 - 교차로안,승용,여,56세,상해없음,승용,남,62세,경상
2021090200100359,2021년 9월 2일 17시,목요일,충청남도 천안시 서북구 불당동,경상사고,0,0,1,0,차대차 - 기타,안전거리미확보,건조,맑음,단일로 - 기타,승용,여,42세,상해없음,승용,남,60세,경상
2021090200100360,2021년 9월 2일 17시,목요일,충청남도 아산시 둔포면,경상사고,0,0,1,0,차대차 - 기타,차로위반,건조,맑음,단일로 - 기타,승용,여,48세,기타불명,승용,여,25세,경상
2021090200100416,2021년 9월 2일 18시,목요일,충청남도 서산시 동문동,경상사고,0,0,1,0,차대차 - 측면충돌,직진우회전진행방해,건조,맑음,교차로 - 교차로안,승용,남,72세,상해없음,이륜,여,27세,경상
2021090200100417,2021년 9월 2일 18시,목요일,충청남도 당진시 송악읍,경상사고,0,0,1,0,차대차 - 후진중충돌,안전거리미확보,건조,맑음,교차로 - 교차로안,승용,남,45세,상해없음,승용,여,35세,경상
2021090200100458,2021년 9월 2일 19시,목요일,충청남도 천안시 서북구 불당동,경상사고,0,0,1,0,차대차 - 기타,안전운전불이행,건조,맑음,단일로 - 기타,원동기,남,39세,상해없음,자전거,남,35세,경상
2021090200100459,2021년 9월 2일 19시,목요일,충청남도 천안시 동남구 신부동,경상사고,0,0,1,0,차대차 - 기타,차로위반,건조,맑음,단일로 - 기타,승합,남,48세,상해없음,승용,남,20세,경상
2021090200100517,2021년 9월 2일 21시,목요일,충청남도 논산시 연무읍,경상사고,0,0,1,0,차대차 - 측면충돌,교차로운행방법위반,건조,맑음,교차로 - 교차로안,승용,남,50세,기타불명,승용,남,71세,경상
2021090200100518,2021년 9월 2일 21시,목요일,충청남도 당진시 합덕읍,경상사고,0,0,1,0,차대차 - 측면충돌,직진우회전진행방해,건조,맑음,교차로 - 교차로안,승용,남,43세,상해없음,승용,여,51세,경상
2021090300100038,2021년 9월 3일 06시,금요일,충청남도 논산시 대교동,경상사고,0,0,1,0,차대사람 - 차도통행중,안전운전불이행,건조,맑음,단일로 - 기타,승용,여,54세,상해없음,보행자,여,78세,경상
2021090300100054,2021년 9월 3일 07시,금요일,충청남도 천안시 서북구 두정동,중상사고,0,1,0,0,차대차 - 측면충돌,직진우회전진행방해,건조,맑음,교차로 - 교차로안,승용,여,23세,상해없음,승용,남,30세,중상
2021090300100055,2021년 9월 3일 07시,금요일,충청남도 예산군 예산읍,경상사고,0,0,1,0,차량단독 - 주/정차차량 충돌,안전운전불이행,건조,맑음,단일로 - 기타,화물,남,59세,경상,,,,
2021090300100116,2021년 9월 3일 09시,금요일,충청남도 천안시 동남구 목천읍,경상사고,0,0,2,0,차대차 - 추돌,안전운전불이행,건조,맑음,교차로 - 교차로부근,화물,남,32세,상해없음,화물,남,56세,경상
2021090300100140,2021년 9월 3일 10시,금요일,충청남도 천안시 동남구 원성동,경상사고,0,0,1,0,차대사람 - 기타,안전운전불이행,건조,맑음,교차로 - 교차로안,화물,남,29세,상해없음,보행자,남,72세,경상
2021090300100217,2021년 9월 3일 13시,금요일,충청남도 논산시 광석면,경상사고,0,0,1,0,차량단독 - 도로외이탈 - 추락,안전운전불이행,건조,맑음,교차로 - 교차로부근,이륜,남,69세,경상,,,,
2021090300100249,2021년 9월 3일 14시,금요일,충청남도 아산시 송악면,경상사고,0,0,1,0,차대사람 - 횡단중,신호위반,건조,맑음,기타 - 기타,승용,여,61세,상해없음,보행자,여,10세,경상
2021090300100250,2021년 9월 3일 14시,금요일,충청남도 보령시 동대동,경상사고,0,0,2,0,차대차 - 기타,안전운전불이행,건조,맑음,교차로 - 교차로안,승용,남,21세,상해없음,승용,남,18세,경상
2021090300100251,2021년 9월 3일 14시,금요일,충청남도 보령시 신흑동,중상사고,0,1,0,0,차대차 - 기타,중앙선침범,건조,맑음,단일로 - 기타,승용,남,67세,상해없음,화물,남,66세,중상
2021090300100252,2021년 9월 3일 14시,금요일,충청남도 천안시 동남구 청당동,경상사고,0,0,2,0,차대차 - 기타,안전운전불이행,건조,맑음,단일로 - 기타,승용,여,61세,상해없음,승용,남,32세,경상
2021090300100279,2021년 9월 3일 15시,금요일,충청남도 천안시 서북구 쌍용동,경상사고,0,0,1,0,차대차 - 측면충돌,신호위반,건조,맑음,교차로 - 교차로부근,승용,여,64세,상해없음,승용,남,56세,경상
2021090300100280,2021년 9월 3일 15시,금요일,충청남도 부여군 임천면,중상사고,0,1,0,0,차대차 - 기타,안전운전불이행,건조,맑음,단일로 - 기타,농기계,여,72세,중상,특수,남,47세,상해없음
2021090300100323,2021년 9월 3일 16시,금요일,충청남도 논산시 부창동,경상사고,0,0,2,0,차대차 - 측면충돌,중앙선침범,건조,맑음,교차로 - 교차로부근,화물,남,52세,경상,승용,남,59세,경상
2021090300100369,2021년 9월 3일 17시,금요일,충청남도 아산시 온천동,사망사고,1,0,0,0,차대사람 - 횡단중,안전운전불이행,건조,맑음,교차로 - 교차로안,화물,남,45세,상해없음,보행자,여,74세,사망
2021090300100370,2021년 9월 3일 17시,금요일,충청남도 아산시 음봉면,경상사고,0,0,1,0,차대차 - 추돌,안전운전불이행,건조,맑음,단일로 - 기타,승용,남,30세,상해없음,승용,여,38세,기타불명
2021090300100371,2021년 9월 3일 17시,금요일,충청남도 아산시 실옥동,경상사고,0,0,1,0,차대차 - 기타,안전운전불이행,건조,맑음,기타 - 기타,원동기,남,23세,경상,승용,여,49세,상해없음
2021090300100372,2021년 9월 3일 17시,금요일,충청남도 천안시 동남구 구룡동,경상사고,0,0,2,0,차대차 - 측면충돌,안전운전불이행,건조,맑음,교차로 - 교차로안,승용,남,52세,상해없음,승용,여,51세,경상
2021090300100425,2021년 9월 3일 18시,금요일,충청남도 예산군 예산읍,중상사고,0,1,0,0,차대사람 - 기타,안전운전불이행,건조,맑음,단일로 - 기타,승합,남,75세,상해없음,보행자,남,46세,중상
2021090300100426,2021년 9월 3일 18시,금요일,충청남도 당진시 송악읍,경상사고,0,0,1,0,차대차 - 기타,안전운전불이행,건조,맑음,단일로 - 기타,화물,남,43세,상해없음,화물,남,62세,경상
2021090300100474,2021년 9월 3일 19시,금요일,충청남도 서산시 읍내동,경상사고,0,0,2,0,차대차 - 추돌,안전운전불이행,건조,맑음,교차로 - 교차로부근,승용,여,39세,상해없음,승용,남,30세,경상
2021090300100475,2021년 9월 3일 19시,금요일,충청남도 아산시 배방읍,경상사고,0,0,3,0,차대차 - 추돌,안전운전불이행,건조,맑음,단일로 - 기타,승용,남,21세,상해없음,승용,남,47세,경상
2021090300100476,2021년 9월 3일 19시,금요일,충청남도 아산시 배방읍,경상사고,0,0,2,0,차대차 - 기타,안전운전불이행,건조,맑음,단일로 - 기타,승용,남,60세,상해없음,승용,남,25세,경상
2021090300100477,2021년 9월 3일 19시,금요일,충청남도 보령시 주포면,경상사고,0,0,3,0,차대차 - 기타,직진우회전진행방해,건조,맑음,단일로 - 기타,승용,남,69세,상해없음,승용,여,38세,경상
2021090300100478,2021년 9월 3일 19시,금요일,충청남도 부여군 부여읍,경상사고,0,0,1,0,차대차 - 정면충돌,신호위반,건조,맑음,교차로 - 교차로안,승합,남,55세,기타불명,승용,남,35세,경상
2021090300100554,2021년 9월 3일 21시,금요일,충청남도 아산시 배방읍,중상사고,0,1,0,0,차량단독 - 기타,안전운전불이행,건조,맑음,기타 - 기타,자전거,남,44세,중상,,,,
2021090300100587,2021년 9월 3일 22시,금요일,충청남도 천안시 서북구 두정동,경상사고,0,0,1,0,차대사람 - 기타,안전운전불이행,건조,맑음,단일로 - 기타,승용,남,20세,상해없음,보행자,여,25세,경상
2021090300100588,2021년 9월 3일 22시,금요일,충청남도 천안시 서북구 쌍용동,경상사고,0,0,3,0,차대차 - 측면충돌,신호위반,건조,맑음,교차로 - 교차로부근,이륜,남,21세,상해없음,승용,남,51세,경상
2021090300100589,2021년 9월 3일 22시,금요일,충청남도 아산시 온천동,중상사고,0,1,0,0,차대사람 - 길가장자리구역통행중,안전운전불이행,건조,맑음,단일로 - 기타,승용,여,59세,상해없음,보행자,여,25세,중상
2021090300100590,2021년 9월 3일 22시,금요일,충청남도 보령시 명천동,경상사고,0,0,2,0,차대차 - 기타,안전운전불이행,건조,맑음,교차로 - 교차로안,승용,여,63세,경상,승용,남,42세,경상