사고번호,사고일시,요일,시군구,사고내용,사망자수,중상자수,경상자수,부상신고자수,사고유형,법규위반,노면상태,기상상태,도로형태,가해운전자 차종,가해운전자 성별,가해운전자 연령,가해운전자 상해정도,피해운전자 차종,피해운전자 성별,피해운전자 연령,피해운전자 상해정도
2021090300100591,2021년 9월 3일 22시,금요일,충청남도 공주시 신관동,경상사고,0,0,1,0,차대사람 - 차도통행중,안전운전불이행,건조,맑음,단일로 - 기타,승용,여,22세,상해없음,보행자,여,24세,경상
2021090300100607,2021년 9월 3일 23시,금요일,충청남도 아산시 용화동,중상사고,0,1,0,0,차대사람 - 횡단중,보행자보호의무위반,건조,맑음,교차로 - 교차로횡단보도내,개인형이동수단(PM),남,18세,상해없음,보행자,여,66세,중상
2021090400100010,2021년 9월 4일 00시,토요일,충청남도 당진시 정미면,경상사고,0,0,1,0,차대차 - 기타,안전운전불이행,건조,맑음,단일로 - 기타,화물,남,58세,상해없음,특수,남,38세,경상
2021090400100018,2021년 9월 4일 01시,토요일,충청남도 천안시 서북구 백석동,경상사고,0,0,2,0,차대차 - 추돌,안전운전불이행,건조,맑음,단일로 - 기타,승용,남,43세,상해없음,승용,여,53세,경상
2021090400100065,2021년 9월 4일 08시,토요일,충청남도 아산시 배방읍,경상사고,0,0,1,1,차대차 - 기타,안전운전불이행,건조,맑음,단일로 - 기타,승용,남,24세,부상신고,승용,여,38세,경상
2021090400100082,2021년 9월 4일 09시,토요일,충청남도 서산시 음암면,경상사고,0,0,1,0,차대차 - 추돌,안전거리미확보,건조,맑음,단일로 - 기타,화물,남,71세,상해없음,화물,남,50세,경상
2021090400100116,2021년 9월 4일 10시,토요일,충청남도 천안시 동남구 병천면,중상사고,0,1,2,0,차대차 - 측면충돌,안전운전불이행,건조,맑음,교차로 - 교차로안,화물,남,68세,경상,이륜,남,40세,중상
2021090400100152,2021년 9월 4일 11시,토요일,충청남도 서산시 석림동,경상사고,0,0,2,0,차대차 - 측면충돌,직진우회전진행방해,건조,맑음,교차로 - 교차로안,승용,여,48세,상해없음,화물,남,76세,경상
2021090400100153,2021년 9월 4일 11시,토요일,충청남도 서산시 음암면,중상사고,0,1,0,0,차대차 - 측면충돌,교차로운행방법위반,건조,맑음,교차로 - 교차로안,승용,남,24세,상해없음,이륜,남,44세,중상
2021090400100190,2021년 9월 4일 12시,토요일,충청남도 아산시 음봉면,중상사고,0,1,0,0,차대차 - 정면충돌,안전운전불이행,건조,맑음,교차로 - 교차로안,승용,여,42세,상해없음,자전거,남,61세,중상
2021090400100191,2021년 9월 4일 12시,토요일,충청남도 아산시 온천동,경상사고,0,0,1,0,차대차 - 기타,교차로운행방법위반,건조,맑음,교차로 - 교차로안,승용,남,50세,기타불명,이륜,남,29세,경상
2021090400100192,2021년 9월 4일 12시,토요일,충청남도 천안시 동남구 목천읍,경상사고,0,0,2,0,차대차 - 측면충돌,안전거리미확보,건조,맑음,단일로 - 기타,승용,남,39세,상해없음,승용,남,26세,경상
2021090400100259,2021년 9월 4일 14시,토요일,충청남도 천안시 서북구 직산읍,경상사고,0,0,2,0,차대차 - 기타,안전운전불이행,건조,맑음,기타 - 기타,승용,여,40세,상해없음,승용,남,59세,경상
2021090400100260,2021년 9월 4일 14시,토요일,충청남도 천안시 서북구 성정동,경상사고,0,0,2,0,차대차 - 기타,안전운전불이행,건조,맑음,교차로 - 교차로부근,승용,남,25세,상해없음,승용,남,30세,경상
2021090400100261,2021년 9월 4일 14시,토요일,충청남도 논산시 연무읍,중상사고,0,1,2,0,차대차 - 측면충돌,교차로운행방법위반,건조,맑음,교차로 - 교차로안,이륜,남,24세,경상,화물,남,64세,경상
2021090400100262,2021년 9월 4일 14시,토요일,충청남도 아산시 권곡동,중상사고,0,1,0,0,차대차 - 기타,신호위반,건조,맑음,교차로 - 교차로안,승용,남,35세,상해없음,자전거,남,45세,중상
2021090400100263,2021년 9월 4일 14시,토요일,충청남도 천안시 동남구 봉명동,경상사고,0,0,1,0,차대차 - 후진중충돌,중앙선침범,건조,맑음,단일로 - 기타,승용,남,50세,상해없음,승용,남,62세,경상
2021090400100264,2021년 9월 4일 14시,토요일,충청남도 태안군 안면읍,경상사고,0,0,6,0,차대차 - 측면충돌,교차로운행방법위반,건조,맑음,교차로 - 교차로안,승용,남,40세,경상,승용,여,52세,경상
2021090400100293,2021년 9월 4일 15시,토요일,충청남도 서천군 비인면,경상사고,0,0,2,0,차대차 - 측면충돌,신호위반,건조,맑음,교차로 - 교차로안,승용,여,67세,상해없음,화물,남,56세,경상
2021090400100294,2021년 9월 4일 15시,토요일,충청남도 천안시 동남구 오룡동,경상사고,0,0,1,0,차대차 - 기타,중앙선침범,건조,맑음,교차로 - 교차로부근,승용,여,58세,상해없음,승용,여,56세,경상
2021090400100321,2021년 9월 4일 16시,토요일,충청남도 천안시 서북구 성정동,경상사고,0,0,1,0,차대사람 - 기타,안전운전불이행,건조,맑음,교차로 - 교차로부근,승용,남,47세,상해없음,보행자,남,20세,경상
2021090400100348,2021년 9월 4일 17시,토요일,충청남도 홍성군 홍성읍,중상사고,0,1,0,0,차대차 - 측면충돌,중앙선침범,건조,맑음,단일로 - 기타,승용,여,66세,상해없음,이륜,남,58세,중상
2021090400100349,2021년 9월 4일 17시,토요일,충청남도 보령시 웅천읍,경상사고,0,0,2,0,차대차 - 기타,안전운전불이행,건조,맑음,교차로 - 교차로안,승용,남,67세,상해없음,승용,여,51세,경상
2021090400100384,2021년 9월 4일 18시,토요일,충청남도 부여군 부여읍,중상사고,0,1,0,0,차대사람 - 기타,안전운전불이행,건조,맑음,주차장 - 주차장,화물,남,20세,상해없음,보행자,여,59세,중상
2021090400100385,2021년 9월 4일 18시,토요일,충청남도 천안시 동남구 신부동,경상사고,0,0,1,0,차대차 - 측면충돌,신호위반,건조,맑음,단일로 - 기타,승용,남,63세,상해없음,원동기,남,25세,경상
2021090400100412,2021년 9월 4일 19시,토요일,충청남도 서산시 석림동,중상사고,0,1,1,0,차대차 - 측면충돌,신호위반,건조,맑음,교차로 - 교차로안,이륜,남,19세,중상,승용,남,43세,경상
2021090400100413,2021년 9월 4일 19시,토요일,충청남도 논산시 연무읍,경상사고,0,0,2,0,차대차 - 기타,안전운전불이행,건조,맑음,단일로 - 기타,승용,남,26세,상해없음,화물,남,61세,경상
2021090400100446,2021년 9월 4일 20시,토요일,충청남도 홍성군 홍성읍,경상사고,0,0,1,0,차대차 - 측면충돌,신호위반,건조,맑음,교차로 - 교차로안,승용,남,23세,상해없음,이륜,남,34세,경상
2021090400100447,2021년 9월 4일 20시,토요일,충청남도 아산시 온천동,경상사고,0,0,2,0,차대차 - 측면충돌,안전운전불이행,건조,맑음,교차로 - 교차로안,승용,남,31세,상해없음,승용,남,21세,경상
2021090400100467,2021년 9월 4일 21시,토요일,충청남도 천안시 서북구 성성동,경상사고,0,0,1,0,차대차 - 기타,신호위반,건조,맑음,기타 - 기타,이륜,남,35세,상해없음,승용,남,23세,경상
2021090400100495,2021년 9월 4일 22시,토요일,충청남도 논산시 취암동,경상사고,0,0,1,0,차대차 - 측면충돌,교차로운행방법위반,건조,맑음,교차로 - 교차로부근,승용,남,60세,경상,이륜,남,39세,상해없음
2021090500100035,2021년 9월 5일 08시,일요일,충청남도 천안시 동남구 삼룡동,중상사고,0,2,0,0,차대사람 - 기타,기타,건조,맑음,단일로 - 기타,승용,여,49세,상해없음,보행자,여,28세,중상
2021090500100058,2021년 9월 5일 10시,일요일,충청남도 예산군 예산읍,부상신고사고,0,0,0,1,차대사람 - 횡단중,안전운전불이행,건조,맑음,단일로 - 기타,화물,남,72세,상해없음,보행자,남,7세,부상신고
2021090500100080,2021년 9월 5일 11시,일요일,충청남도 천안시 서북구 성거읍,경상사고,0,0,1,0,차대사람 - 차도통행중,안전운전불이행,건조,맑음,단일로 - 기타,승용,남,39세,상해없음,보행자,남,8세,경상
2021090500100081,2021년 9월 5일 11시,일요일,충청남도 청양군 비봉면,중상사고,0,1,0,0,차대차 - 측면충돌,안전운전불이행,건조,맑음,교차로 - 교차로안,승용,남,65세,상해없음,승용,남,59세,중상
2021090500100082,2021년 9월 5일 11시,일요일,충청남도 천안시 동남구 광덕면,중상사고,0,1,0,0,차대차 - 추돌,기타,건조,맑음,교차로 - 교차로안,승용,남,76세,상해없음,농기계,남,76세,중상
2021090500100083,2021년 9월 5일 11시,일요일,충청남도 천안시 동남구 신부동,경상사고,0,0,1,0,차대차 - 후진중충돌,안전운전불이행,건조,맑음,단일로 - 기타,승용,여,64세,상해없음,승용,여,23세,경상
2021090500100134,2021년 9월 5일 13시,일요일,충청남도 홍성군 금마면,경상사고,0,0,1,0,차대차 - 측면충돌,안전운전불이행,젖음/습기,비,단일로 - 기타,농기계,남,67세,상해없음,승용,남,43세,경상
2021090500100166,2021년 9월 5일 14시,일요일,충청남도 논산시 성동면,경상사고,0,0,1,0,차대차 - 측면충돌,안전운전불이행,건조,흐림,기타 - 기타,승용,남,52세,상해없음,승용,여,31세,경상
2021090500100198,2021년 9월 5일 15시,일요일,충청남도 논산시 광석면,중상사고,0,1,1,0,차대차 - 측면충돌,안전거리미확보,건조,흐림,단일로 - 기타,승용,남,54세,경상,승용,남,83세,중상
2021090500100199,2021년 9월 5일 15시,일요일,충청남도 천안시 동남구 목천읍,경상사고,0,0,1,0,차대차 - 추돌,안전운전불이행,건조,맑음,기타 - 기타,승용,남,21세,상해없음,승용,남,39세,경상
2021090500100240,2021년 9월 5일 16시,일요일,충청남도 논산시 가야곡면,경상사고,0,0,2,0,차대차 - 후진중충돌,안전운전불이행,건조,흐림,단일로 - 기타,승용,남,48세,상해없음,승용,여,58세,경상
2021090500100241,2021년 9월 5일 16시,일요일,충청남도 아산시 온천동,경상사고,0,0,1,0,차대사람 - 보도통행중,안전운전불이행,건조,맑음,단일로 - 기타,이륜,남,20세,상해없음,보행자,남,25세,경상
2021090500100242,2021년 9월 5일 16시,일요일,충청남도 천안시 동남구 성황동,경상사고,0,0,2,0,차대차 - 측면충돌,교차로운행방법위반,건조,맑음,교차로 - 교차로안,승용,여,38세,경상,이륜,남,27세,경상
2021090500100261,2021년 9월 5일 17시,일요일,충청남도 서산시 동문동,경상사고,0,0,2,0,차대차 - 추돌,안전운전불이행,젖음/습기,비,교차로 - 교차로부근,승용,여,33세,상해없음,승용,여,23세,경상
2021090500100262,2021년 9월 5일 17시,일요일,충청남도 천안시 서북구 두정동,경상사고,0,0,1,0,차대차 - 측면충돌,안전운전불이행,건조,맑음,교차로 - 교차로안,이륜,남,51세,상해없음,이륜,남,54세,경상
2021090500100290,2021년 9월 5일 18시,일요일,충청남도 천안시 동남구 영성동,경상사고,0,0,1,0,차대차 - 측면충돌,안전운전불이행,건조,맑음,교차로 - 교차로부근,승용,여,62세,경상,승합,남,55세,상해없음
2021090500100314,2021년 9월 5일 19시,일요일,충청남도 천안시 서북구 불당동,경상사고,0,0,2,0,차대차 - 측면충돌,안전거리미확보,젖음/습기,비,단일로 - 기타,승용,여,52세,상해없음,승용,여,45세,경상
2021090500100390,2021년 9월 5일 21시,일요일,충청남도 태안군 태안읍,경상사고,0,0,1,0,차대사람 - 기타,안전운전불이행,건조,흐림,단일로 - 기타,승용,남,20세,상해없음,보행자,여,17세,경상
2021090500100405,2021년 9월 5일 22시,일요일,충청남도 천안시 서북구 쌍용동,경상사고,0,0,1,0,차대사람 - 횡단중,보행자보호의무위반,젖음/습기,비,교차로 - 교차로횡단보도내,승용,여,37세,상해없음,보행자,남,27세,경상
2021090500100406,2021년 9월 5일 22시,일요일,충청남도 천안시 서북구 성정동,경상사고,0,0,1,0,차대차 - 측면충돌,안전거리미확보,젖음/습기,비,단일로 - 기타,승용,남,41세,상해없음,승용,남,30세,경상
2021090500100407,2021년 9월 5일 22시,일요일,충청남도 천안시 서북구 성거읍,경상사고,0,0,1,0,차대차 - 추돌,안전운전불이행,젖음/습기,비,교차로 - 교차로부근,승용,남,24세,상해없음,승용,여,56세,경상
2021090600100038,2021년 9월 6일 06시,월요일,충청남도 천안시 서북구 쌍용동,경상사고,0,0,1,0,차대차 - 추돌,안전거리미확보,건조,맑음,교차로 - 교차로안,승용,남,54세,상해없음,승용,남,33세,경상
2021090600100055,2021년 9월 6일 07시,월요일,충청남도 아산시 도고면,중상사고,0,1,0,0,차대차 - 측면충돌,안전운전불이행,건조,맑음,단일로 - 기타,승용,남,70세,상해없음,이륜,남,21세,중상
2021090600100099,2021년 9월 6일 08시,월요일,충청남도 천안시 서북구 입장면,경상사고,0,0,1,0,차대차 - 정면충돌,신호위반,건조,맑음,교차로 - 교차로안,승용,남,47세,상해없음,승용,남,29세,경상
2021090600100138,2021년 9월 6일 09시,월요일,충청남도 서천군 화양면,중상사고,0,1,0,0,차대차 - 기타,직진우회전진행방해,건조,맑음,교차로 - 교차로안,화물,남,64세,상해없음,화물,남,44세,중상
2021090600100215,2021년 9월 6일 11시,월요일,충청남도 당진시 우강면,경상사고,0,0,1,0,차대차 - 기타,안전운전불이행,젖음/습기,흐림,교차로 - 교차로부근,이륜,여,70세,경상,승용,여,35세,상해없음
2021090600100216,2021년 9월 6일 11시,월요일,충청남도 태안군 태안읍,중상사고,0,1,0,0,차대사람 - 기타,안전운전불이행,건조,맑음,교차로 - 교차로안,승용,여,60세,상해없음,보행자,여,75세,중상
2021090600100251,2021년 9월 6일 12시,월요일,충청남도 천안시 동남구 문화동,중상사고,0,1,0,0,차대차 - 측면충돌,안전운전불이행,건조,맑음,단일로 - 기타,이륜,남,24세,상해없음,이륜,남,41세,중상
2021090600100282,2021년 9월 6일 13시,월요일,충청남도 공주시 중동,경상사고,0,0,1,0,차대사람 - 차도통행중,중앙선침범,젖음/습기,비,단일로 - 기타,이륜,남,46세,상해없음,보행자,남,21세,경상
2021090600100318,2021년 9월 6일 14시,월요일,충청남도 천안시 서북구 두정동,경상사고,0,0,1,0,차대차 - 기타,안전거리미확보,젖음/습기,비,단일로 - 기타,승용,여,53세,상해없음,이륜,남,48세,경상
2021090600100319,2021년 9월 6일 14시,월요일,충청남도 천안시 서북구 두정동,중상사고,0,1,1,0,차대차 - 정면충돌,신호위반,건조,맑음,교차로 - 교차로안,특수,남,39세,상해없음,승용,남,47세,중상
2021090600100380,2021년 9월 6일 16시,월요일,충청남도 보령시 주교면,중상사고,0,1,1,0,차대차 - 추돌,안전운전불이행,젖음/습기,비,교차로 - 교차로부근,화물,남,60세,상해없음,승용,남,38세,중상
2021090600100462,2021년 9월 6일 18시,월요일,충청남도 아산시 권곡동,경상사고,0,0,1,0,차대차 - 측면충돌,신호위반,젖음/습기,비,교차로 - 교차로안,승용,남,59세,상해없음,승용,여,23세,경상
2021090600100528,2021년 9월 6일 19시,월요일,충청남도 천안시 서북구 두정동,경상사고,0,0,4,0,차대차 - 추돌,안전운전불이행,젖음/습기,비,교차로 - 교차로부근,승용,남,60세,상해없음,승용,여,40세,경상
2021090600100578,2021년 9월 6일 20시,월요일,충청남도 논산시 벌곡면,중상사고,0,1,1,0,차대차 - 추돌,안전거리미확보,젖음/습기,비,단일로 - 기타,화물,남,56세,상해없음,승용,여,66세,중상
2021090600100616,2021년 9월 6일 21시,월요일,충청남도 천안시 서북구 쌍용동,경상사고,0,0,1,0,차대차 - 기타,안전운전불이행,젖음/습기,비,교차로 - 교차로부근,승용,남,50세,상해없음,승용,남,58세,경상
2021090600100617,2021년 9월 6일 21시,월요일,충청남도 천안시 동남구 원성동,경상사고,0,0,1,0,차대차 - 추돌,안전거리미확보,젖음/습기,비,단일로 - 기타,이륜,남,51세,상해없음,승용,남,37세,경상
2021090600100671,2021년 9월 6일 23시,월요일,충청남도 천안시 동남구 봉명동,중상사고,0,1,0,0,차대사람 - 기타,안전운전불이행,젖음/습기,비,교차로 - 교차로안,승합,남,59세,상해없음,보행자,남,58세,중상
2021090700100023,2021년 9월 7일 04시,화요일,충청남도 공주시 사곡면,경상사고,0,0,1,0,차대차 - 측면충돌,기타,젖음/습기,비,교차로 - 교차로안,승용,여,51세,상해없음,사륜오토바이(ATV),남,79세,경상
2021090700100032,2021년 9월 7일 05시,화요일,충청남도 천안시 서북구 성정동,경상사고,0,0,1,0,차대차 - 측면충돌,교차로운행방법위반,건조,맑음,교차로 - 교차로안,승용,여,30세,상해없음,승용,남,52세,경상
2021090700100033,2021년 9월 7일 05시,화요일,충청남도 당진시 송악읍,경상사고,0,0,1,0,차대차 - 추돌,안전운전불이행,젖음/습기,비,단일로 - 기타,화물,남,54세,상해없음,화물,남,59세,경상
2021090700100059,2021년 9월 7일 07시,화요일,충청남도 천안시 서북구 직산읍,중상사고,0,1,2,0,차대차 - 기타,중앙선침범,젖음/습기,흐림,단일로 - 기타,승용,남,60세,상해없음,승용,남,49세,경상
2021090700100060,2021년 9월 7일 07시,화요일,충청남도 서천군 장항읍,경상사고,0,0,1,0,차대차 - 기타,직진우회전진행방해,건조,맑음,교차로 - 교차로안,승용,남,60세,상해없음,승용,여,68세,경상
2021090700100085,2021년 9월 7일 08시,화요일,충청남도 서산시 성연면,경상사고,0,0,1,0,차대차 - 추돌,안전운전불이행,젖음/습기,비,교차로 - 교차로부근,이륜,남,67세,상해없음,승용,남,41세,경상
2021090700100086,2021년 9월 7일 08시,화요일,충청남도 청양군 청남면,중상사고,0,1,0,0,차대사람 - 기타,안전운전불이행,젖음/습기,흐림,교차로 - 교차로부근,화물,남,56세,상해없음,보행자,여,80세,중상
2021090700100198,2021년 9월 7일 11시,화요일,충청남도 천안시 서북구 두정동,경상사고,0,0,1,0,차대차 - 기타,교차로운행방법위반,건조,맑음,교차로 - 교차로안,승용,여,32세,상해없음,이륜,남,40세,경상
2021090700100288,2021년 9월 7일 14시,화요일,충청남도 천안시 서북구 불당동,부상신고사고,0,0,0,1,차대차 - 기타,안전거리미확보,젖음/습기,맑음,단일로 - 기타,승용,여,69세,부상신고,승용,남,66세,상해없음
2021090700100323,2021년 9월 7일 15시,화요일,충청남도 천안시 서북구 불당동,경상사고,0,0,1,0,차대사람 - 기타,보행자보호의무위반,건조,맑음,교차로 - 교차로횡단보도내,승용,여,24세,기타불명,보행자,남,15세,경상
2021090700100355,2021년 9월 7일 16시,화요일,충청남도 서산시 대산읍,중상사고,0,1,0,0,차대차 - 정면충돌,교차로운행방법위반,건조,맑음,교차로 - 교차로안,승용,남,28세,상해없음,이륜,남,63세,중상
2021090700100356,2021년 9월 7일 16시,화요일,충청남도 공주시 유구읍,경상사고,0,0,1,0,차대차 - 측면충돌,안전운전불이행,건조,맑음,단일로 - 기타,화물,남,53세,기타불명,승용,여,64세,경상
2021090700100357,2021년 9월 7일 16시,화요일,충청남도 청양군 청양읍,경상사고,0,0,1,0,차대사람 - 기타,안전운전불이행,건조,맑음,기타 - 기타,화물,남,61세,상해없음,보행자,남,51세,경상
2021090700100383,2021년 9월 7일 17시,화요일,충청남도 서산시 해미면,경상사고,0,0,1,0,차대차 - 추돌,안전운전불이행,건조,맑음,교차로 - 교차로안,이륜,남,45세,상해없음,승용,남,63세,경상
2021090700100384,2021년 9월 7일 17시,화요일,충청남도 당진시 읍내동,부상신고사고,0,0,0,1,차대사람 - 길가장자리구역통행중,안전운전불이행,건조,맑음,교차로 - 교차로안,승용,남,78세,상해없음,보행자,남,57세,부상신고
2021090700100422,2021년 9월 7일 18시,화요일,충청남도 천안시 서북구 불당동,경상사고,0,0,1,0,차대차 - 추돌,안전운전불이행,건조,맑음,단일로 - 기타,승용,여,66세,상해없음,승용,여,40세,경상
2021090700100423,2021년 9월 7일 18시,화요일,충청남도 천안시 동남구 청당동,중상사고,0,1,0,0,차대차 - 기타,안전운전불이행,젖음/습기,비,교차로 - 교차로안,승용,여,56세,상해없음,이륜,남,41세,중상
2021090700100461,2021년 9월 7일 19시,화요일,충청남도 서산시 지곡면,중상사고,0,1,0,0,차대차 - 측면충돌,신호위반,젖음/습기,비,교차로 - 교차로안,화물,남,63세,상해없음,승용,여,48세,중상
2021090700100462,2021년 9월 7일 19시,화요일,충청남도 당진시 송악읍,사망사고,1,0,0,0,차량단독 - 도로외이탈 - 추락,안전운전불이행,젖음/습기,비,단일로 - 기타,이륜,여,64세,사망,,,,
2021090700100504,2021년 9월 7일 20시,화요일,충청남도 천안시 서북구 백석동,경상사고,0,0,1,0,차대차 - 기타,안전운전불이행,건조,맑음,기타 - 기타,이륜,남,51세,경상,승용,남,32세,상해없음
2021090700100537,2021년 9월 7일 21시,화요일,충청남도 예산군 덕산면,경상사고,0,0,1,0,차량단독 - 공작물충돌,안전운전불이행,젖음/습기,비,단일로 - 기타,승용,남,48세,경상,,,,
2021090700100574,2021년 9월 7일 22시,화요일,충청남도 당진시 석문면,경상사고,0,0,1,0,차대차 - 측면충돌,신호위반,건조,맑음,교차로 - 교차로안,승용,여,30세,상해없음,승용,남,37세,경상
2021090800100005,2021년 9월 8일 00시,수요일,충청남도 천안시 서북구 쌍용동,경상사고,0,0,1,0,차대차 - 기타,안전운전불이행,젖음/습기,비,기타 - 기타,승용,남,36세,상해없음,승용,남,62세,경상
2021090800100098,2021년 9월 8일 08시,수요일,충청남도 천안시 서북구 불당동,경상사고,0,0,1,0,차대차 - 기타,신호위반,건조,맑음,교차로 - 교차로횡단보도내,승용,여,39세,상해없음,자전거,남,41세,경상
2021090800100099,2021년 9월 8일 08시,수요일,충청남도 보령시 명천동,경상사고,0,0,1,0,차대차 - 추돌,안전운전불이행,기타,맑음,단일로 - 기타,화물,남,54세,상해없음,승용,여,59세,경상
2021090800100100,2021년 9월 8일 08시,수요일,충청남도 공주시 봉황동,중상사고,0,1,0,0,차대차 - 측면충돌,신호위반,건조,맑음,교차로 - 교차로안,승용,여,48세,상해없음,이륜,남,82세,중상
2021090800100101,2021년 9월 8일 08시,수요일,충청남도 당진시 수청동,경상사고,0,0,1,0,차대차 - 기타,교차로운행방법위반,건조,맑음,교차로 - 교차로안,화물,남,64세,상해없음,승용,남,45세,경상
2021090800100102,2021년 9월 8일 08시,수요일,충청남도 태안군 태안읍,경상사고,0,0,1,0,차대차 - 추돌,직진우회전진행방해,건조,맑음,교차로 - 교차로안,화물,남,52세,상해없음,승용,남,51세,경상
2021090800100176,2021년 9월 8일 10시,수요일,충청남도 홍성군 홍북읍,경상사고,0,0,2,0,차대차 - 추돌,안전운전불이행,건조,맑음,교차로 - 교차로부근,승용,남,54세,상해없음,승용,남,53세,경상
2021090800100210,2021년 9월 8일 11시,수요일,충청남도 홍성군 홍북읍,경상사고,0,0,1,0,차대차 - 기타,안전운전불이행,건조,맑음,교차로 - 교차로안,승용,여,52세,상해없음,승용,여,31세,경상
2021090800100211,2021년 9월 8일 11시,수요일,충청남도 천안시 동남구 원성동,경상사고,0,0,1,1,차대차 - 기타,안전운전불이행,건조,맑음,교차로 - 교차로안,승용,남,73세,경상,화물,남,86세,부상신고
2021090800100245,2021년 9월 8일 12시,수요일,충청남도 태안군 원북면,경상사고,0,0,2,0,차대차 - 기타,중앙선침범,건조,맑음,기타 - 기타,승용,남,59세,상해없음,승용,남,45세,경상
2021090800100280,2021년 9월 8일 13시,수요일,충청남도 서천군 마서면,중상사고,0,4,1,0,차대차 - 측면충돌,신호위반,건조,맑음,교차로 - 교차로안,승용,남,64세,상해없음,화물,남,42세,중상
2021090800100321,2021년 9월 8일 14시,수요일,충청남도 당진시 수청동,경상사고,0,0,2,1,차대차 - 추돌,안전거리미확보,건조,맑음,단일로 - 기타,화물,남,49세,상해없음,승용,여,47세,경상
2021090800100359,2021년 9월 8일 15시,수요일,충청남도 계룡시 금암동,경상사고,0,0,1,0,차대차 - 측면충돌,신호위반,건조,맑음,교차로 - 교차로부근,승합,남,60세,상해없음,승용,여,58세,경상
2021090800100360,2021년 9월 8일 15시,수요일,충청남도 공주시 유구읍,경상사고,0,0,1,0,차대차 - 추돌,안전운전불이행,건조,맑음,단일로 - 기타,특수,남,60세,상해없음,화물,남,55세,경상
2021090800100408,2021년 9월 8일 16시,수요일,충청남도 공주시 우성면,경상사고,0,0,1,0,차대차 - 기타,안전운전불이행,건조,맑음,교차로 - 교차로안,화물,남,26세,상해없음,승용,남,81세,경상
2021090800100409,2021년 9월 8일 16시,수요일,충청남도 당진시 송산면,중상사고,0,1,0,0,차대사람 - 기타,보행자보호의무위반,건조,맑음,단일로 - 기타,승용,남,62세,상해없음,보행자,여,77세,중상
2021090800100463,2021년 9월 8일 17시,수요일,충청남도 서산시 고북면,중상사고,0,1,0,0,차대사람 - 길가장자리구역통행중,안전운전불이행,건조,맑음,단일로 - 기타,승용,여,76세,상해없음,보행자,남,85세,중상
2021090800100464,2021년 9월 8일 17시,수요일,충청남도 논산시 연산면,경상사고,0,0,1,0,차대차 - 측면충돌,안전운전불이행,건조,맑음,교차로 - 교차로부근,이륜,남,68세,경상,승용,남,33세,상해없음
2021090800100510,2021년 9월 8일 18시,수요일,충청남도 논산시 연무읍,중상사고,0,1,0,0,차대차 - 추돌,안전운전불이행,건조,맑음,단일로 - 기타,화물,남,54세,상해없음,농기계,남,68세,중상
2021090800100511,2021년 9월 8일 18시,수요일,충청남도 아산시 염치읍,경상사고,0,0,3,0,차대차 - 기타,안전운전불이행,건조,맑음,단일로 - 기타,승용,남,84세,상해없음,승용,남,61세,경상
2021090800100512,2021년 9월 8일 18시,수요일,충청남도 공주시 검상동,경상사고,0,0,1,0,차대차 - 측면충돌,중앙선침범,건조,맑음,단일로 - 기타,승용,남,62세,상해없음,화물,남,40세,경상
2021090800100513,2021년 9월 8일 18시,수요일,충청남도 천안시 동남구 원성동,경상사고,0,0,1,0,차대차 - 측면충돌,안전운전불이행,건조,맑음,단일로 - 기타,승용,여,64세,상해없음,승용,남,35세,경상
2021090800100551,2021년 9월 8일 19시,수요일,충청남도 공주시 우성면,중상사고,0,1,0,0,차대차 - 기타,안전운전불이행,건조,맑음,단일로 - 기타,승용,남,28세,기타불명,기타불명,남,미분류,상해없음
2021090800100656,2021년 9월 8일 23시,수요일,충청남도 천안시 서북구 백석동,경상사고,0,0,2,0,차대차 - 추돌,안전운전불이행,건조,맑음,단일로 - 기타,승용,남,41세,상해없음,승용,남,56세,경상
2021090900100051,2021년 9월 9일 07시,목요일,충청남도 천안시 서북구 성성동,경상사고,0,0,1,0,차대차 - 기타,안전운전불이행,건조,맑음,교차로 - 교차로안,승용,여,29세,상해없음,개인형이동수단(PM),남,40세,경상
2021090900100052,2021년 9월 9일 07시,목요일,충청남도 아산시 배방읍,경상사고,0,0,1,0,차대사람 - 기타,기타,건조,맑음,단일로 - 기타,승합,남,60세,기타불명,보행자,여,62세,경상
2021090900100126,2021년 9월 9일 09시,목요일,충청남도 부여군 석성면,중상사고,0,1,0,0,차대사람 - 기타,안전운전불이행,건조,맑음,단일로 - 기타,화물,남,31세,상해없음,보행자,여,79세,중상
2021090900100155,2021년 9월 9일 10시,목요일,충청남도 금산군 금산읍,경상사고,0,0,1,0,차대사람 - 기타,안전운전불이행,건조,맑음,교차로 - 교차로부근,승용,남,64세,상해없음,보행자,여,76세,경상
2021090900100156,2021년 9월 9일 10시,목요일,충청남도 천안시 동남구 삼룡동,중상사고,0,1,0,0,차대차 - 기타,신호위반,건조,맑음,교차로 - 교차로안,승용,여,38세,상해없음,승용,남,41세,상해없음
2021090900100157,2021년 9월 9일 10시,목요일,충청남도 당진시 송악읍,경상사고,0,0,1,0,차대차 - 측면충돌,안전운전불이행,건조,맑음,단일로 - 기타,화물,남,59세,상해없음,화물,남,54세,경상
2021090900100193,2021년 9월 9일 11시,목요일,충청남도 아산시 탕정면,사망사고,1,0,0,0,차대차 - 기타,안전운전불이행,건조,맑음,단일로 - 기타,화물,남,54세,상해없음,화물,남,70세,사망