사고번호,사고일시,요일,시군구,사고내용,사망자수,중상자수,경상자수,부상신고자수,사고유형,법규위반,노면상태,기상상태,도로형태,가해운전자 차종,가해운전자 성별,가해운전자 연령,가해운전자 상해정도,피해운전자 차종,피해운전자 성별,피해운전자 연령,피해운전자 상해정도
2021090900100194,2021년 9월 9일 11시,목요일,충청남도 천안시 동남구 신부동,경상사고,0,0,1,0,차대차 - 측면충돌,신호위반,건조,맑음,교차로 - 교차로안,승용,여,50세,상해없음,승용,여,26세,경상
2021090900100227,2021년 9월 9일 12시,목요일,충청남도 서천군 비인면,중상사고,0,2,1,0,차대차 - 측면충돌,직진우회전진행방해,건조,맑음,교차로 - 교차로안,승용,남,64세,경상,승용,남,50세,중상
2021090900100263,2021년 9월 9일 13시,목요일,충청남도 아산시 신창면,중상사고,0,1,0,0,차대차 - 측면충돌,신호위반,건조,맑음,교차로 - 교차로부근,승용,남,69세,상해없음,이륜,남,78세,중상
2021090900100264,2021년 9월 9일 13시,목요일,충청남도 아산시 배방읍,경상사고,0,0,1,0,차대차 - 추돌,안전운전불이행,건조,맑음,교차로 - 교차로부근,승합,여,34세,상해없음,화물,남,66세,경상
2021090900100265,2021년 9월 9일 13시,목요일,충청남도 보령시 대천동,경상사고,0,0,1,0,차대차 - 측면충돌,교차로운행방법위반,건조,맑음,교차로 - 교차로안,승용,남,27세,상해없음,이륜,남,79세,경상
2021090900100340,2021년 9월 9일 15시,목요일,충청남도 서천군 비인면,중상사고,0,1,3,0,차대차 - 기타,직진우회전진행방해,건조,맑음,교차로 - 교차로안,승용,남,23세,경상,이륜,남,52세,중상
2021090900100341,2021년 9월 9일 15시,목요일,충청남도 청양군 남양면,중상사고,0,1,1,0,차대차 - 추돌,안전운전불이행,건조,맑음,단일로 - 기타,이륜,남,41세,경상,이륜,남,50세,중상
2021090900100452,2021년 9월 9일 18시,목요일,충청남도 천안시 서북구 성환읍,경상사고,0,0,2,0,차대차 - 기타,신호위반,건조,맑음,교차로 - 교차로안,승용,남,21세,경상,승용,남,30세,경상
2021090900100453,2021년 9월 9일 18시,목요일,충청남도 아산시 배방읍,경상사고,0,0,1,0,차대차 - 기타,안전운전불이행,건조,맑음,단일로 - 기타,승용,여,35세,기타불명,승용,남,46세,경상
2021090900100454,2021년 9월 9일 18시,목요일,충청남도 보령시 대천동,중상사고,0,1,0,0,차대차 - 정면충돌,중앙선침범,건조,맑음,교차로 - 교차로부근,자전거,남,41세,중상,승용,남,57세,상해없음
2021090900100492,2021년 9월 9일 19시,목요일,충청남도 아산시 온천동,경상사고,0,0,2,0,차대차 - 측면충돌,안전운전불이행,건조,맑음,교차로 - 교차로안,개인형이동수단(PM),남,16세,경상,이륜,남,16세,경상
2021090900100493,2021년 9월 9일 19시,목요일,충청남도 천안시 동남구 청수동,중상사고,0,1,1,0,차대사람 - 기타,안전운전불이행,건조,맑음,교차로 - 교차로부근,이륜,남,64세,상해없음,보행자,남,68세,중상
2021090900100546,2021년 9월 9일 21시,목요일,충청남도 천안시 서북구 백석동,경상사고,0,0,1,0,차대차 - 측면충돌,안전운전불이행,건조,맑음,단일로 - 기타,승용,여,37세,상해없음,자전거,남,25세,경상
2021090900100547,2021년 9월 9일 21시,목요일,충청남도 아산시 배방읍,경상사고,0,0,2,0,차대차 - 추돌,기타,건조,흐림,교차로 - 교차로부근,승용,남,35세,상해없음,승용,남,41세,경상
2021090900100569,2021년 9월 9일 22시,목요일,충청남도 천안시 서북구 두정동,경상사고,0,0,5,0,차대차 - 측면충돌,안전거리미확보,건조,맑음,단일로 - 기타,승용,남,21세,경상,승용,남,30세,경상
2021090900100570,2021년 9월 9일 22시,목요일,충청남도 아산시 음봉면,경상사고,0,0,1,0,차대차 - 기타,안전운전불이행,건조,맑음,단일로 - 기타,승용,남,38세,기타불명,승용,여,51세,경상
2021090900100571,2021년 9월 9일 22시,목요일,충청남도 당진시 읍내동,경상사고,0,0,5,0,차대차 - 추돌,안전운전불이행,건조,맑음,교차로 - 교차로부근,승용,여,20세,상해없음,승용,남,24세,경상
2021091000100004,2021년 9월 10일 00시,금요일,충청남도 공주시 신관동,경상사고,0,0,1,0,차대사람 - 기타,안전운전불이행,건조,맑음,기타 - 기타,승용,남,22세,상해없음,보행자,남,26세,경상
2021091000100061,2021년 9월 10일 07시,금요일,충청남도 당진시 합덕읍,경상사고,0,0,1,0,차대차 - 정면충돌,중앙선침범,건조,맑음,교차로 - 교차로안,승용,남,22세,상해없음,특수,남,52세,경상
2021091000100089,2021년 9월 10일 08시,금요일,충청남도 당진시 수청동,경상사고,0,0,2,0,차대차 - 측면충돌,직진우회전진행방해,건조,맑음,교차로 - 교차로안,승용,여,35세,상해없음,승합,여,52세,경상
2021091000100121,2021년 9월 10일 09시,금요일,충청남도 청양군 청양읍,경상사고,0,0,1,0,차대차 - 추돌,직진우회전진행방해,건조,맑음,교차로 - 교차로안,화물,여,27세,상해없음,화물,남,65세,경상
2021091000100122,2021년 9월 10일 09시,금요일,충청남도 공주시 우성면,경상사고,0,0,1,1,차대차 - 추돌,안전운전불이행,건조,맑음,단일로 - 기타,화물,남,57세,부상신고,화물,남,34세,경상
2021091000100162,2021년 9월 10일 10시,금요일,충청남도 예산군 대술면,경상사고,0,0,1,0,차대차 - 측면충돌,중앙선침범,건조,맑음,단일로 - 기타,화물,남,63세,상해없음,승용,여,33세,경상
2021091000100194,2021년 9월 10일 11시,금요일,충청남도 천안시 서북구 불당동,경상사고,0,0,1,0,차대차 - 정면충돌,신호위반,건조,맑음,교차로 - 교차로안,승용,여,41세,상해없음,이륜,남,36세,경상
2021091000100195,2021년 9월 10일 11시,금요일,충청남도 금산군 부리면,중상사고,0,3,1,0,차대차 - 정면충돌,중앙선침범,건조,맑음,단일로 - 기타,승용,남,75세,상해없음,승용,여,53세,중상
2021091000100227,2021년 9월 10일 12시,금요일,충청남도 아산시 음봉면,경상사고,0,0,2,0,차대차 - 측면충돌,안전운전불이행,건조,맑음,교차로 - 교차로안,승용,남,25세,상해없음,승용,여,46세,경상
2021091000100228,2021년 9월 10일 12시,금요일,충청남도 보령시 대천동,경상사고,0,0,1,0,차대차 - 기타,안전운전불이행,건조,맑음,단일로 - 기타,승용,여,61세,상해없음,자전거,남,76세,경상
2021091000100229,2021년 9월 10일 12시,금요일,충청남도 예산군 오가면,경상사고,0,0,2,0,차대차 - 측면충돌,직진우회전진행방해,건조,맑음,교차로 - 교차로안,승용,남,57세,상해없음,승용,남,71세,경상
2021091000100230,2021년 9월 10일 12시,금요일,충청남도 천안시 동남구 신방동,경상사고,0,0,1,0,차대차 - 측면충돌,교차로운행방법위반,건조,맑음,교차로 - 교차로안,건설기계,남,64세,상해없음,승용,남,30세,경상
2021091000100252,2021년 9월 10일 13시,금요일,충청남도 논산시 광석면,중상사고,0,1,0,0,차대차 - 추돌,안전운전불이행,건조,맑음,단일로 - 기타,화물,남,59세,상해없음,건설기계,남,63세,중상
2021091000100253,2021년 9월 10일 13시,금요일,충청남도 서천군 종천면,중상사고,0,1,4,0,차대차 - 측면충돌,신호위반,건조,맑음,교차로 - 교차로안,승용,남,71세,경상,화물,남,69세,중상
2021091000100254,2021년 9월 10일 13시,금요일,충청남도 공주시 의당면,중상사고,0,1,0,0,차대차 - 측면충돌,안전운전불이행,건조,맑음,교차로 - 교차로안,승용,남,36세,상해없음,이륜,남,82세,중상
2021091000100283,2021년 9월 10일 14시,금요일,충청남도 서산시 동문동,경상사고,0,0,1,0,차대차 - 측면충돌,직진우회전진행방해,건조,맑음,교차로 - 교차로안,자전거,여,61세,경상,승용,여,41세,상해없음
2021091000100326,2021년 9월 10일 15시,금요일,충청남도 아산시 온천동,경상사고,0,0,1,0,차대사람 - 횡단중,보행자보호의무위반,건조,맑음,단일로 - 기타,승용,여,56세,상해없음,보행자,여,49세,경상
2021091000100366,2021년 9월 10일 16시,금요일,충청남도 천안시 서북구 백석동,경상사고,0,0,1,0,차대사람 - 기타,안전운전불이행,건조,맑음,기타 - 기타,승용,여,58세,상해없음,보행자,여,56세,경상
2021091000100417,2021년 9월 10일 17시,금요일,충청남도 서산시 동문동,중상사고,0,1,0,0,차대사람 - 횡단중,안전운전불이행,건조,맑음,단일로 - 기타,승용,여,23세,상해없음,보행자,여,64세,중상
2021091000100419,2021년 9월 10일 17시,금요일,충청남도 천안시 서북구 직산읍,경상사고,0,0,1,0,차대차 - 기타,신호위반,건조,맑음,기타 - 기타,건설기계,남,47세,상해없음,승용,남,40세,경상
2021091000100420,2021년 9월 10일 17시,금요일,충청남도 아산시 신창면,경상사고,0,0,2,0,차대차 - 추돌,안전운전불이행,건조,맑음,단일로 - 기타,화물,남,61세,상해없음,승용,남,39세,경상
2021091000100476,2021년 9월 10일 18시,금요일,충청남도 아산시 온천동,중상사고,0,1,0,0,차대차 - 측면충돌,교차로운행방법위반,건조,맑음,교차로 - 교차로안,승용,여,57세,상해없음,이륜,남,30세,중상
2021091000100477,2021년 9월 10일 18시,금요일,충청남도 아산시 온천동,경상사고,0,0,1,0,차대차 - 기타,중앙선침범,건조,맑음,단일로 - 기타,승용,남,21세,상해없음,승용,남,32세,경상
2021091000100525,2021년 9월 10일 19시,금요일,충청남도 예산군 덕산면,사망사고,1,0,0,0,차량단독 - 공작물충돌,안전운전불이행,건조,맑음,단일로 - 기타,사륜오토바이(ATV),여,64세,사망,,,,
2021091000100526,2021년 9월 10일 19시,금요일,충청남도 청양군 운곡면,사망사고,1,0,1,0,차대차 - 추돌,안전운전불이행,건조,맑음,기타 - 기타,승용,여,51세,경상,농기계,남,62세,사망
2021091000100563,2021년 9월 10일 20시,금요일,충청남도 서산시 지곡면,경상사고,0,0,2,0,차대차 - 측면충돌,신호위반,건조,맑음,교차로 - 교차로안,승용,남,56세,경상,승용,여,48세,경상
2021091000100564,2021년 9월 10일 20시,금요일,충청남도 천안시 서북구 백석동,중상사고,0,1,1,0,차대차 - 기타,안전운전불이행,건조,기타,단일로 - 기타,승용,남,30세,상해없음,승합,남,67세,중상
2021091000100565,2021년 9월 10일 20시,금요일,충청남도 아산시 배방읍,경상사고,0,0,1,0,차대차 - 기타,중앙선침범,건조,흐림,단일로 - 기타,승용,여,50세,상해없음,승용,남,72세,경상
2021091000100602,2021년 9월 10일 21시,금요일,충청남도 천안시 서북구 불당동,경상사고,0,0,1,0,차대차 - 기타,안전운전불이행,건조,맑음,단일로 - 기타,승용,여,46세,상해없음,승용,남,57세,경상
2021091000100603,2021년 9월 10일 21시,금요일,충청남도 보령시 남포면,경상사고,0,0,1,0,차대차 - 측면충돌,안전운전불이행,건조,맑음,단일로 - 기타,승용,남,72세,상해없음,화물,여,55세,경상
2021091000100633,2021년 9월 10일 22시,금요일,충청남도 홍성군 홍성읍,중상사고,0,1,0,0,차대차 - 정면충돌,안전운전불이행,건조,맑음,단일로 - 기타,승용,남,50세,중상,승용,남,59세,상해없음
2021091000100634,2021년 9월 10일 22시,금요일,충청남도 아산시 온천동,사망사고,1,0,0,0,차대사람 - 차도통행중,안전운전불이행,건조,흐림,단일로 - 기타,화물,남,48세,상해없음,보행자,남,70세,사망
2021091000100635,2021년 9월 10일 22시,금요일,충청남도 공주시 신관동,중상사고,0,1,0,0,차대차 - 기타,신호위반,건조,맑음,교차로 - 교차로안,개인형이동수단(PM),남,37세,중상,승용,남,59세,상해없음
2021091100100045,2021년 9월 11일 06시,토요일,충청남도 천안시 동남구 목천읍,경상사고,0,0,1,0,차대차 - 추돌,안전운전불이행,건조,맑음,단일로 - 터널,승용,남,57세,상해없음,이륜,남,50세,경상
2021091100100061,2021년 9월 11일 07시,토요일,충청남도 천안시 동남구 광덕면,중상사고,0,1,1,0,차대차 - 기타,교차로운행방법위반,건조,맑음,교차로 - 교차로안,승용,남,39세,상해없음,승합,남,48세,중상
2021091100100081,2021년 9월 11일 08시,토요일,충청남도 예산군 신양면,경상사고,0,0,3,0,차대차 - 측면충돌,안전운전불이행,건조,맑음,단일로 - 기타,승용,남,34세,상해없음,승용,남,44세,경상
2021091100100233,2021년 9월 11일 12시,토요일,충청남도 천안시 서북구 불당동,경상사고,0,0,6,0,차대차 - 추돌,안전운전불이행,건조,맑음,단일로 - 기타,승용,남,41세,상해없음,승용,여,35세,경상
2021091100100234,2021년 9월 11일 12시,토요일,충청남도 논산시 상월면,중상사고,0,1,0,0,차대차 - 측면충돌,중앙선침범,건조,맑음,단일로 - 기타,화물,여,53세,상해없음,이륜,남,79세,중상
2021091100100235,2021년 9월 11일 12시,토요일,충청남도 보령시 미산면,경상사고,0,0,2,0,차대차 - 추돌,안전운전불이행,건조,맑음,단일로 - 기타,승용,남,59세,상해없음,승용,여,26세,경상
2021091100100295,2021년 9월 11일 13시,토요일,충청남도 홍성군 홍성읍,경상사고,0,0,1,0,차대차 - 기타,안전운전불이행,건조,맑음,교차로 - 교차로부근,승용,남,70세,상해없음,승용,남,43세,상해없음
2021091100100296,2021년 9월 11일 13시,토요일,충청남도 천안시 동남구 신방동,경상사고,0,0,3,0,차대차 - 추돌,차로위반,건조,맑음,단일로 - 기타,승용,여,41세,경상,화물,남,50세,경상
2021091100100392,2021년 9월 11일 15시,토요일,충청남도 아산시 권곡동,경상사고,0,0,1,0,차대차 - 측면충돌,안전운전불이행,건조,맑음,단일로 - 기타,승용,여,58세,상해없음,승용,여,37세,상해없음
2021091100100393,2021년 9월 11일 15시,토요일,충청남도 천안시 동남구 신방동,경상사고,0,0,1,0,차대차 - 기타,안전운전불이행,건조,맑음,교차로 - 교차로안,이륜,남,59세,경상,화물,남,45세,상해없음
2021091100100433,2021년 9월 11일 16시,토요일,충청남도 홍성군 홍성읍,중상사고,0,1,0,0,차대사람 - 횡단중,보행자보호의무위반,건조,맑음,교차로 - 교차로횡단보도내,승용,남,26세,상해없음,보행자,여,84세,중상
2021091100100434,2021년 9월 11일 16시,토요일,충청남도 홍성군 홍성읍,경상사고,0,0,1,0,차대차 - 측면충돌,안전운전불이행,건조,맑음,교차로 - 교차로안,화물,남,79세,상해없음,승용,여,57세,경상
2021091100100476,2021년 9월 11일 17시,토요일,충청남도 홍성군 홍성읍,경상사고,0,0,1,0,차대사람 - 기타,안전운전불이행,건조,맑음,단일로 - 기타,승용,남,53세,상해없음,보행자,남,61세,경상
2021091100100517,2021년 9월 11일 18시,토요일,충청남도 청양군 목면,경상사고,0,0,3,0,차대차 - 추돌,안전운전불이행,건조,맑음,단일로 - 기타,승용,남,29세,경상,특수,남,24세,경상
2021091100100518,2021년 9월 11일 18시,토요일,충청남도 천안시 동남구 용곡동,경상사고,0,0,3,0,차대차 - 측면충돌,안전거리미확보,건조,맑음,단일로 - 기타,승용,남,37세,상해없음,승용,남,45세,경상
2021091100100561,2021년 9월 11일 19시,토요일,충청남도 아산시 배방읍,경상사고,0,0,1,0,차대차 - 측면충돌,안전운전불이행,건조,맑음,교차로 - 교차로안,자전거,남,15세,경상,승용,여,41세,상해없음
2021091100100562,2021년 9월 11일 19시,토요일,충청남도 아산시 배방읍,경상사고,0,0,1,0,차대차 - 기타,안전운전불이행,건조,맑음,단일로 - 기타,승용,여,32세,상해없음,승용,남,41세,경상
2021091100100563,2021년 9월 11일 19시,토요일,충청남도 천안시 동남구 대흥동,중상사고,0,1,0,0,차대사람 - 횡단중,보행자보호의무위반,건조,맑음,단일로 - 기타,승용,남,32세,상해없음,보행자,여,60세,중상
2021091100100564,2021년 9월 11일 19시,토요일,충청남도 천안시 동남구 구성동,경상사고,0,0,1,0,차대차 - 기타,안전운전불이행,건조,맑음,단일로 - 기타,화물,남,50세,상해없음,승용,남,66세,경상
2021091100100637,2021년 9월 11일 21시,토요일,충청남도 서산시 석림동,경상사고,0,0,1,0,차대차 - 측면충돌,직진우회전진행방해,건조,맑음,교차로 - 교차로안,승용,남,25세,상해없음,승용,남,37세,경상
2021091100100638,2021년 9월 11일 21시,토요일,충청남도 천안시 서북구 입장면,경상사고,0,0,1,0,차대차 - 추돌,안전운전불이행,건조,맑음,단일로 - 기타,승용,여,55세,기타불명,승용,남,66세,경상
2021091100100639,2021년 9월 11일 21시,토요일,충청남도 천안시 서북구 두정동,경상사고,0,0,2,0,차대차 - 추돌,안전운전불이행,건조,맑음,단일로 - 기타,승용,남,26세,기타불명,승용,남,47세,경상
2021091100100674,2021년 9월 11일 22시,토요일,충청남도 천안시 서북구 두정동,경상사고,0,0,2,0,차대차 - 후진중충돌,안전운전불이행,건조,맑음,단일로 - 기타,승합,남,44세,상해없음,승용,남,24세,경상
2021091100100675,2021년 9월 11일 22시,토요일,충청남도 논산시 내동,중상사고,0,1,0,0,차대사람 - 차도통행중,안전운전불이행,건조,맑음,단일로 - 기타,승용,남,17세,상해없음,보행자,남,62세,중상
2021091100100696,2021년 9월 11일 23시,토요일,충청남도 천안시 서북구 백석동,중상사고,0,1,0,0,차대차 - 정면충돌,신호위반,건조,맑음,교차로 - 교차로안,승용,남,47세,상해없음,승용,남,29세,중상
2021091200100017,2021년 9월 12일 02시,일요일,충청남도 서천군 서면,경상사고,0,0,1,0,차대사람 - 기타,안전운전불이행,건조,맑음,기타 - 기타,승용,남,58세,상해없음,보행자,남,69세,경상
2021091200100058,2021년 9월 12일 09시,일요일,충청남도 천안시 동남구 원성동,경상사고,0,0,2,0,차대차 - 측면충돌,안전운전불이행,건조,맑음,교차로 - 교차로안,승용,남,79세,상해없음,승합,남,47세,경상
2021091200100075,2021년 9월 12일 10시,일요일,충청남도 아산시 둔포면,경상사고,0,0,3,0,차대차 - 정면충돌,안전운전불이행,건조,맑음,교차로 - 교차로안,승용,여,48세,경상,승용,남,43세,경상
2021091200100157,2021년 9월 12일 13시,일요일,충청남도 천안시 서북구 두정동,경상사고,0,0,1,0,차대차 - 기타,안전거리미확보,건조,맑음,교차로 - 교차로부근,승용,남,37세,상해없음,이륜,남,37세,경상
2021091200100192,2021년 9월 12일 14시,일요일,충청남도 공주시 정안면,중상사고,0,1,4,0,차대차 - 추돌,안전운전불이행,건조,맑음,단일로 - 기타,승합,남,76세,상해없음,화물,남,62세,경상
2021091200100193,2021년 9월 12일 14시,일요일,충청남도 청양군 청양읍,경상사고,0,0,1,0,차대사람 - 기타,안전운전불이행,건조,맑음,기타 - 기타,승용,남,73세,상해없음,보행자,여,57세,경상
2021091200100194,2021년 9월 12일 14시,일요일,충청남도 천안시 동남구 광덕면,경상사고,0,0,2,0,차대차 - 정면충돌,안전운전불이행,건조,맑음,단일로 - 기타,승합,남,67세,상해없음,화물,남,69세,경상
2021091200100229,2021년 9월 12일 15시,일요일,충청남도 공주시 신관동,중상사고,0,1,1,0,차대차 - 측면충돌,교차로운행방법위반,건조,맑음,교차로 - 교차로안,이륜,여,51세,중상,승용,여,39세,경상
2021091200100256,2021년 9월 12일 16시,일요일,충청남도 논산시 연산면,중상사고,0,1,0,0,차대사람 - 기타,안전운전불이행,건조,맑음,단일로 - 기타,승용,남,52세,상해없음,보행자,남,52세,중상
2021091200100257,2021년 9월 12일 16시,일요일,충청남도 논산시 대교동,경상사고,0,0,1,0,차대차 - 측면충돌,신호위반,건조,맑음,교차로 - 교차로안,승용,여,58세,경상,화물,남,59세,상해없음
2021091200100258,2021년 9월 12일 16시,일요일,충청남도 당진시 송악읍,경상사고,0,0,2,0,차대차 - 추돌,안전거리미확보,건조,맑음,단일로 - 기타,승용,남,56세,상해없음,승용,남,49세,경상
2021091200100304,2021년 9월 12일 17시,일요일,충청남도 서산시 대산읍,중상사고,0,1,0,0,차대차 - 추돌,안전운전불이행,건조,맑음,교차로 - 교차로안,승용,남,64세,상해없음,이륜,남,36세,중상
2021091200100338,2021년 9월 12일 18시,일요일,충청남도 당진시 우강면,중상사고,0,5,1,0,차대차 - 정면충돌,중앙선침범,건조,맑음,단일로 - 기타,농기계,남,69세,상해없음,승합,여,66세,중상
2021091200100339,2021년 9월 12일 18시,일요일,충청남도 태안군 태안읍,경상사고,0,0,2,0,차대차 - 기타,신호위반,건조,맑음,교차로 - 교차로안,승용,남,67세,상해없음,승용,남,30세,경상
2021091200100404,2021년 9월 12일 20시,일요일,충청남도 아산시 인주면,중상사고,0,1,0,0,차대차 - 측면충돌,안전운전불이행,건조,맑음,단일로 - 기타,사륜오토바이(ATV),남,60세,중상,승용,남,28세,상해없음
2021091200100440,2021년 9월 12일 22시,일요일,충청남도 아산시 온천동,경상사고,0,0,1,0,차대차 - 후진중충돌,안전운전불이행,건조,맑음,단일로 - 기타,승용,남,47세,상해없음,승용,남,36세,경상
2021091200100441,2021년 9월 12일 22시,일요일,충청남도 서천군 장항읍,중상사고,0,1,1,0,차대차 - 측면충돌,신호위반,건조,맑음,교차로 - 교차로안,승용,남,45세,상해없음,승용,여,58세,중상
2021091200100442,2021년 9월 12일 22시,일요일,충청남도 공주시 반포면,경상사고,0,0,1,0,차대차 - 측면충돌,직진우회전진행방해,건조,기타,교차로 - 교차로부근,승용,여,57세,기타불명,승용,남,30세,경상
2021091300100020,2021년 9월 13일 04시,월요일,충청남도 서천군 서면,경상사고,0,0,1,0,차대사람 - 기타,안전운전불이행,건조,맑음,주차장 - 주차장,화물,남,69세,상해없음,보행자,남,43세,경상
2021091300100035,2021년 9월 13일 06시,월요일,충청남도 당진시 신평면,사망사고,1,0,0,0,차대사람 - 기타,안전운전불이행,건조,맑음,기타 - 기타,화물,남,77세,상해없음,보행자,여,75세,사망
2021091300100055,2021년 9월 13일 07시,월요일,충청남도 예산군 광시면,경상사고,0,0,1,0,차량단독 - 공작물충돌,안전운전불이행,건조,맑음,교차로 - 교차로부근,화물,남,53세,경상,,,,
2021091300100088,2021년 9월 13일 08시,월요일,충청남도 홍성군 갈산면,경상사고,0,0,1,0,차대차 - 기타,신호위반,건조,맑음,교차로 - 교차로안,건설기계,남,61세,상해없음,건설기계,남,44세,경상
2021091300100130,2021년 9월 13일 09시,월요일,충청남도 예산군 예산읍,중상사고,0,1,0,0,차대사람 - 기타,안전운전불이행,건조,맑음,주차장 - 주차장,승용,남,62세,상해없음,보행자,여,82세,중상
2021091300100159,2021년 9월 13일 10시,월요일,충청남도 서산시 대산읍,경상사고,0,0,1,0,차대차 - 측면충돌,안전운전불이행,건조,맑음,교차로 - 교차로부근,이륜,남,77세,경상,특수,남,48세,상해없음
2021091300100160,2021년 9월 13일 10시,월요일,충청남도 예산군 삽교읍,사망사고,1,0,0,0,차량단독 - 기타,안전운전불이행,건조,맑음,단일로 - 기타,이륜,여,66세,사망,,,,
2021091300100203,2021년 9월 13일 11시,월요일,충청남도 서산시 온석동,부상신고사고,0,0,0,1,차량단독 - 공작물충돌,안전운전불이행,건조,맑음,단일로 - 터널,승용,여,61세,부상신고,,,,
2021091300100204,2021년 9월 13일 11시,월요일,충청남도 청양군 청양읍,중상사고,0,1,0,0,차대사람 - 횡단중,보행자보호의무위반,건조,맑음,교차로 - 교차로횡단보도내,화물,남,53세,상해없음,보행자,여,76세,중상
2021091300100205,2021년 9월 13일 11시,월요일,충청남도 천안시 동남구 원성동,경상사고,0,0,1,0,차대차 - 추돌,안전운전불이행,건조,맑음,단일로 - 기타,승용,남,64세,상해없음,화물,남,55세,경상
2021091300100290,2021년 9월 13일 13시,월요일,충청남도 서산시 해미면,중상사고,0,1,0,0,차대차 - 기타,안전운전불이행,건조,맑음,교차로 - 교차로부근,승용,여,23세,상해없음,승용,남,70세,중상
2021091300100291,2021년 9월 13일 13시,월요일,충청남도 천안시 서북구 두정동,경상사고,0,0,1,0,차대차 - 기타,안전운전불이행,건조,맑음,단일로 - 기타,화물,남,50세,상해없음,승용,여,44세,경상
2021091300100292,2021년 9월 13일 13시,월요일,충청남도 천안시 동남구 영성동,중상사고,0,1,0,0,차대사람 - 횡단중,안전운전불이행,건조,맑음,교차로 - 교차로부근,화물,남,62세,상해없음,보행자,여,63세,중상
2021091300100341,2021년 9월 13일 14시,월요일,충청남도 천안시 동남구 대흥동,부상신고사고,0,0,0,1,차대사람 - 기타,기타,건조,맑음,단일로 - 기타,자전거,기타불명,미분류,기타불명,보행자,여,64세,부상신고
2021091300100376,2021년 9월 13일 15시,월요일,충청남도 보령시 대천동,경상사고,0,0,1,0,차대차 - 추돌,안전운전불이행,건조,맑음,단일로 - 기타,화물,남,55세,상해없음,승용,여,46세,경상
2021091300100457,2021년 9월 13일 17시,월요일,충청남도 당진시 송악읍,중상사고,0,1,0,0,차대차 - 후진중충돌,안전운전불이행,건조,맑음,단일로 - 기타,농기계,남,65세,상해없음,이륜,남,72세,중상
2021091300100546,2021년 9월 13일 19시,월요일,충청남도 천안시 서북구 불당동,경상사고,0,0,1,0,차대차 - 기타,안전운전불이행,건조,맑음,단일로 - 기타,승용,여,47세,상해없음,승용,남,54세,경상
2021091300100547,2021년 9월 13일 19시,월요일,충청남도 아산시 용화동,부상신고사고,0,0,0,1,차대차 - 기타,안전운전불이행,건조,흐림,단일로 - 기타,개인형이동수단(PM),남,60세,상해없음,이륜,남,16세,부상신고
2021091300100548,2021년 9월 13일 19시,월요일,충청남도 아산시 풍기동,경상사고,0,0,1,0,차대차 - 기타,안전운전불이행,건조,맑음,교차로 - 교차로안,승용,남,27세,상해없음,승용,여,40세,경상
2021091300100588,2021년 9월 13일 20시,월요일,충청남도 홍성군 홍북읍,사망사고,1,0,0,0,차량단독 - 기타,안전운전불이행,건조,맑음,기타 - 기타,개인형이동수단(PM),남,27세,사망,,,,
2021091300100589,2021년 9월 13일 20시,월요일,충청남도 공주시 신관동,경상사고,0,0,1,0,차대차 - 정면충돌,신호위반,건조,맑음,교차로 - 교차로안,승용,여,59세,상해없음,승용,남,30세,경상
2021091300100590,2021년 9월 13일 20시,월요일,충청남도 태안군 고남면,중상사고,0,1,0,0,차량단독 - 공작물충돌,안전운전불이행,건조,맑음,기타 - 기타,화물,남,63세,상해없음,,,,
2021091300100615,2021년 9월 13일 21시,월요일,충청남도 당진시 석문면,사망사고,1,0,0,0,차량단독 - 공작물충돌,안전운전불이행,건조,맑음,단일로 - 기타,승용,남,22세,사망,,,,
2021091300100616,2021년 9월 13일 21시,월요일,충청남도 당진시 석문면,경상사고,0,0,1,0,차대차 - 측면충돌,안전운전불이행,건조,맑음,단일로 - 기타,화물,남,47세,상해없음,승용,남,26세,경상
2021091400100026,2021년 9월 14일 04시,화요일,충청남도 보령시 궁촌동,경상사고,0,0,1,0,차대차 - 추돌,안전운전불이행,건조,맑음,단일로 - 기타,승용,남,42세,상해없음,승용,남,24세,경상
2021091400100067,2021년 9월 14일 07시,화요일,충청남도 천안시 서북구 성정동,경상사고,0,0,1,0,차대차 - 기타,안전운전불이행,건조,맑음,기타 - 기타,자전거,여,68세,경상,자전거,남,79세,상해없음
2021091400100068,2021년 9월 14일 07시,화요일,충청남도 천안시 서북구 두정동,경상사고,0,0,1,0,차대차 - 기타,안전운전불이행,건조,맑음,단일로 - 기타,승용,남,41세,상해없음,승용,남,21세,경상
2021091400100069,2021년 9월 14일 07시,화요일,충청남도 공주시 신관동,경상사고,0,0,1,0,차대차 - 측면충돌,신호위반,건조,맑음,교차로 - 교차로안,승용,남,31세,상해없음,승용,여,59세,경상
2021091400100106,2021년 9월 14일 08시,화요일,충청남도 천안시 서북구 두정동,경상사고,0,0,1,0,차대차 - 추돌,안전운전불이행,건조,맑음,교차로 - 교차로부근,승용,남,34세,상해없음,승용,여,48세,경상
2021091400100152,2021년 9월 14일 09시,화요일,충청남도 아산시 장존동,중상사고,0,1,0,0,차대사람 - 기타,기타,건조,맑음,기타 - 기타,승용,남,69세,상해없음,보행자,여,84세,중상