사고번호,사고일시,요일,시군구,사고내용,사망자수,중상자수,경상자수,부상신고자수,사고유형,법규위반,노면상태,기상상태,도로형태,가해운전자 차종,가해운전자 성별,가해운전자 연령,가해운전자 상해정도,피해운전자 차종,피해운전자 성별,피해운전자 연령,피해운전자 상해정도
2021092700100535,2021년 9월 27일 22시,월요일,충청남도 서산시 읍내동,경상사고,0,0,1,0,차대차 - 정면충돌,안전운전불이행,건조,맑음,단일로 - 기타,원동기,남,17세,경상,승용,여,34세,상해없음
2021092800100006,2021년 9월 28일 00시,화요일,충청남도 천안시 동남구 용곡동,경상사고,0,0,2,0,차대차 - 기타,신호위반,건조,맑음,교차로 - 교차로안,승용,여,23세,상해없음,이륜,남,17세,경상
2021092800100022,2021년 9월 28일 04시,화요일,충청남도 천안시 서북구 직산읍,사망사고,1,0,0,0,차대사람 - 기타,기타,건조,맑음,단일로 - 기타,화물,남,39세,상해없음,보행자,남,46세,사망
2021092800100081,2021년 9월 28일 08시,화요일,충청남도 서천군 서천읍,경상사고,0,0,1,0,차대차 - 측면충돌,안전운전불이행,건조,맑음,교차로 - 교차로안,승용,남,55세,상해없음,이륜,남,64세,경상
2021092800100115,2021년 9월 28일 09시,화요일,충청남도 당진시 읍내동,경상사고,0,0,1,0,차대차 - 추돌,신호위반,건조,맑음,교차로 - 교차로안,화물,남,74세,상해없음,승용,남,24세,경상
2021092800100146,2021년 9월 28일 10시,화요일,충청남도 서산시 읍내동,중상사고,0,1,0,0,차대사람 - 차도통행중,안전운전불이행,건조,맑음,교차로 - 교차로부근,화물,남,39세,상해없음,보행자,여,76세,중상
2021092800100147,2021년 9월 28일 10시,화요일,충청남도 아산시 도고면,경상사고,0,0,1,0,차대차 - 측면충돌,안전운전불이행,건조,맑음,교차로 - 교차로부근,승용,남,76세,상해없음,화물,남,26세,경상
2021092800100148,2021년 9월 28일 10시,화요일,충청남도 서천군 장항읍,중상사고,0,1,0,0,차대차 - 측면충돌,직진우회전진행방해,건조,맑음,교차로 - 교차로안,승용,남,47세,상해없음,이륜,남,71세,중상
2021092800100202,2021년 9월 28일 12시,화요일,충청남도 보령시 대천동,사망사고,1,0,0,0,차대사람 - 기타,보행자보호의무위반,건조,맑음,교차로 - 교차로횡단보도내,승용,여,56세,상해없음,보행자,여,87세,사망
2021092800100203,2021년 9월 28일 12시,화요일,충청남도 당진시 우강면,중상사고,0,1,1,0,차대차 - 기타,중앙선침범,건조,맑음,교차로 - 교차로안,승용,남,78세,중상,화물,남,48세,경상
2021092800100230,2021년 9월 28일 13시,화요일,충청남도 당진시 우강면,중상사고,0,1,1,0,차대차 - 후진중충돌,안전운전불이행,건조,맑음,교차로 - 교차로부근,화물,남,77세,상해없음,승용,남,43세,중상
2021092800100268,2021년 9월 28일 14시,화요일,충청남도 홍성군 홍성읍,중상사고,0,1,0,0,차대차 - 측면충돌,교차로운행방법위반,건조,맑음,교차로 - 교차로안,승용,여,56세,상해없음,이륜,남,84세,중상
2021092800100269,2021년 9월 28일 14시,화요일,충청남도 아산시 영인면,중상사고,0,1,1,0,차대차 - 측면충돌,안전운전불이행,건조,맑음,교차로 - 교차로안,승용,남,62세,중상,건설기계,남,66세,경상
2021092800100292,2021년 9월 28일 15시,화요일,충청남도 청양군 목면,경상사고,0,0,1,0,차대차 - 측면충돌,직진우회전진행방해,젖음/습기,비,교차로 - 교차로안,승합,남,60세,상해없음,화물,남,70세,상해없음
2021092800100327,2021년 9월 28일 16시,화요일,충청남도 당진시 원당동,경상사고,0,0,1,0,차대차 - 추돌,안전운전불이행,건조,맑음,주차장 - 주차장,승용,남,34세,상해없음,화물,남,63세,경상
2021092800100358,2021년 9월 28일 17시,화요일,충청남도 아산시 탕정면,경상사고,0,0,3,0,차대차 - 기타,중앙선침범,젖음/습기,비,교차로 - 교차로안,승용,남,48세,기타불명,승용,남,36세,경상
2021092800100359,2021년 9월 28일 17시,화요일,충청남도 보령시 명천동,경상사고,0,0,2,0,차대차 - 기타,신호위반,건조,맑음,교차로 - 교차로안,승용,남,65세,상해없음,승용,남,29세,경상
2021092800100360,2021년 9월 28일 17시,화요일,충청남도 천안시 동남구 문화동,경상사고,0,0,1,0,차대차 - 기타,중앙선침범,젖음/습기,비,기타 - 기타,승합,남,64세,상해없음,이륜,남,24세,경상
2021092800100412,2021년 9월 28일 18시,화요일,충청남도 천안시 서북구 두정동,경상사고,0,0,1,0,차대차 - 측면충돌,안전운전불이행,건조,맑음,단일로 - 기타,승용,남,46세,상해없음,승용,남,33세,경상
2021092800100413,2021년 9월 28일 18시,화요일,충청남도 아산시 배방읍,경상사고,0,0,2,0,차대차 - 기타,기타,젖음/습기,비,단일로 - 기타,승용,남,39세,상해없음,승용,남,34세,경상
2021092800100414,2021년 9월 28일 18시,화요일,충청남도 당진시 석문면,경상사고,0,0,2,0,차대차 - 기타,신호위반,건조,맑음,교차로 - 교차로안,승용,여,48세,상해없음,승용,여,43세,경상
2021092800100415,2021년 9월 28일 18시,화요일,충청남도 천안시 동남구 신부동,경상사고,0,0,1,0,차대사람 - 횡단중,신호위반,젖음/습기,비,교차로 - 교차로횡단보도내,승용,남,30세,상해없음,보행자,남,24세,경상
2021092800100479,2021년 9월 28일 19시,화요일,충청남도 공주시 신관동,경상사고,0,0,1,0,차대차 - 기타,안전운전불이행,젖음/습기,비,교차로 - 교차로부근,화물,남,51세,상해없음,이륜,남,25세,경상
2021092800100555,2021년 9월 28일 21시,화요일,충청남도 천안시 서북구 신당동,경상사고,0,0,1,0,차대차 - 기타,안전운전불이행,젖음/습기,흐림,주차장 - 주차장,승용,여,55세,상해없음,승용,남,65세,경상
2021092800100585,2021년 9월 28일 22시,화요일,충청남도 천안시 동남구 목천읍,경상사고,0,0,1,0,차대차 - 정면충돌,신호위반,건조,맑음,교차로 - 교차로안,승용,여,23세,상해없음,승용,남,35세,경상
2021092800100613,2021년 9월 28일 23시,화요일,충청남도 천안시 서북구 두정동,경상사고,0,0,2,0,차대차 - 기타,안전운전불이행,건조,기타,교차로 - 교차로안,승용,남,38세,경상,승용,여,38세,경상
2021092900100007,2021년 9월 29일 00시,수요일,충청남도 천안시 서북구 두정동,경상사고,0,0,1,0,차대차 - 기타,안전운전불이행,건조,맑음,기타 - 기타,승용,남,40세,상해없음,이륜,남,31세,경상
2021092900100058,2021년 9월 29일 07시,수요일,충청남도 아산시 득산동,중상사고,0,1,0,0,차대사람 - 기타,안전운전불이행,건조,맑음,기타 - 기타,승합,남,69세,상해없음,보행자,여,82세,중상
2021092900100091,2021년 9월 29일 08시,수요일,충청남도 천안시 서북구 성환읍,경상사고,0,0,1,0,차대차 - 추돌,안전거리미확보,젖음/습기,비,단일로 - 기타,승용,여,26세,경상,승용,남,27세,상해없음
2021092900100126,2021년 9월 29일 09시,수요일,충청남도 당진시 채운동,사망사고,1,0,0,0,차대사람 - 횡단중,보행자보호의무위반,젖음/습기,비,교차로 - 교차로안,승합,남,61세,상해없음,보행자,남,68세,사망
2021092900100127,2021년 9월 29일 09시,수요일,충청남도 천안시 동남구 삼룡동,중상사고,0,1,2,0,차대차 - 측면충돌,기타,젖음/습기,비,단일로 - 기타,화물,남,65세,상해없음,승합,남,52세,경상
2021092900100184,2021년 9월 29일 11시,수요일,충청남도 아산시 둔포면,경상사고,0,0,1,0,차대차 - 추돌,안전운전불이행,젖음/습기,비,단일로 - 기타,화물,남,58세,상해없음,승용,여,51세,경상
2021092900100219,2021년 9월 29일 12시,수요일,충청남도 아산시 읍내동,경상사고,0,0,1,0,차대차 - 측면충돌,안전운전불이행,건조,맑음,단일로 - 기타,승용,남,81세,상해없음,승용,여,38세,경상
2021092900100220,2021년 9월 29일 12시,수요일,충청남도 아산시 둔포면,중상사고,0,1,1,0,차대차 - 추돌,기타,젖음/습기,비,단일로 - 기타,승용,여,29세,기타불명,승용,남,41세,경상
2021092900100221,2021년 9월 29일 12시,수요일,충청남도 보령시 화산동,경상사고,0,0,1,0,차대차 - 측면충돌,안전운전불이행,건조,맑음,단일로 - 기타,승용,남,55세,상해없음,승용,남,30세,경상
2021092900100253,2021년 9월 29일 13시,수요일,충청남도 천안시 서북구 성정동,경상사고,0,0,4,0,차대차 - 측면충돌,직진우회전진행방해,젖음/습기,비,교차로 - 교차로안,승용,남,56세,경상,승합,남,46세,경상
2021092900100285,2021년 9월 29일 14시,수요일,충청남도 서산시 예천동,경상사고,0,0,3,0,차대차 - 추돌,안전거리미확보,건조,맑음,교차로 - 교차로부근,승용,남,25세,경상,승용,남,48세,경상
2021092900100286,2021년 9월 29일 14시,수요일,충청남도 천안시 동남구 구성동,경상사고,0,0,1,0,차대차 - 기타,안전운전불이행,젖음/습기,흐림,단일로 - 기타,승용,남,58세,상해없음,승용,남,46세,경상
2021092900100353,2021년 9월 29일 16시,수요일,충청남도 서천군 장항읍,중상사고,0,1,0,0,차대사람 - 기타,안전운전불이행,건조,맑음,단일로 - 기타,화물,남,55세,상해없음,보행자,남,66세,중상
2021092900100395,2021년 9월 29일 17시,수요일,충청남도 보령시 주교면,경상사고,0,0,1,0,차량단독 - 기타,안전운전불이행,건조,맑음,단일로 - 기타,이륜,여,63세,경상,,,,
2021092900100443,2021년 9월 29일 18시,수요일,충청남도 천안시 서북구 백석동,중상사고,0,1,0,0,차대사람 - 기타,안전운전불이행,젖음/습기,비,단일로 - 기타,승용,남,33세,상해없음,보행자,남,33세,중상
2021092900100569,2021년 9월 29일 21시,수요일,충청남도 서산시 지곡면,중상사고,0,1,0,0,차대차 - 기타,중앙선침범,건조,맑음,단일로 - 기타,승용,남,64세,기타불명,승용,남,43세,중상
2021092900100635,2021년 9월 29일 23시,수요일,충청남도 천안시 서북구 쌍용동,경상사고,0,0,2,0,차대차 - 추돌,안전운전불이행,건조,맑음,단일로 - 기타,화물,남,47세,상해없음,승용,남,54세,경상
2021092900100636,2021년 9월 29일 23시,수요일,충청남도 천안시 동남구 봉명동,경상사고,0,0,2,0,차대차 - 측면충돌,안전운전불이행,건조,맑음,단일로 - 기타,승용,남,25세,상해없음,승용,여,31세,경상
2021093000100076,2021년 9월 30일 07시,목요일,충청남도 아산시 용화동,중상사고,0,1,0,0,차대차 - 측면충돌,기타,건조,맑음,단일로 - 기타,개인형이동수단(PM),남,28세,중상,승용,남,50세,상해없음
2021093000100107,2021년 9월 30일 08시,목요일,충청남도 천안시 동남구 성남면,중상사고,0,1,0,0,차대차 - 정면충돌,중앙선침범,건조,맑음,단일로 - 기타,승용,남,20세,상해없음,승용,남,47세,중상
2021093000100108,2021년 9월 30일 08시,목요일,충청남도 태안군 근흥면,경상사고,0,0,2,0,차대차 - 측면충돌,교차로운행방법위반,건조,맑음,교차로 - 교차로안,승합,남,61세,상해없음,승용,여,54세,경상
2021093000100149,2021년 9월 30일 09시,목요일,충청남도 천안시 서북구 두정동,경상사고,0,0,1,0,차대차 - 측면충돌,안전운전불이행,건조,맑음,단일로 - 기타,화물,남,55세,상해없음,화물,남,43세,경상
2021093000100176,2021년 9월 30일 10시,목요일,충청남도 논산시 가야곡면,경상사고,0,0,2,0,차대차 - 정면충돌,안전운전불이행,건조,맑음,단일로 - 기타,승용,남,80세,경상,건설기계,남,69세,경상
2021093000100243,2021년 9월 30일 12시,목요일,충청남도 천안시 동남구 삼룡동,경상사고,0,0,1,0,차대사람 - 횡단중,신호위반,건조,맑음,교차로 - 교차로횡단보도내,승용,남,71세,상해없음,보행자,남,78세,경상
2021093000100280,2021년 9월 30일 13시,목요일,충청남도 홍성군 홍성읍,경상사고,0,0,2,0,차대차 - 기타,안전운전불이행,건조,맑음,기타 - 기타,화물,여,57세,상해없음,승용,남,43세,경상
2021093000100281,2021년 9월 30일 13시,목요일,충청남도 태안군 근흥면,경상사고,0,0,5,0,차대차 - 추돌,안전운전불이행,건조,맑음,단일로 - 기타,승용,남,63세,상해없음,승용,남,40세,경상
2021093000100316,2021년 9월 30일 14시,목요일,충청남도 논산시 상월면,경상사고,0,0,1,0,차대차 - 정면충돌,중앙선침범,건조,맑음,교차로 - 교차로부근,이륜,남,69세,경상,화물,남,36세,상해없음
2021093000100359,2021년 9월 30일 15시,목요일,충청남도 서산시 예천동,경상사고,0,0,1,0,차대차 - 정면충돌,안전운전불이행,건조,맑음,단일로 - 기타,승용,여,42세,상해없음,승용,남,40세,경상
2021093000100360,2021년 9월 30일 15시,목요일,충청남도 천안시 동남구 풍세면,경상사고,0,0,1,0,차대차 - 기타,안전운전불이행,건조,맑음,교차로 - 교차로안,승용,여,59세,기타불명,화물,남,53세,경상
2021093000100403,2021년 9월 30일 16시,목요일,충청남도 논산시 내동,중상사고,0,1,0,0,차대사람 - 차도통행중,안전운전불이행,건조,맑음,단일로 - 기타,승용,여,44세,상해없음,보행자,남,11세,중상
2021093000100404,2021년 9월 30일 16시,목요일,충청남도 계룡시 엄사면,중상사고,0,1,0,0,차대사람 - 차도통행중,안전운전불이행,건조,맑음,단일로 - 기타,승용,여,52세,상해없음,보행자,남,9세,중상
2021093000100405,2021년 9월 30일 16시,목요일,충청남도 청양군 정산면,중상사고,0,1,0,0,차대사람 - 차도통행중,안전운전불이행,건조,맑음,단일로 - 기타,승용,여,61세,상해없음,보행자,남,83세,중상
2021093000100406,2021년 9월 30일 16시,목요일,충청남도 천안시 동남구 구성동,경상사고,0,0,1,0,차대차 - 측면충돌,안전운전불이행,건조,맑음,단일로 - 기타,승용,남,53세,상해없음,승용,남,52세,경상
2021093000100407,2021년 9월 30일 16시,목요일,충청남도 태안군 태안읍,경상사고,0,0,2,0,차대차 - 측면충돌,신호위반,건조,맑음,교차로 - 교차로안,화물,남,57세,상해없음,승용,남,62세,경상
2021093000100511,2021년 9월 30일 18시,목요일,충청남도 천안시 서북구 신당동,경상사고,0,0,1,0,차대차 - 측면충돌,안전운전불이행,건조,맑음,단일로 - 기타,화물,남,38세,상해없음,승용,남,56세,경상
2021093000100596,2021년 9월 30일 20시,목요일,충청남도 아산시 음봉면,중상사고,0,1,0,0,차대차 - 측면충돌,신호위반,건조,맑음,교차로 - 교차로안,승용,남,31세,기타불명,승용,남,60세,중상
2021093000100597,2021년 9월 30일 20시,목요일,충청남도 아산시 온천동,경상사고,0,0,1,0,차대차 - 기타,안전운전불이행,건조,맑음,교차로 - 교차로안,승용,남,30세,상해없음,승용,여,39세,경상
2021093000100598,2021년 9월 30일 20시,목요일,충청남도 보령시 오천면,중상사고,0,1,0,0,차대사람 - 길가장자리구역통행중,안전운전불이행,건조,맑음,단일로 - 기타,화물,남,55세,상해없음,보행자,남,69세,중상
2021093000100640,2021년 9월 30일 22시,목요일,충청남도 아산시 배방읍,중상사고,0,2,0,0,차대차 - 기타,신호위반,건조,맑음,교차로 - 교차로안,승용,남,43세,상해없음,승용,남,42세,중상
2021093000100641,2021년 9월 30일 22시,목요일,충청남도 천안시 동남구 청수동,경상사고,0,0,1,0,차대차 - 측면충돌,안전운전불이행,건조,맑음,교차로 - 교차로횡단보도내,승용,남,74세,상해없음,개인형이동수단(PM),남,15세,경상
2021100100100019,2021년 10월 1일 04시,금요일,충청남도 아산시 탕정면,경상사고,0,0,1,0,차대차 - 정면충돌,안전운전불이행,건조,맑음,단일로 - 기타,승용,남,52세,상해없음,화물,남,32세,경상
2021100100100028,2021년 10월 1일 05시,금요일,충청남도 아산시 배방읍,경상사고,0,0,1,0,차대차 - 기타,신호위반,건조,맑음,교차로 - 교차로안,화물,남,56세,상해없음,승용,여,29세,경상
2021100100100088,2021년 10월 1일 08시,금요일,충청남도 천안시 서북구 성성동,경상사고,0,0,1,0,차대차 - 기타,안전거리미확보,건조,맑음,교차로 - 교차로안,화물,남,57세,상해없음,승용,남,40세,경상
2021100100100089,2021년 10월 1일 08시,금요일,충청남도 천안시 서북구 쌍용동,경상사고,0,0,2,0,차대차 - 추돌,안전운전불이행,건조,맑음,교차로 - 교차로부근,승합,남,53세,상해없음,이륜,남,44세,경상
2021100100100090,2021년 10월 1일 08시,금요일,충청남도 천안시 서북구 신당동,경상사고,0,0,1,0,차대차 - 측면충돌,안전운전불이행,건조,맑음,교차로 - 교차로부근,승용,여,44세,상해없음,승용,여,27세,경상
2021100100100091,2021년 10월 1일 08시,금요일,충청남도 천안시 서북구 성정동,경상사고,0,0,1,0,차대차 - 추돌,안전운전불이행,건조,맑음,단일로 - 기타,승용,남,30세,상해없음,승용,여,42세,경상
2021100100100125,2021년 10월 1일 09시,금요일,충청남도 당진시 송악읍,경상사고,0,0,1,0,차대차 - 추돌,안전운전불이행,건조,맑음,단일로 - 기타,화물,남,66세,상해없음,승용,남,32세,경상
2021100100100160,2021년 10월 1일 10시,금요일,충청남도 천안시 동남구 병천면,중상사고,0,1,0,0,차대사람 - 차도통행중,안전운전불이행,건조,맑음,단일로 - 기타,승용,여,31세,상해없음,보행자,여,63세,중상
2021100100100196,2021년 10월 1일 11시,금요일,충청남도 천안시 서북구 성환읍,경상사고,0,0,1,0,차대차 - 기타,안전운전불이행,건조,맑음,기타 - 기타,승용,남,59세,상해없음,이륜,남,79세,경상
2021100100100197,2021년 10월 1일 11시,금요일,충청남도 천안시 서북구 성정동,경상사고,0,0,1,0,차대사람 - 기타,중앙선침범,건조,맑음,기타 - 기타,이륜,남,23세,상해없음,보행자,여,65세,경상
2021100100100234,2021년 10월 1일 12시,금요일,충청남도 예산군 예산읍,경상사고,0,0,1,0,차대차 - 추돌,안전운전불이행,건조,맑음,단일로 - 기타,승용,남,66세,상해없음,화물,남,58세,경상
2021100100100235,2021년 10월 1일 12시,금요일,충청남도 청양군 비봉면,경상사고,0,0,4,0,차대차 - 추돌,안전거리미확보,건조,맑음,단일로 - 기타,승용,여,55세,경상,승용,남,25세,경상
2021100100100312,2021년 10월 1일 14시,금요일,충청남도 천안시 서북구 성성동,경상사고,0,0,1,0,차대차 - 기타,안전운전불이행,건조,맑음,단일로 - 기타,승용,남,34세,기타불명,이륜,여,25세,경상
2021100100100354,2021년 10월 1일 15시,금요일,충청남도 서천군 화양면,중상사고,0,1,0,0,차대차 - 기타,신호위반,건조,맑음,교차로 - 교차로안,승용,남,49세,상해없음,승용,여,34세,중상
2021100100100355,2021년 10월 1일 15시,금요일,충청남도 예산군 덕산면,중상사고,0,1,0,0,차대차 - 측면충돌,직진우회전진행방해,건조,맑음,교차로 - 교차로안,승합,남,68세,상해없음,이륜,남,80세,중상
2021100100100407,2021년 10월 1일 16시,금요일,충청남도 천안시 서북구 입장면,중상사고,0,1,0,0,차대차 - 기타,안전운전불이행,건조,맑음,단일로 - 기타,화물,남,57세,상해없음,자전거,남,74세,중상
2021100100100457,2021년 10월 1일 17시,금요일,충청남도 서산시 대산읍,중상사고,0,1,0,0,차대차 - 추돌,안전거리미확보,건조,맑음,교차로 - 교차로부근,승용,남,41세,상해없음,이륜,남,49세,중상
2021100100100458,2021년 10월 1일 17시,금요일,충청남도 당진시 송악읍,경상사고,0,0,1,0,차대차 - 측면충돌,안전거리미확보,건조,맑음,교차로 - 교차로안,승용,남,34세,상해없음,승용,남,37세,경상
2021100100100502,2021년 10월 1일 18시,금요일,충청남도 천안시 동남구 신부동,경상사고,0,0,2,0,차대차 - 측면충돌,기타,건조,맑음,기타 - 기타,승용,남,56세,상해없음,승용,남,26세,경상
2021100100100569,2021년 10월 1일 19시,금요일,충청남도 서산시 갈산동,중상사고,0,1,0,0,차대사람 - 횡단중,보행자보호의무위반,건조,맑음,교차로 - 교차로안,화물,남,61세,상해없음,보행자,남,67세,중상
2021100100100570,2021년 10월 1일 19시,금요일,충청남도 천안시 서북구 불당동,경상사고,0,0,1,0,차대차 - 측면충돌,안전운전불이행,건조,기타,단일로 - 기타,승용,남,69세,상해없음,승용,여,61세,경상
2021100100100601,2021년 10월 1일 20시,금요일,충청남도 아산시 둔포면,부상신고사고,0,0,0,1,차대차 - 기타,안전운전불이행,건조,맑음,교차로 - 교차로안,이륜,남,20세,상해없음,자전거,남,25세,부상신고
2021100100100602,2021년 10월 1일 20시,금요일,충청남도 당진시 석문면,중상사고,0,2,0,0,차대차 - 정면충돌,안전운전불이행,건조,맑음,단일로 - 기타,화물,남,55세,상해없음,승용,남,66세,중상
2021100100100603,2021년 10월 1일 20시,금요일,충청남도 천안시 동남구 신방동,경상사고,0,0,3,0,차대차 - 측면충돌,안전운전불이행,건조,맑음,단일로 - 기타,승용,남,61세,상해없음,승용,여,19세,경상
2021100100100669,2021년 10월 1일 22시,금요일,충청남도 천안시 서북구 성정동,경상사고,0,0,2,0,차대차 - 기타,안전운전불이행,건조,맑음,단일로 - 기타,승용,남,23세,상해없음,승용,여,21세,경상
2021100100100711,2021년 10월 1일 23시,금요일,충청남도 서산시 성연면,경상사고,0,0,3,0,차대차 - 측면충돌,안전운전불이행,젖음/습기,비,교차로 - 교차로안,승용,남,60세,상해없음,승합,남,27세,경상
2021100100100712,2021년 10월 1일 23시,금요일,충청남도 아산시 배방읍,경상사고,0,0,1,0,차대사람 - 횡단중,신호위반,젖음/습기,비,교차로 - 교차로부근,승용,남,55세,상해없음,보행자,남,54세,경상
2021100200100007,2021년 10월 2일 00시,토요일,충청남도 천안시 서북구 두정동,경상사고,0,0,1,0,차대차 - 정면충돌,중앙선침범,건조,맑음,교차로 - 교차로안,승용,남,32세,상해없음,승용,여,57세,경상
2021100200100022,2021년 10월 2일 04시,토요일,충청남도 금산군 진산면,경상사고,0,0,2,0,차대차 - 측면충돌,중앙선침범,건조,맑음,단일로 - 기타,화물,남,51세,상해없음,승용,남,55세,상해없음
2021100200100023,2021년 10월 2일 04시,토요일,충청남도 천안시 동남구 신방동,중상사고,0,1,0,0,차대차 - 추돌,안전운전불이행,젖음/습기,비,교차로 - 교차로부근,이륜,남,40세,중상,승용,여,64세,상해없음
2021100200100044,2021년 10월 2일 06시,토요일,충청남도 천안시 서북구 백석동,경상사고,0,0,2,0,차대차 - 기타,안전운전불이행,건조,맑음,교차로 - 교차로안,승용,여,35세,상해없음,승용,남,58세,경상
2021100200100069,2021년 10월 2일 08시,토요일,충청남도 당진시 합덕읍,중상사고,0,1,0,0,차대사람 - 차도통행중,안전운전불이행,건조,맑음,단일로 - 기타,승용,남,65세,상해없음,보행자,여,79세,중상
2021100200100173,2021년 10월 2일 11시,토요일,충청남도 아산시 배방읍,경상사고,0,0,2,0,차대차 - 기타,안전운전불이행,건조,맑음,주차장 - 주차장,승용,남,81세,경상,승용,남,65세,경상
2021100200100174,2021년 10월 2일 11시,토요일,충청남도 당진시 합덕읍,경상사고,0,0,1,0,차대차 - 측면충돌,신호위반,건조,맑음,교차로 - 교차로안,승용,남,61세,상해없음,승용,여,27세,경상
2021100200100222,2021년 10월 2일 12시,토요일,충청남도 서산시 부석면,경상사고,0,0,2,0,차대차 - 측면충돌,안전운전불이행,건조,맑음,기타 - 기타,승용,남,60세,상해없음,승용,남,28세,경상
2021100200100223,2021년 10월 2일 12시,토요일,충청남도 천안시 서북구 성성동,경상사고,0,0,1,0,차대차 - 측면충돌,안전운전불이행,건조,맑음,단일로 - 기타,승용,여,26세,상해없음,승용,남,31세,경상
2021100200100224,2021년 10월 2일 12시,토요일,충청남도 당진시 송산면,중상사고,0,1,1,0,차대차 - 기타,불법유턴,건조,맑음,단일로 - 기타,승용,남,50세,상해없음,화물,남,45세,중상
2021100200100264,2021년 10월 2일 13시,토요일,충청남도 부여군 은산면,경상사고,0,0,5,0,차대차 - 측면충돌,신호위반,건조,맑음,교차로 - 교차로안,승용,여,53세,상해없음,승용,남,69세,경상
2021100200100295,2021년 10월 2일 14시,토요일,충청남도 서산시 해미면,중상사고,0,1,0,0,차대차 - 측면충돌,교차로운행방법위반,건조,맑음,교차로 - 교차로안,자전거,남,13세,중상,승용,남,18세,상해없음
2021100200100334,2021년 10월 2일 15시,토요일,충청남도 아산시 탕정면,경상사고,0,0,2,0,차대차 - 기타,신호위반,건조,맑음,교차로 - 교차로안,승용,여,29세,경상,승용,남,30세,경상
2021100200100385,2021년 10월 2일 16시,토요일,충청남도 보령시 웅천읍,중상사고,0,1,0,0,차대사람 - 기타,안전운전불이행,건조,맑음,단일로 - 기타,승용,여,42세,상해없음,보행자,남,55세,중상
2021100200100386,2021년 10월 2일 16시,토요일,충청남도 천안시 동남구 원성동,중상사고,0,1,1,0,차대차 - 추돌,안전운전불이행,건조,맑음,단일로 - 기타,승용,남,41세,상해없음,승용,남,71세,경상
2021100200100424,2021년 10월 2일 17시,토요일,충청남도 천안시 서북구 불당동,경상사고,0,0,2,0,차대차 - 정면충돌,직진우회전진행방해,건조,맑음,교차로 - 교차로부근,승용,남,23세,기타불명,승용,남,28세,경상
2021100200100425,2021년 10월 2일 17시,토요일,충청남도 태안군 이원면,경상사고,0,0,2,0,차대차 - 정면충돌,중앙선침범,건조,맑음,단일로 - 기타,승용,남,37세,상해없음,승용,여,40세,경상
2021100200100461,2021년 10월 2일 18시,토요일,충청남도 천안시 서북구 성정동,경상사고,0,0,5,0,차대차 - 추돌,안전운전불이행,건조,맑음,단일로 - 기타,승용,남,45세,상해없음,승용,여,58세,경상
2021100200100462,2021년 10월 2일 18시,토요일,충청남도 보령시 명천동,사망사고,1,0,0,0,차대사람 - 횡단중,보행자보호의무위반,건조,맑음,교차로 - 교차로횡단보도내,승용,남,69세,상해없음,보행자,남,54세,사망
2021100200100515,2021년 10월 2일 19시,토요일,충청남도 서천군 장항읍,경상사고,0,0,1,0,차대사람 - 횡단중,안전운전불이행,건조,맑음,교차로 - 교차로안,승용,남,61세,상해없음,보행자,남,61세,경상
2021100200100516,2021년 10월 2일 19시,토요일,충청남도 공주시 우성면,중상사고,0,1,0,0,차대차 - 추돌,신호위반,건조,맑음,단일로 - 기타,승용,남,60세,상해없음,화물,남,65세,중상
2021100200100550,2021년 10월 2일 20시,토요일,충청남도 천안시 동남구 사직동,경상사고,0,0,1,0,차대차 - 측면충돌,중앙선침범,건조,맑음,단일로 - 터널,승용,남,25세,상해없음,승용,여,26세,경상
2021100200100574,2021년 10월 2일 21시,토요일,충청남도 천안시 서북구 성정동,경상사고,0,0,1,0,차대차 - 기타,안전거리미확보,건조,맑음,단일로 - 기타,승용,남,40세,상해없음,승용,남,26세,경상
2021100200100575,2021년 10월 2일 21시,토요일,충청남도 청양군 청양읍,중상사고,0,2,2,0,차대차 - 정면충돌,중앙선침범,건조,맑음,단일로 - 기타,승합,남,33세,중상,승용,남,56세,경상
2021100200100576,2021년 10월 2일 21시,토요일,충청남도 천안시 동남구 광덕면,경상사고,0,0,2,0,차대사람 - 기타,안전운전불이행,건조,맑음,교차로 - 교차로안,승합,남,63세,상해없음,보행자,남,51세,경상
2021100200100596,2021년 10월 2일 22시,토요일,충청남도 천안시 서북구 두정동,부상신고사고,0,0,0,1,차대차 - 측면충돌,신호위반,건조,맑음,교차로 - 교차로안,원동기,남,35세,부상신고,승용,남,18세,상해없음
2021100200100597,2021년 10월 2일 22시,토요일,충청남도 당진시 읍내동,중상사고,0,1,0,0,차대차 - 추돌,안전거리미확보,건조,맑음,단일로 - 기타,승용,남,19세,상해없음,이륜,남,37세,중상
2021100300100006,2021년 10월 3일 00시,일요일,충청남도 논산시 상월면,사망사고,1,2,0,0,차량단독 - 도로외이탈 - 기타,기타,젖음/습기,안개,단일로 - 기타,승용,남,29세,사망,,,,
2021100300100123,2021년 10월 3일 11시,일요일,충청남도 당진시 용연동,경상사고,0,0,1,0,차대차 - 추돌,안전운전불이행,건조,맑음,단일로 - 기타,승용,남,21세,상해없음,자전거,남,49세,경상