사고번호,사고일시,요일,시군구,사고내용,사망자수,중상자수,경상자수,부상신고자수,사고유형,법규위반,노면상태,기상상태,도로형태,가해운전자 차종,가해운전자 성별,가해운전자 연령,가해운전자 상해정도,피해운전자 차종,피해운전자 성별,피해운전자 연령,피해운전자 상해정도
2021100300100124,2021년 10월 3일 11시,일요일,충청남도 천안시 동남구 신방동,중상사고,0,1,0,0,차대차 - 기타,안전운전불이행,건조,맑음,교차로 - 교차로안,원동기,남,49세,중상,승용,남,48세,상해없음
2021100300100125,2021년 10월 3일 11시,일요일,충청남도 천안시 동남구 구성동,경상사고,0,0,1,0,차량단독 - 기타,기타,건조,맑음,단일로 - 기타,승합,남,58세,상해없음,,,,
2021100300100188,2021년 10월 3일 13시,일요일,충청남도 아산시 염치읍,경상사고,0,0,1,0,차대차 - 기타,안전운전불이행,건조,맑음,단일로 - 기타,화물,남,73세,상해없음,승합,남,42세,경상
2021100300100189,2021년 10월 3일 13시,일요일,충청남도 서천군 서천읍,경상사고,0,0,1,0,차대사람 - 횡단중,보행자보호의무위반,건조,맑음,교차로 - 교차로안,화물,여,64세,상해없음,보행자,남,56세,경상
2021100300100190,2021년 10월 3일 13시,일요일,충청남도 보령시 궁촌동,경상사고,0,0,5,0,차대차 - 추돌,안전운전불이행,건조,맑음,단일로 - 기타,승용,남,48세,상해없음,승용,남,30세,경상
2021100300100227,2021년 10월 3일 14시,일요일,충청남도 천안시 서북구 백석동,경상사고,0,0,1,0,차대사람 - 기타,안전운전불이행,건조,맑음,단일로 - 기타,승합,남,62세,상해없음,보행자,여,30세,경상
2021100300100265,2021년 10월 3일 15시,일요일,충청남도 천안시 서북구 두정동,경상사고,0,0,2,0,차대차 - 측면충돌,신호위반,건조,맑음,교차로 - 교차로부근,승용,남,47세,상해없음,승용,남,28세,상해없음
2021100300100266,2021년 10월 3일 15시,일요일,충청남도 당진시 우강면,중상사고,0,1,0,0,차대사람 - 기타,안전운전불이행,건조,맑음,단일로 - 기타,화물,남,62세,상해없음,보행자,여,65세,중상
2021100300100299,2021년 10월 3일 16시,일요일,충청남도 계룡시 두마면,사망사고,1,0,0,0,차대차 - 측면충돌,교차로운행방법위반,건조,맑음,교차로 - 교차로안,승용,남,41세,상해없음,이륜,여,67세,사망
2021100300100300,2021년 10월 3일 16시,일요일,충청남도 논산시 반월동,경상사고,0,0,1,0,차대사람 - 차도통행중,안전운전불이행,건조,맑음,단일로 - 기타,승용,남,66세,상해없음,보행자,여,20세,경상
2021100300100331,2021년 10월 3일 17시,일요일,충청남도 천안시 서북구 입장면,부상신고사고,0,0,0,1,차대차 - 측면충돌,직진우회전진행방해,건조,맑음,교차로 - 교차로안,화물,남,39세,상해없음,승용,남,63세,부상신고
2021100300100415,2021년 10월 3일 19시,일요일,충청남도 아산시 장존동,중상사고,0,1,0,0,차대차 - 정면충돌,안전운전불이행,건조,맑음,교차로 - 교차로안,화물,남,35세,기타불명,승용,남,47세,중상
2021100300100416,2021년 10월 3일 19시,일요일,충청남도 공주시 신관동,경상사고,0,0,1,0,차대차 - 측면충돌,신호위반,건조,맑음,교차로 - 교차로안,이륜,남,21세,기타불명,이륜,남,26세,경상
2021100300100417,2021년 10월 3일 19시,일요일,충청남도 당진시 송산면,경상사고,0,0,3,0,차대차 - 추돌,안전운전불이행,건조,기타,교차로 - 교차로부근,승용,남,63세,상해없음,승용,남,37세,경상
2021100300100447,2021년 10월 3일 20시,일요일,충청남도 아산시 용화동,중상사고,0,1,0,0,차대차 - 측면충돌,안전운전불이행,건조,흐림,단일로 - 기타,이륜,남,35세,중상,승용,남,51세,상해없음
2021100300100448,2021년 10월 3일 20시,일요일,충청남도 천안시 동남구 신방동,경상사고,0,0,2,0,차대차 - 추돌,안전운전불이행,건조,맑음,교차로 - 교차로안,승용,남,52세,상해없음,승용,남,51세,경상
2021100300100501,2021년 10월 3일 22시,일요일,충청남도 아산시 배방읍,경상사고,0,0,1,0,차대차 - 기타,신호위반,건조,맑음,교차로 - 교차로안,이륜,남,50세,상해없음,승용,남,35세,상해없음
2021100400100075,2021년 10월 4일 09시,월요일,충청남도 서산시 성연면,중상사고,0,2,0,0,차대차 - 측면충돌,신호위반,건조,맑음,교차로 - 교차로안,화물,남,79세,중상,승용,남,42세,중상
2021100400100118,2021년 10월 4일 11시,월요일,충청남도 천안시 동남구 신부동,경상사고,0,0,1,0,차대사람 - 횡단중,안전운전불이행,건조,맑음,단일로 - 기타,기타불명,기타불명,미분류,기타불명,보행자,남,45세,경상
2021100400100144,2021년 10월 4일 12시,월요일,충청남도 서산시 성연면,사망사고,1,0,0,0,차대차 - 정면충돌,교차로운행방법위반,건조,맑음,교차로 - 교차로안,화물,남,64세,상해없음,이륜,남,36세,사망
2021100400100145,2021년 10월 4일 12시,월요일,충청남도 당진시 시곡동,경상사고,0,0,1,0,차대차 - 측면충돌,안전운전불이행,건조,맑음,단일로 - 기타,승용,여,39세,상해없음,승용,남,18세,경상
2021100400100185,2021년 10월 4일 13시,월요일,충청남도 예산군 봉산면,중상사고,0,1,0,0,차량단독 - 기타,안전운전불이행,건조,맑음,단일로 - 기타,이륜,남,58세,중상,,,,
2021100400100235,2021년 10월 4일 15시,월요일,충청남도 아산시 염치읍,경상사고,0,0,2,0,차대차 - 측면충돌,차로위반,건조,맑음,단일로 - 기타,건설기계,남,65세,상해없음,승용,남,75세,경상
2021100400100317,2021년 10월 4일 17시,월요일,충청남도 천안시 서북구 성정동,경상사고,0,0,2,0,차대차 - 기타,안전운전불이행,건조,맑음,기타 - 기타,승용,여,49세,경상,승용,여,42세,경상
2021100400100355,2021년 10월 4일 18시,월요일,충청남도 서산시 대산읍,부상신고사고,0,0,0,1,차대차 - 측면충돌,불법유턴,건조,맑음,교차로 - 교차로부근,기타불명,남,79세,부상신고,승용,여,29세,상해없음
2021100400100389,2021년 10월 4일 19시,월요일,충청남도 천안시 서북구 두정동,중상사고,0,1,0,0,차대차 - 측면충돌,중앙선침범,건조,맑음,단일로 - 기타,승용,남,56세,상해없음,이륜,남,22세,중상
2021100400100428,2021년 10월 4일 20시,월요일,충청남도 서산시 읍내동,경상사고,0,0,1,0,차대사람 - 길가장자리구역통행중,교차로운행방법위반,건조,맑음,교차로 - 교차로안,승용,남,30세,상해없음,보행자,남,63세,경상
2021100400100429,2021년 10월 4일 20시,월요일,충청남도 천안시 서북구 성환읍,중상사고,0,1,0,0,차대차 - 기타,안전거리미확보,건조,맑음,단일로 - 기타,이륜,남,17세,중상,화물,남,53세,상해없음
2021100400100430,2021년 10월 4일 20시,월요일,충청남도 천안시 서북구 직산읍,경상사고,0,0,1,0,차대사람 - 기타,안전운전불이행,건조,맑음,주차장 - 주차장,승용,여,45세,상해없음,보행자,남,72세,경상
2021100400100431,2021년 10월 4일 20시,월요일,충청남도 아산시 음봉면,경상사고,0,0,1,0,차대차 - 정면충돌,안전운전불이행,건조,맑음,단일로 - 기타,승용,여,46세,상해없음,승용,여,32세,경상
2021100400100432,2021년 10월 4일 20시,월요일,충청남도 공주시 의당면,경상사고,0,0,1,0,차량단독 - 전도전복 - 전복,안전운전불이행,건조,맑음,단일로 - 기타,사륜오토바이(ATV),남,53세,경상,,,,
2021100400100433,2021년 10월 4일 20시,월요일,충청남도 예산군 예산읍,경상사고,0,0,2,0,차대차 - 추돌,안전운전불이행,건조,맑음,교차로 - 교차로부근,승용,남,33세,상해없음,승용,남,36세,경상
2021100400100458,2021년 10월 4일 21시,월요일,충청남도 태안군 태안읍,경상사고,0,0,1,0,차대차 - 추돌,안전운전불이행,건조,맑음,주차장 - 주차장,승용,남,56세,상해없음,승용,남,37세,경상
2021100400100478,2021년 10월 4일 22시,월요일,충청남도 천안시 동남구 광덕면,중상사고,0,1,0,0,차량단독 - 도로외이탈 - 추락,안전운전불이행,건조,맑음,교차로 - 교차로부근,승용,남,36세,중상,,,,
2021100400100495,2021년 10월 4일 23시,월요일,충청남도 천안시 서북구 두정동,경상사고,0,0,1,0,차대차 - 기타,안전운전불이행,건조,맑음,기타 - 기타,승용,남,48세,상해없음,승용,여,61세,경상
2021100400100496,2021년 10월 4일 23시,월요일,충청남도 천안시 동남구 안서동,경상사고,0,0,1,0,차대차 - 기타,안전운전불이행,건조,맑음,교차로 - 교차로안,승용,남,18세,상해없음,이륜,남,29세,경상
2021100500100029,2021년 10월 5일 06시,화요일,충청남도 천안시 서북구 두정동,경상사고,0,0,1,0,차대차 - 기타,안전운전불이행,건조,맑음,기타 - 기타,승용,남,47세,상해없음,승용,남,47세,경상
2021100500100043,2021년 10월 5일 07시,화요일,충청남도 보령시 명천동,중상사고,0,1,0,0,차대차 - 기타,기타,건조,맑음,단일로 - 기타,승용,남,48세,상해없음,승용,남,30세,중상
2021100500100083,2021년 10월 5일 08시,화요일,충청남도 서산시 석림동,중상사고,0,1,0,0,차대사람 - 횡단중,안전운전불이행,건조,맑음,단일로 - 기타,승용,여,40세,상해없음,보행자,여,15세,중상
2021100500100084,2021년 10월 5일 08시,화요일,충청남도 천안시 동남구 청수동,부상신고사고,0,0,0,1,차대사람 - 횡단중,안전운전불이행,건조,맑음,교차로 - 교차로부근,기타불명,기타불명,미분류,기타불명,보행자,남,15세,부상신고
2021100500100120,2021년 10월 5일 09시,화요일,충청남도 천안시 서북구 성환읍,경상사고,0,0,1,0,차대차 - 기타,안전운전불이행,건조,맑음,단일로 - 기타,승합,남,68세,기타불명,승용,남,24세,경상
2021100500100121,2021년 10월 5일 09시,화요일,충청남도 천안시 서북구 성성동,경상사고,0,0,2,0,차대차 - 기타,교차로운행방법위반,건조,맑음,교차로 - 교차로안,승용,여,49세,상해없음,승용,남,67세,경상
2021100500100122,2021년 10월 5일 09시,화요일,충청남도 천안시 동남구 광덕면,경상사고,0,0,1,0,차대차 - 측면충돌,교차로운행방법위반,건조,맑음,교차로 - 교차로안,승용,남,55세,상해없음,승용,여,52세,경상
2021100500100156,2021년 10월 5일 10시,화요일,충청남도 논산시 연무읍,중상사고,0,1,0,0,차량단독 - 공작물충돌,안전운전불이행,건조,맑음,단일로 - 기타,화물,남,57세,중상,,,,
2021100500100229,2021년 10월 5일 12시,화요일,충청남도 서천군 종천면,경상사고,0,0,1,0,차대차 - 기타,신호위반,건조,맑음,교차로 - 교차로안,화물,여,59세,상해없음,화물,남,53세,경상
2021100500100273,2021년 10월 5일 13시,화요일,충청남도 서산시 음암면,중상사고,0,1,0,0,차대차 - 측면충돌,직진우회전진행방해,건조,맑음,교차로 - 교차로안,승용,여,61세,기타불명,승용,여,53세,중상
2021100500100312,2021년 10월 5일 14시,화요일,충청남도 천안시 서북구 불당동,중상사고,0,1,0,0,차대차 - 측면충돌,안전운전불이행,건조,맑음,단일로 - 기타,화물,남,37세,상해없음,이륜,남,25세,중상
2021100500100313,2021년 10월 5일 14시,화요일,충청남도 홍성군 홍성읍,경상사고,0,0,1,0,차대차 - 측면충돌,중앙선침범,건조,맑음,단일로 - 기타,승용,여,58세,상해없음,승용,남,44세,경상
2021100500100354,2021년 10월 5일 15시,화요일,충청남도 천안시 동남구 풍세면,중상사고,0,1,1,0,차대차 - 추돌,안전운전불이행,건조,맑음,단일로 - 기타,승용,여,58세,상해없음,승용,여,62세,중상
2021100500100393,2021년 10월 5일 16시,화요일,충청남도 당진시 송악읍,중상사고,0,1,0,0,차대차 - 측면충돌,안전운전불이행,건조,맑음,교차로 - 교차로부근,원동기,남,35세,중상,화물,남,51세,상해없음
2021100500100394,2021년 10월 5일 16시,화요일,충청남도 태안군 태안읍,부상신고사고,0,0,0,1,차대사람 - 기타,안전운전불이행,건조,맑음,교차로 - 교차로부근,화물,남,66세,상해없음,보행자,남,13세,부상신고
2021100500100445,2021년 10월 5일 17시,화요일,충청남도 논산시 부적면,경상사고,0,0,2,0,차대차 - 추돌,안전운전불이행,건조,맑음,교차로 - 교차로안,승용,남,60세,상해없음,화물,남,39세,경상
2021100500100446,2021년 10월 5일 17시,화요일,충청남도 아산시 권곡동,경상사고,0,0,1,0,차대차 - 측면충돌,직진우회전진행방해,건조,맑음,교차로 - 교차로안,화물,남,47세,상해없음,원동기,남,62세,경상
2021100500100447,2021년 10월 5일 17시,화요일,충청남도 당진시 송악읍,경상사고,0,0,1,0,차대차 - 측면충돌,교차로운행방법위반,건조,맑음,교차로 - 교차로안,승용,남,80세,경상,승용,남,25세,상해없음
2021100500100448,2021년 10월 5일 17시,화요일,충청남도 천안시 동남구 북면,경상사고,0,0,1,0,차대차 - 측면충돌,안전거리미확보,건조,맑음,단일로 - 기타,이륜,남,56세,상해없음,승용,여,32세,경상
2021100500100492,2021년 10월 5일 18시,화요일,충청남도 서산시 수석동,경상사고,0,0,2,0,차대차 - 추돌,안전거리미확보,건조,맑음,교차로 - 교차로부근,승합,남,50세,상해없음,승용,여,47세,경상
2021100500100493,2021년 10월 5일 18시,화요일,충청남도 서산시 인지면,중상사고,0,1,0,0,차대차 - 추돌,안전거리미확보,젖음/습기,비,단일로 - 기타,승용,남,25세,상해없음,자전거,남,47세,중상
2021100500100494,2021년 10월 5일 18시,화요일,충청남도 천안시 서북구 성환읍,경상사고,0,0,1,0,차대차 - 기타,직진우회전진행방해,건조,맑음,교차로 - 교차로안,승용,남,32세,상해없음,이륜,남,53세,경상
2021100500100495,2021년 10월 5일 18시,화요일,충청남도 천안시 서북구 불당동,경상사고,0,0,1,0,차대차 - 기타,안전운전불이행,건조,맑음,기타 - 기타,승용,남,59세,기타불명,이륜,남,39세,경상
2021100500100496,2021년 10월 5일 18시,화요일,충청남도 당진시 송악읍,경상사고,0,0,2,0,차대차 - 측면충돌,신호위반,건조,맑음,교차로 - 교차로안,승용,여,20세,상해없음,승용,여,29세,경상
2021100500100497,2021년 10월 5일 18시,화요일,충청남도 천안시 동남구 신부동,경상사고,0,0,1,0,차대차 - 기타,불법유턴,건조,맑음,단일로 - 기타,승용,여,54세,상해없음,승합,남,61세,상해없음
2021100500100586,2021년 10월 5일 20시,화요일,충청남도 보령시 대천동,경상사고,0,0,1,0,차대차 - 기타,안전운전불이행,건조,맑음,교차로 - 교차로부근,승용,여,43세,상해없음,이륜,남,22세,경상
2021100500100587,2021년 10월 5일 20시,화요일,충청남도 보령시 주포면,사망사고,1,0,0,0,차대사람 - 차도통행중,안전운전불이행,건조,맑음,단일로 - 기타,승용,남,58세,상해없음,보행자,남,63세,사망
2021100500100588,2021년 10월 5일 20시,화요일,충청남도 당진시 석문면,경상사고,0,0,1,0,차대차 - 측면충돌,중앙선침범,건조,맑음,단일로 - 기타,승용,남,59세,상해없음,승용,남,26세,경상
2021100500100611,2021년 10월 5일 21시,화요일,충청남도 천안시 동남구 문화동,경상사고,0,0,1,0,차대사람 - 차도통행중,안전운전불이행,건조,맑음,교차로 - 교차로안,승용,남,52세,상해없음,보행자,남,71세,경상
2021100500100629,2021년 10월 5일 22시,화요일,충청남도 아산시 용화동,경상사고,0,0,2,0,차대차 - 기타,안전운전불이행,건조,맑음,단일로 - 기타,승용,남,38세,상해없음,승용,남,45세,경상
2021100500100630,2021년 10월 5일 22시,화요일,충청남도 천안시 동남구 삼룡동,중상사고,0,1,0,0,차대차 - 기타,기타,건조,맑음,단일로 - 기타,승용,여,42세,기타불명,이륜,남,57세,중상
2021100600100005,2021년 10월 6일 01시,수요일,충청남도 태안군 태안읍,사망사고,1,0,0,0,차대차 - 추돌,안전운전불이행,건조,맑음,단일로 - 기타,승용,여,33세,상해없음,자전거,남,33세,사망
2021100600100037,2021년 10월 6일 06시,수요일,충청남도 아산시 배방읍,중상사고,0,1,0,0,차대사람 - 기타,안전운전불이행,건조,맑음,기타 - 기타,기타불명,기타불명,미분류,기타불명,보행자,여,74세,중상
2021100600100038,2021년 10월 6일 06시,수요일,충청남도 태안군 근흥면,중상사고,0,1,0,0,차량단독 - 도로외이탈 - 기타,안전운전불이행,건조,맑음,단일로 - 기타,농기계,남,79세,상해없음,,,,
2021100600100094,2021년 10월 6일 08시,수요일,충청남도 예산군 예산읍,경상사고,0,0,1,0,차대차 - 측면충돌,신호위반,건조,맑음,교차로 - 교차로안,승용,여,63세,상해없음,화물,남,42세,경상
2021100600100157,2021년 10월 6일 10시,수요일,충청남도 아산시 풍기동,경상사고,0,0,1,0,차대차 - 기타,안전운전불이행,건조,맑음,교차로 - 교차로안,원동기,남,82세,상해없음,자전거,남,54세,경상
2021100600100158,2021년 10월 6일 10시,수요일,충청남도 보령시 대천동,경상사고,0,0,1,0,차대차 - 기타,안전운전불이행,건조,맑음,기타 - 기타,승용,남,82세,상해없음,자전거,남,72세,경상
2021100600100191,2021년 10월 6일 11시,수요일,충청남도 보령시 성주면,경상사고,0,0,1,0,차대차 - 기타,기타,건조,맑음,단일로 - 기타,화물,남,70세,상해없음,승합,남,52세,경상
2021100600100230,2021년 10월 6일 12시,수요일,충청남도 논산시 연산면,경상사고,0,0,1,0,차대차 - 측면충돌,신호위반,건조,맑음,교차로 - 교차로안,건설기계,남,64세,상해없음,화물,남,56세,경상
2021100600100231,2021년 10월 6일 12시,수요일,충청남도 천안시 동남구 신부동,중상사고,0,1,0,0,차대차 - 기타,기타,젖음/습기,비,단일로 - 기타,승용,남,57세,상해없음,이륜,남,36세,중상
2021100600100257,2021년 10월 6일 13시,수요일,충청남도 천안시 서북구 두정동,경상사고,0,0,1,0,차대사람 - 기타,안전운전불이행,건조,흐림,교차로 - 교차로안,승용,남,57세,상해없음,보행자,남,49세,경상
2021100600100258,2021년 10월 6일 13시,수요일,충청남도 아산시 영인면,중상사고,0,1,1,0,차대차 - 추돌,안전운전불이행,건조,맑음,단일로 - 기타,승용,남,55세,기타불명,승용,남,61세,경상
2021100600100259,2021년 10월 6일 13시,수요일,충청남도 공주시 반죽동,중상사고,0,1,0,0,차대차 - 측면충돌,교차로운행방법위반,건조,맑음,교차로 - 교차로안,화물,남,71세,상해없음,이륜,남,69세,중상
2021100600100289,2021년 10월 6일 14시,수요일,충청남도 태안군 태안읍,중상사고,0,6,0,0,차대차 - 추돌,안전운전불이행,건조,맑음,단일로 - 기타,화물,남,50세,중상,승용,남,63세,중상
2021100600100325,2021년 10월 6일 15시,수요일,충청남도 논산시 반월동,경상사고,0,0,1,0,차대차 - 측면충돌,직진우회전진행방해,건조,맑음,교차로 - 교차로안,승용,여,27세,상해없음,이륜,남,73세,경상
2021100600100326,2021년 10월 6일 15시,수요일,충청남도 금산군 복수면,경상사고,0,0,1,0,차대차 - 측면충돌,중앙선침범,건조,맑음,단일로 - 기타,승용,남,22세,상해없음,농기계,남,75세,경상
2021100600100327,2021년 10월 6일 15시,수요일,충청남도 천안시 동남구 사직동,경상사고,0,0,1,0,차대차 - 기타,안전운전불이행,건조,맑음,단일로 - 기타,승용,여,61세,상해없음,승용,여,65세,경상
2021100600100370,2021년 10월 6일 16시,수요일,충청남도 천안시 서북구 성거읍,부상신고사고,0,0,0,1,차대차 - 기타,불법유턴,건조,맑음,단일로 - 기타,자전거,남,11세,부상신고,승합,여,54세,상해없음
2021100600100371,2021년 10월 6일 16시,수요일,충청남도 천안시 서북구 두정동,경상사고,0,0,1,0,차대차 - 기타,불법유턴,건조,흐림,단일로 - 기타,이륜,남,17세,상해없음,자전거,남,21세,경상
2021100600100372,2021년 10월 6일 16시,수요일,충청남도 아산시 온천동,중상사고,0,1,0,0,차대사람 - 차도통행중,안전운전불이행,건조,맑음,교차로 - 교차로부근,승용,남,64세,기타불명,보행자,남,13세,중상
2021100600100373,2021년 10월 6일 16시,수요일,충청남도 예산군 덕산면,경상사고,0,0,1,0,차대차 - 측면충돌,안전운전불이행,건조,맑음,주차장 - 주차장,승용,남,66세,상해없음,승용,남,45세,경상
2021100600100411,2021년 10월 6일 17시,수요일,충청남도 천안시 동남구 다가동,경상사고,0,0,1,0,차대차 - 측면충돌,신호위반,건조,맑음,교차로 - 교차로안,승용,여,20세,기타불명,승용,여,34세,경상
2021100600100412,2021년 10월 6일 17시,수요일,충청남도 천안시 동남구 목천읍,경상사고,0,0,3,0,차대차 - 기타,안전운전불이행,건조,맑음,교차로 - 교차로부근,승용,남,40세,상해없음,승용,남,47세,경상
2021100600100458,2021년 10월 6일 18시,수요일,충청남도 논산시 취암동,경상사고,0,0,2,0,차대사람 - 보도통행중,보행자보호의무위반,건조,맑음,교차로 - 교차로횡단보도내,승용,남,25세,상해없음,보행자,여,45세,경상
2021100600100459,2021년 10월 6일 18시,수요일,충청남도 보령시 주포면,경상사고,0,0,2,0,차대차 - 기타,신호위반,건조,맑음,교차로 - 교차로안,승용,남,34세,상해없음,승합,남,47세,경상
2021100600100460,2021년 10월 6일 18시,수요일,충청남도 천안시 동남구 신방동,경상사고,0,0,3,0,차대차 - 기타,직진우회전진행방해,건조,맑음,교차로 - 교차로안,승용,여,38세,경상,승용,남,27세,경상
2021100600100500,2021년 10월 6일 19시,수요일,충청남도 계룡시 엄사면,경상사고,0,0,1,0,차대사람 - 기타,안전운전불이행,건조,맑음,주차장 - 주차장,승용,여,50세,상해없음,보행자,남,41세,경상
2021100600100501,2021년 10월 6일 19시,수요일,충청남도 공주시 신관동,경상사고,0,0,1,0,차대차 - 측면충돌,안전운전불이행,건조,맑음,단일로 - 기타,승용,여,58세,상해없음,승용,남,24세,경상
2021100600100540,2021년 10월 6일 20시,수요일,충청남도 태안군 태안읍,경상사고,0,0,1,0,차대사람 - 횡단중,안전운전불이행,건조,맑음,교차로 - 교차로횡단보도내,승용,남,26세,상해없음,보행자,남,49세,경상
2021100600100558,2021년 10월 6일 21시,수요일,충청남도 아산시 둔포면,경상사고,0,0,1,0,차대차 - 기타,안전운전불이행,건조,맑음,교차로 - 교차로안,이륜,남,45세,기타불명,승용,여,29세,경상
2021100600100582,2021년 10월 6일 22시,수요일,충청남도 계룡시 엄사면,중상사고,0,1,0,0,차량단독 - 공작물충돌,안전운전불이행,건조,맑음,교차로 - 교차로부근,승용,여,23세,상해없음,,,,
2021100700100035,2021년 10월 7일 06시,목요일,충청남도 천안시 서북구 두정동,경상사고,0,0,2,0,차대차 - 추돌,안전운전불이행,젖음/습기,비,교차로 - 교차로부근,화물,남,48세,상해없음,승용,남,48세,경상
2021100700100056,2021년 10월 7일 07시,목요일,충청남도 보령시 웅천읍,중상사고,0,1,0,0,차대사람 - 횡단중,기타,건조,맑음,단일로 - 기타,화물,여,60세,상해없음,보행자,여,64세,중상
2021100700100097,2021년 10월 7일 08시,목요일,충청남도 홍성군 홍성읍,경상사고,0,0,2,0,차대차 - 기타,안전운전불이행,건조,맑음,교차로 - 교차로안,승용,여,43세,상해없음,승용,남,62세,경상
2021100700100098,2021년 10월 7일 08시,목요일,충청남도 아산시 선장면,경상사고,0,0,1,0,차대차 - 정면충돌,중앙선침범,건조,맑음,교차로 - 교차로안,승용,남,52세,상해없음,화물,남,46세,경상
2021100700100125,2021년 10월 7일 09시,목요일,충청남도 천안시 동남구 신부동,경상사고,0,0,1,0,차량단독 - 전도전복 - 전도,안전운전불이행,젖음/습기,비,기타 - 기타,이륜,남,37세,경상,,,,
2021100700100153,2021년 10월 7일 10시,목요일,충청남도 천안시 동남구 목천읍,경상사고,0,0,1,1,차대차 - 기타,안전거리미확보,건조,맑음,단일로 - 기타,화물,남,60세,부상신고,승용,여,40세,경상
2021100700100258,2021년 10월 7일 13시,목요일,충청남도 서산시 동문동,경상사고,0,0,1,0,차대차 - 후진중충돌,안전운전불이행,건조,맑음,교차로 - 교차로부근,승용,남,40세,상해없음,승용,남,36세,경상
2021100700100259,2021년 10월 7일 13시,목요일,충청남도 천안시 서북구 두정동,중상사고,0,1,0,0,차대사람 - 횡단중,기타,건조,맑음,교차로 - 교차로횡단보도내,화물,남,59세,상해없음,보행자,여,72세,중상
2021100700100260,2021년 10월 7일 13시,목요일,충청남도 서천군 비인면,경상사고,0,0,1,0,차대차 - 기타,안전운전불이행,건조,맑음,교차로 - 교차로안,승용,여,64세,상해없음,원동기,남,62세,경상
2021100700100261,2021년 10월 7일 13시,목요일,충청남도 보령시 대천동,중상사고,0,1,0,0,차대사람 - 횡단중,보행자보호의무위반,젖음/습기,비,교차로 - 교차로안,승용,남,82세,상해없음,보행자,여,86세,중상
2021100700100300,2021년 10월 7일 14시,목요일,충청남도 천안시 서북구 성정동,부상신고사고,0,0,0,1,차대차 - 기타,안전운전불이행,건조,흐림,기타 - 기타,승용,여,40세,상해없음,승용,남,26세,부상신고
2021100700100391,2021년 10월 7일 17시,목요일,충청남도 천안시 동남구 광덕면,중상사고,0,1,0,0,차량단독 - 공작물충돌,안전운전불이행,건조,맑음,단일로 - 기타,승용,남,57세,중상,,,,
2021100700100494,2021년 10월 7일 19시,목요일,충청남도 서산시 예천동,중상사고,0,1,0,0,차대사람 - 횡단중,보행자보호의무위반,건조,맑음,교차로 - 교차로횡단보도내,승용,남,62세,상해없음,보행자,남,68세,중상
2021100700100495,2021년 10월 7일 19시,목요일,충청남도 서산시 읍내동,중상사고,0,1,0,0,차대차 - 측면충돌,기타,건조,맑음,교차로 - 교차로안,승용,남,35세,상해없음,이륜,남,43세,중상
2021100700100496,2021년 10월 7일 19시,목요일,충청남도 천안시 서북구 쌍용동,경상사고,0,0,1,0,차대차 - 기타,신호위반,건조,맑음,교차로 - 교차로안,이륜,남,45세,상해없음,이륜,남,31세,경상
2021100700100497,2021년 10월 7일 19시,목요일,충청남도 아산시 배방읍,경상사고,0,0,1,0,차대차 - 추돌,안전운전불이행,건조,맑음,단일로 - 기타,승합,남,40세,기타불명,승용,남,25세,경상
2021100700100498,2021년 10월 7일 19시,목요일,충청남도 당진시 읍내동,경상사고,0,0,1,0,차대차 - 기타,교차로운행방법위반,건조,맑음,교차로 - 교차로부근,승용,남,37세,상해없음,이륜,남,46세,경상
2021100700100499,2021년 10월 7일 19시,목요일,충청남도 청양군 청양읍,경상사고,0,0,2,0,차대차 - 측면충돌,안전운전불이행,건조,맑음,단일로 - 기타,승용,여,43세,상해없음,승용,남,63세,경상
2021100700100533,2021년 10월 7일 20시,목요일,충청남도 아산시 신창면,경상사고,0,0,1,0,차대차 - 측면충돌,안전운전불이행,건조,맑음,단일로 - 기타,승용,남,26세,상해없음,승용,여,49세,경상
2021100700100557,2021년 10월 7일 21시,목요일,충청남도 천안시 서북구 두정동,경상사고,0,0,1,0,차대차 - 기타,직진우회전진행방해,건조,맑음,교차로 - 교차로안,이륜,남,25세,경상,승용,여,34세,상해없음
2021100700100558,2021년 10월 7일 21시,목요일,충청남도 보령시 대천동,중상사고,0,1,0,0,차대차 - 기타,안전운전불이행,건조,맑음,교차로 - 교차로부근,승용,남,60세,상해없음,자전거,남,15세,중상
2021100700100580,2021년 10월 7일 22시,목요일,충청남도 아산시 둔포면,중상사고,0,2,2,0,차대차 - 기타,안전운전불이행,건조,흐림,단일로 - 기타,특수,남,66세,상해없음,승용,남,46세,경상
2021100700100602,2021년 10월 7일 23시,목요일,충청남도 천안시 동남구 신부동,경상사고,0,0,2,0,차대차 - 측면충돌,신호위반,젖음/습기,비,교차로 - 교차로안,이륜,남,19세,상해없음,승용,남,60세,경상
2021100800100004,2021년 10월 8일 00시,금요일,충청남도 서산시 인지면,중상사고,0,1,1,0,차대차 - 추돌,안전운전불이행,건조,맑음,교차로 - 교차로부근,화물,남,50세,상해없음,승용,여,62세,중상
2021100800100027,2021년 10월 8일 05시,금요일,충청남도 아산시 탕정면,경상사고,0,0,1,0,차대차 - 기타,안전운전불이행,건조,맑음,교차로 - 교차로안,승용,남,47세,상해없음,승용,여,28세,경상