사고번호,사고일시,요일,시군구,사고내용,사망자수,중상자수,경상자수,부상신고자수,사고유형,법규위반,노면상태,기상상태,도로형태,가해운전자 차종,가해운전자 성별,가해운전자 연령,가해운전자 상해정도,피해운전자 차종,피해운전자 성별,피해운전자 연령,피해운전자 상해정도
2021102200100180,2021년 10월 22일 10시,금요일,충청남도 당진시 수청동,경상사고,0,0,1,0,차대차 - 기타,교차로운행방법위반,건조,맑음,교차로 - 교차로안,승용,남,43세,상해없음,이륜,남,82세,경상
2021102200100181,2021년 10월 22일 10시,금요일,충청남도 천안시 동남구 신부동,경상사고,0,0,1,0,차대차 - 측면충돌,교차로운행방법위반,건조,맑음,단일로 - 기타,승용,여,47세,상해없음,화물,남,48세,경상
2021102200100215,2021년 10월 22일 11시,금요일,충청남도 천안시 서북구 두정동,경상사고,0,0,1,0,차대차 - 기타,안전거리미확보,건조,맑음,단일로 - 기타,승용,남,60세,상해없음,승용,여,59세,경상
2021102200100291,2021년 10월 22일 13시,금요일,충청남도 공주시 중동,경상사고,0,0,1,0,차대차 - 측면충돌,안전운전불이행,건조,맑음,단일로 - 기타,승용,남,53세,경상,승용,여,28세,기타불명
2021102200100331,2021년 10월 22일 14시,금요일,충청남도 부여군 구룡면,사망사고,1,0,1,0,차대차 - 추돌,안전운전불이행,건조,맑음,단일로 - 기타,승용,남,31세,사망,화물,남,38세,기타불명
2021102200100371,2021년 10월 22일 15시,금요일,충청남도 예산군 덕산면,경상사고,0,0,1,0,차대차 - 정면충돌,안전운전불이행,건조,맑음,단일로 - 기타,승용,여,35세,상해없음,승용,여,43세,경상
2021102200100421,2021년 10월 22일 16시,금요일,충청남도 천안시 서북구 성정동,경상사고,0,0,1,0,차대사람 - 기타,안전운전불이행,건조,맑음,기타 - 기타,승용,남,41세,상해없음,보행자,남,53세,경상
2021102200100422,2021년 10월 22일 16시,금요일,충청남도 당진시 합덕읍,경상사고,0,0,2,0,차대차 - 기타,기타,건조,맑음,교차로 - 교차로안,승용,남,25세,상해없음,승용,남,48세,경상
2021102200100423,2021년 10월 22일 16시,금요일,충청남도 천안시 동남구 병천면,경상사고,0,0,1,0,차대차 - 측면충돌,안전운전불이행,건조,맑음,단일로 - 교량,승용,여,59세,상해없음,화물,남,39세,경상
2021102200100424,2021년 10월 22일 16시,금요일,충청남도 태안군 태안읍,중상사고,0,1,0,0,차대차 - 기타,안전운전불이행,건조,맑음,교차로 - 교차로안,승용,여,37세,상해없음,이륜,남,70세,중상
2021102200100469,2021년 10월 22일 17시,금요일,충청남도 예산군 예산읍,경상사고,0,0,2,0,차대차 - 측면충돌,안전거리미확보,건조,맑음,교차로 - 교차로부근,승용,남,32세,경상,승용,남,41세,경상
2021102200100543,2021년 10월 22일 18시,금요일,충청남도 홍성군 갈산면,중상사고,0,1,0,0,차대차 - 추돌,안전운전불이행,건조,맑음,단일로 - 기타,승용,남,35세,중상,농기계,남,60세,상해없음
2021102200100544,2021년 10월 22일 18시,금요일,충청남도 아산시 권곡동,경상사고,0,0,1,0,차대차 - 측면충돌,신호위반,건조,맑음,교차로 - 교차로안,승용,여,51세,기타불명,승용,여,26세,경상
2021102200100545,2021년 10월 22일 18시,금요일,충청남도 보령시 남포면,경상사고,0,0,1,0,차대차 - 기타,안전운전불이행,건조,흐림,단일로 - 기타,기타불명,기타불명,미분류,기타불명,승용,남,46세,경상
2021102200100605,2021년 10월 22일 19시,금요일,충청남도 천안시 서북구 입장면,경상사고,0,0,1,0,차대차 - 기타,중앙선침범,건조,맑음,기타 - 기타,승용,여,58세,상해없음,승용,여,35세,경상
2021102200100606,2021년 10월 22일 19시,금요일,충청남도 아산시 배방읍,경상사고,0,0,2,0,차대차 - 측면충돌,안전운전불이행,건조,맑음,교차로 - 교차로안,화물,남,61세,상해없음,승용,남,26세,경상
2021102200100640,2021년 10월 22일 20시,금요일,충청남도 당진시 우두동,경상사고,0,0,1,0,차대차 - 측면충돌,안전운전불이행,건조,맑음,단일로 - 기타,승용,남,18세,상해없음,이륜,남,35세,경상
2021102200100739,2021년 10월 22일 23시,금요일,충청남도 공주시 신관동,경상사고,0,0,1,0,차대차 - 추돌,안전운전불이행,건조,맑음,교차로 - 교차로안,승용,남,27세,상해없음,승용,남,60세,경상
2021102200100740,2021년 10월 22일 23시,금요일,충청남도 당진시 읍내동,경상사고,0,0,1,0,차대차 - 기타,신호위반,건조,맑음,교차로 - 교차로안,승용,여,19세,상해없음,승용,남,22세,경상
2021102300100036,2021년 10월 23일 05시,토요일,충청남도 당진시 수청동,경상사고,0,0,1,0,차대차 - 기타,신호위반,건조,맑음,교차로 - 교차로안,건설기계,남,67세,상해없음,승용,남,53세,경상
2021102300100067,2021년 10월 23일 08시,토요일,충청남도 예산군 신양면,경상사고,0,0,2,0,차대차 - 측면충돌,안전운전불이행,건조,맑음,단일로 - 기타,승용,남,71세,상해없음,승용,남,36세,경상
2021102300100089,2021년 10월 23일 09시,토요일,충청남도 천안시 동남구 풍세면,경상사고,0,0,1,0,차대차 - 기타,안전운전불이행,건조,맑음,단일로 - 기타,화물,남,58세,상해없음,승용,남,49세,경상
2021102300100157,2021년 10월 23일 11시,토요일,충청남도 천안시 서북구 성정동,경상사고,0,0,1,0,차대차 - 측면충돌,안전운전불이행,건조,맑음,단일로 - 기타,승용,남,32세,상해없음,승용,여,41세,경상
2021102300100211,2021년 10월 23일 12시,토요일,충청남도 천안시 서북구 쌍용동,경상사고,0,0,1,0,차대사람 - 보도통행중,기타,건조,맑음,단일로 - 기타,승용,남,58세,상해없음,보행자,남,37세,경상
2021102300100212,2021년 10월 23일 12시,토요일,충청남도 홍성군 홍성읍,중상사고,0,1,0,0,차대사람 - 횡단중,안전운전불이행,건조,맑음,교차로 - 교차로횡단보도내,승용,남,61세,상해없음,보행자,여,78세,중상
2021102300100213,2021년 10월 23일 12시,토요일,충청남도 아산시 배방읍,경상사고,0,0,2,0,차대차 - 추돌,안전운전불이행,건조,맑음,단일로 - 기타,화물,남,41세,상해없음,승용,여,50세,경상
2021102300100214,2021년 10월 23일 12시,토요일,충청남도 당진시 읍내동,경상사고,0,0,1,0,차대사람 - 길가장자리구역통행중,안전운전불이행,건조,맑음,단일로 - 기타,화물,남,36세,상해없음,보행자,남,61세,경상
2021102300100254,2021년 10월 23일 13시,토요일,충청남도 천안시 서북구 성환읍,중상사고,0,4,0,0,차대차 - 측면충돌,중앙선침범,건조,맑음,단일로 - 기타,승용,여,33세,상해없음,승용,남,41세,중상
2021102300100255,2021년 10월 23일 13시,토요일,충청남도 홍성군 홍성읍,중상사고,0,1,0,0,차대차 - 측면충돌,안전운전불이행,건조,맑음,교차로 - 교차로안,화물,남,48세,상해없음,이륜,남,35세,중상
2021102300100256,2021년 10월 23일 13시,토요일,충청남도 보령시 대천동,중상사고,0,1,0,0,차대차 - 측면충돌,안전운전불이행,건조,맑음,교차로 - 교차로부근,승용,여,45세,상해없음,이륜,여,71세,중상
2021102300100302,2021년 10월 23일 14시,토요일,충청남도 당진시 석문면,경상사고,0,0,2,0,차대차 - 측면충돌,안전운전불이행,건조,맑음,단일로 - 기타,승용,남,59세,상해없음,화물,남,52세,경상
2021102300100303,2021년 10월 23일 14시,토요일,충청남도 천안시 동남구 신부동,경상사고,0,0,1,0,차대사람 - 기타,안전운전불이행,건조,맑음,교차로 - 교차로부근,승용,남,29세,상해없음,보행자,남,27세,경상
2021102300100347,2021년 10월 23일 15시,토요일,충청남도 예산군 예산읍,경상사고,0,0,6,0,차대차 - 정면충돌,중앙선침범,건조,맑음,단일로 - 기타,승용,여,30세,경상,승용,여,20세,경상
2021102300100400,2021년 10월 23일 16시,토요일,충청남도 금산군 금산읍,중상사고,0,1,0,0,차대사람 - 횡단중,안전운전불이행,건조,맑음,단일로 - 기타,화물,남,60세,상해없음,보행자,여,77세,중상
2021102300100463,2021년 10월 23일 18시,토요일,충청남도 홍성군 구항면,경상사고,0,0,2,0,차대차 - 측면충돌,안전운전불이행,건조,맑음,단일로 - 기타,승용,여,63세,상해없음,승용,남,56세,경상
2021102300100464,2021년 10월 23일 18시,토요일,충청남도 아산시 모종동,경상사고,0,0,1,0,차대차 - 기타,신호위반,건조,맑음,교차로 - 교차로안,이륜,남,20세,상해없음,이륜,남,18세,경상
2021102300100465,2021년 10월 23일 18시,토요일,충청남도 서천군 서천읍,경상사고,0,0,1,0,차대사람 - 기타,안전운전불이행,건조,맑음,교차로 - 교차로안,승용,남,61세,상해없음,보행자,남,61세,경상
2021102300100520,2021년 10월 23일 19시,토요일,충청남도 천안시 서북구 쌍용동,경상사고,0,0,1,0,차대차 - 측면충돌,중앙선침범,건조,맑음,교차로 - 교차로횡단보도내,승용,남,26세,상해없음,이륜,남,26세,경상
2021102300100521,2021년 10월 23일 19시,토요일,충청남도 논산시 은진면,경상사고,0,0,1,0,차대차 - 측면충돌,직진우회전진행방해,건조,맑음,교차로 - 교차로안,자전거,남,46세,상해없음,승용,여,22세,경상
2021102300100522,2021년 10월 23일 19시,토요일,충청남도 천안시 동남구 청수동,경상사고,0,0,3,0,차대차 - 추돌,안전거리미확보,건조,맑음,교차로 - 교차로부근,이륜,남,17세,상해없음,승용,남,26세,경상
2021102300100595,2021년 10월 23일 22시,토요일,충청남도 보령시 동대동,중상사고,0,1,1,0,차대사람 - 기타,중앙선침범,건조,맑음,단일로 - 기타,승용,남,43세,상해없음,보행자,남,33세,중상
2021102300100596,2021년 10월 23일 22시,토요일,충청남도 공주시 동현동,경상사고,0,0,1,0,차대차 - 측면충돌,안전거리미확보,건조,맑음,교차로 - 교차로부근,승용,여,25세,기타불명,승용,여,24세,경상
2021102300100615,2021년 10월 23일 23시,토요일,충청남도 예산군 덕산면,중상사고,0,2,1,0,차대차 - 정면충돌,중앙선침범,건조,맑음,단일로 - 기타,승용,여,59세,상해없음,승용,남,34세,중상
2021102400100048,2021년 10월 24일 06시,일요일,충청남도 공주시 웅진동,경상사고,0,0,2,0,차대차 - 측면충돌,중앙선침범,건조,맑음,단일로 - 기타,승용,남,24세,기타불명,승용,남,27세,경상
2021102400100067,2021년 10월 24일 08시,일요일,충청남도 서산시 성연면,경상사고,0,0,1,0,차대차 - 후진중충돌,안전운전불이행,건조,맑음,주차장 - 주차장,승용,남,48세,상해없음,승용,남,54세,경상
2021102400100068,2021년 10월 24일 08시,일요일,충청남도 아산시 배방읍,경상사고,0,0,1,0,차대차 - 추돌,안전운전불이행,건조,맑음,교차로 - 교차로부근,승용,남,66세,기타불명,승용,여,43세,경상
2021102400100081,2021년 10월 24일 09시,일요일,충청남도 예산군 응봉면,경상사고,0,0,3,0,차대차 - 측면충돌,중앙선침범,건조,맑음,단일로 - 기타,승용,남,51세,상해없음,승용,여,36세,경상
2021102400100101,2021년 10월 24일 10시,일요일,충청남도 당진시 채운동,경상사고,0,0,1,0,차대차 - 기타,안전운전불이행,건조,맑음,교차로 - 교차로횡단보도내,승용,남,75세,상해없음,자전거,남,72세,경상
2021102400100131,2021년 10월 24일 11시,일요일,충청남도 보령시 웅천읍,경상사고,0,0,1,0,차대차 - 기타,안전운전불이행,건조,맑음,교차로 - 교차로부근,승용,남,34세,경상,승용,남,51세,상해없음
2021102400100164,2021년 10월 24일 12시,일요일,충청남도 논산시 연산면,경상사고,0,0,3,0,차대차 - 추돌,안전운전불이행,건조,맑음,교차로 - 교차로부근,승용,남,30세,상해없음,승용,남,59세,경상
2021102400100198,2021년 10월 24일 13시,일요일,충청남도 천안시 동남구 신부동,중상사고,0,1,4,0,차대차 - 측면충돌,교차로운행방법위반,건조,맑음,교차로 - 교차로안,승용,남,35세,경상,승용,남,32세,중상
2021102400100236,2021년 10월 24일 14시,일요일,충청남도 논산시 노성면,중상사고,0,1,0,0,차대차 - 정면충돌,중앙선침범,건조,맑음,단일로 - 기타,승용,남,62세,상해없음,이륜,남,31세,중상
2021102400100265,2021년 10월 24일 15시,일요일,충청남도 천안시 서북구 백석동,경상사고,0,0,4,0,차대차 - 측면충돌,신호위반,건조,맑음,단일로 - 기타,승용,여,56세,상해없음,승용,남,27세,경상
2021102400100266,2021년 10월 24일 15시,일요일,충청남도 청양군 청남면,중상사고,0,1,0,0,차대차 - 측면충돌,기타,건조,맑음,교차로 - 교차로안,승용,여,61세,중상,화물,남,67세,상해없음
2021102400100267,2021년 10월 24일 15시,일요일,충청남도 천안시 동남구 다가동,중상사고,0,1,0,0,차대차 - 기타,교차로운행방법위반,건조,맑음,교차로 - 교차로안,승용,남,32세,기타불명,이륜,남,27세,중상
2021102400100294,2021년 10월 24일 16시,일요일,충청남도 천안시 서북구 불당동,경상사고,0,0,1,0,차대차 - 기타,교차로운행방법위반,건조,맑음,교차로 - 교차로부근,승용,남,72세,기타불명,자전거,남,43세,경상
2021102400100295,2021년 10월 24일 16시,일요일,충청남도 금산군 금산읍,중상사고,0,1,2,0,차대차 - 측면충돌,신호위반,건조,맑음,교차로 - 교차로안,승용,여,42세,경상,승용,남,67세,경상
2021102400100296,2021년 10월 24일 16시,일요일,충청남도 논산시 연무읍,경상사고,0,0,1,0,차대차 - 추돌,안전운전불이행,건조,맑음,단일로 - 기타,승용,여,31세,상해없음,승용,남,26세,경상
2021102400100328,2021년 10월 24일 17시,일요일,충청남도 태안군 소원면,부상신고사고,0,0,0,1,차량단독 - 기타,안전운전불이행,건조,맑음,단일로 - 기타,화물,남,67세,부상신고,,,,
2021102400100368,2021년 10월 24일 18시,일요일,충청남도 서산시 동문동,경상사고,0,0,1,0,차대사람 - 횡단중,안전운전불이행,건조,맑음,단일로 - 기타,이륜,남,41세,상해없음,보행자,여,7세,경상
2021102400100369,2021년 10월 24일 18시,일요일,충청남도 당진시 석문면,경상사고,0,0,5,0,차대차 - 추돌,안전운전불이행,건조,맑음,기타 - 기타,승용,남,43세,기타불명,승용,남,27세,경상
2021102400100370,2021년 10월 24일 18시,일요일,충청남도 천안시 동남구 수신면,부상신고사고,0,0,0,1,차대차 - 추돌,안전운전불이행,건조,맑음,단일로 - 기타,기타불명,기타불명,미분류,기타불명,승용,남,40세,부상신고
2021102400100417,2021년 10월 24일 19시,일요일,충청남도 천안시 서북구 성정동,경상사고,0,0,3,0,차대차 - 측면충돌,신호위반,건조,맑음,교차로 - 교차로안,승용,여,52세,상해없음,승용,여,31세,경상
2021102400100442,2021년 10월 24일 20시,일요일,충청남도 천안시 서북구 성정동,중상사고,0,1,0,0,차대차 - 측면충돌,직진우회전진행방해,건조,맑음,교차로 - 교차로안,승용,남,31세,상해없음,이륜,남,41세,중상
2021102400100443,2021년 10월 24일 20시,일요일,충청남도 태안군 태안읍,경상사고,0,0,4,0,차대차 - 추돌,교차로운행방법위반,건조,맑음,교차로 - 교차로안,승용,여,60세,경상,승용,남,54세,경상
2021102500100080,2021년 10월 25일 08시,월요일,충청남도 천안시 서북구 불당동,경상사고,0,0,1,0,차대차 - 측면충돌,안전거리미확보,건조,맑음,교차로 - 교차로부근,승용,여,45세,상해없음,승용,여,48세,경상
2021102500100081,2021년 10월 25일 08시,월요일,충청남도 논산시 강경읍,사망사고,1,1,0,0,차대차 - 정면충돌,안전운전불이행,건조,맑음,교차로 - 교차로안,이륜,남,80세,사망,건설기계,남,44세,상해없음
2021102500100082,2021년 10월 25일 08시,월요일,충청남도 당진시 채운동,경상사고,0,0,1,0,차대사람 - 횡단중,보행자보호의무위반,건조,맑음,단일로 - 기타,승용,남,50세,상해없음,보행자,여,20세,경상
2021102500100168,2021년 10월 25일 10시,월요일,충청남도 당진시 합덕읍,중상사고,0,1,0,0,차대차 - 추돌,안전운전불이행,건조,맑음,단일로 - 기타,화물,남,61세,상해없음,화물,남,55세,중상
2021102500100198,2021년 10월 25일 11시,월요일,충청남도 아산시 탕정면,경상사고,0,0,2,0,차대차 - 후진중충돌,안전운전불이행,건조,맑음,기타 - 기타,승용,남,27세,상해없음,승용,남,50세,경상
2021102500100199,2021년 10월 25일 11시,월요일,충청남도 당진시 신평면,경상사고,0,0,1,0,차대사람 - 길가장자리구역통행중,안전운전불이행,건조,맑음,단일로 - 기타,화물,남,82세,상해없음,보행자,여,68세,경상
2021102500100226,2021년 10월 25일 12시,월요일,충청남도 서산시 해미면,경상사고,0,0,3,0,차대차 - 측면충돌,중앙선침범,건조,맑음,단일로 - 기타,승용,남,58세,상해없음,승용,남,31세,경상
2021102500100227,2021년 10월 25일 12시,월요일,충청남도 천안시 서북구 백석동,경상사고,0,0,2,0,차대차 - 추돌,안전운전불이행,건조,맑음,단일로 - 기타,이륜,남,48세,상해없음,승용,남,56세,경상
2021102500100228,2021년 10월 25일 12시,월요일,충청남도 당진시 정미면,경상사고,0,0,1,0,차대차 - 측면충돌,안전운전불이행,건조,맑음,교차로 - 교차로안,승용,여,59세,상해없음,승용,여,48세,경상
2021102500100264,2021년 10월 25일 13시,월요일,충청남도 예산군 봉산면,경상사고,0,0,1,0,차대차 - 측면충돌,기타,건조,맑음,교차로 - 교차로안,화물,남,59세,상해없음,승용,남,60세,경상
2021102500100303,2021년 10월 25일 14시,월요일,충청남도 서산시 동문동,중상사고,0,1,3,0,차대차 - 측면충돌,신호위반,건조,맑음,교차로 - 교차로안,승용,남,24세,상해없음,승용,여,54세,경상
2021102500100304,2021년 10월 25일 14시,월요일,충청남도 천안시 동남구 구성동,경상사고,0,0,1,0,차대차 - 측면충돌,차로위반,건조,맑음,단일로 - 기타,승용,여,33세,상해없음,승용,여,55세,경상
2021102500100346,2021년 10월 25일 15시,월요일,충청남도 서산시 장동,중상사고,0,1,0,0,차대사람 - 보도통행중,기타,건조,맑음,단일로 - 기타,화물,남,66세,상해없음,보행자,여,62세,중상
2021102500100347,2021년 10월 25일 15시,월요일,충청남도 서산시 석림동,경상사고,0,0,1,0,차대차 - 추돌,안전운전불이행,건조,맑음,교차로 - 교차로부근,농기계,남,80세,상해없음,승용,남,35세,경상
2021102500100348,2021년 10월 25일 15시,월요일,충청남도 아산시 배방읍,경상사고,0,0,1,0,차대사람 - 횡단중,보행자보호의무위반,건조,맑음,교차로 - 교차로횡단보도내,화물,남,47세,상해없음,보행자,여,68세,경상
2021102500100349,2021년 10월 25일 15시,월요일,충청남도 보령시 남포면,경상사고,0,0,1,0,차량단독 - 기타,안전운전불이행,건조,맑음,단일로 - 기타,농기계,남,78세,경상,,,,
2021102500100350,2021년 10월 25일 15시,월요일,충청남도 논산시 가야곡면,경상사고,0,0,2,0,차대차 - 기타,기타,건조,맑음,단일로 - 기타,화물,남,61세,상해없음,승용,여,58세,경상
2021102500100397,2021년 10월 25일 16시,월요일,충청남도 천안시 서북구 불당동,중상사고,0,1,0,0,차대차 - 기타,안전거리미확보,건조,맑음,단일로 - 기타,자전거,남,15세,중상,승용,남,63세,상해없음
2021102500100398,2021년 10월 25일 16시,월요일,충청남도 보령시 청라면,경상사고,0,0,1,0,차대사람 - 기타,안전운전불이행,건조,맑음,단일로 - 기타,자전거,남,41세,기타불명,보행자,남,81세,경상
2021102500100442,2021년 10월 25일 17시,월요일,충청남도 서산시 해미면,중상사고,0,1,0,0,차대차 - 측면충돌,안전운전불이행,건조,맑음,단일로 - 기타,화물,남,70세,상해없음,승용,남,77세,중상
2021102500100443,2021년 10월 25일 17시,월요일,충청남도 천안시 서북구 성거읍,경상사고,0,0,1,0,차대차 - 기타,안전운전불이행,건조,맑음,기타 - 기타,화물,남,41세,경상,화물,남,64세,상해없음
2021102500100444,2021년 10월 25일 17시,월요일,충청남도 천안시 서북구 백석동,경상사고,0,0,1,0,차대차 - 기타,기타,건조,맑음,교차로 - 교차로안,이륜,남,21세,상해없음,승용,남,32세,경상
2021102500100445,2021년 10월 25일 17시,월요일,충청남도 아산시 배방읍,경상사고,0,0,1,0,차대차 - 기타,안전운전불이행,건조,맑음,교차로 - 교차로안,승용,여,69세,상해없음,승용,남,25세,경상
2021102500100486,2021년 10월 25일 18시,월요일,충청남도 보령시 대천동,경상사고,0,0,1,0,차대차 - 측면충돌,기타,건조,맑음,교차로 - 교차로안,승용,남,20세,상해없음,승합,남,71세,경상
2021102500100487,2021년 10월 25일 18시,월요일,충청남도 보령시 오천면,경상사고,0,0,1,0,차대사람 - 기타,안전운전불이행,건조,맑음,단일로 - 기타,승용,남,56세,상해없음,보행자,여,79세,경상
2021102500100540,2021년 10월 25일 19시,월요일,충청남도 천안시 서북구 성환읍,중상사고,0,1,0,0,차량단독 - 공작물충돌,안전운전불이행,건조,맑음,단일로 - 기타,승용,여,34세,상해없음,,,,
2021102500100541,2021년 10월 25일 19시,월요일,충청남도 천안시 서북구 쌍용동,경상사고,0,0,2,0,차대차 - 측면충돌,안전거리미확보,건조,맑음,교차로 - 교차로부근,승용,여,35세,상해없음,승합,남,60세,경상
2021102500100542,2021년 10월 25일 19시,월요일,충청남도 홍성군 홍성읍,사망사고,1,0,0,0,차대사람 - 차도통행중,기타,건조,맑음,교차로 - 교차로부근,승용,여,40세,상해없음,보행자,남,60세,사망
2021102500100543,2021년 10월 25일 19시,월요일,충청남도 아산시 온천동,경상사고,0,0,1,0,차대차 - 기타,신호위반,건조,맑음,교차로 - 교차로안,이륜,남,30세,상해없음,이륜,남,48세,경상
2021102500100583,2021년 10월 25일 20시,월요일,충청남도 서산시 동문동,경상사고,0,0,1,0,차대차 - 추돌,안전운전불이행,건조,맑음,교차로 - 교차로부근,기타불명,기타불명,미분류,기타불명,승용,여,54세,경상
2021102500100584,2021년 10월 25일 20시,월요일,충청남도 서산시 예천동,중상사고,0,1,0,0,차대차 - 측면충돌,중앙선침범,건조,맑음,교차로 - 교차로부근,승용,남,58세,상해없음,이륜,남,49세,중상
2021102500100585,2021년 10월 25일 20시,월요일,충청남도 아산시 온천동,중상사고,0,1,0,0,차대차 - 측면충돌,교차로운행방법위반,건조,맑음,교차로 - 교차로안,승용,남,52세,상해없음,이륜,남,17세,중상
2021102500100613,2021년 10월 25일 21시,월요일,충청남도 아산시 배방읍,경상사고,0,0,1,0,차대차 - 추돌,차로위반,건조,맑음,단일로 - 기타,승용,여,52세,상해없음,이륜,남,23세,경상
2021102500100614,2021년 10월 25일 21시,월요일,충청남도 아산시 염치읍,경상사고,0,0,1,0,차대차 - 정면충돌,신호위반,건조,맑음,교차로 - 교차로안,승용,여,69세,상해없음,승용,남,33세,경상
2021102500100615,2021년 10월 25일 21시,월요일,충청남도 공주시 옥룡동,경상사고,0,0,1,0,차대차 - 측면충돌,안전운전불이행,건조,흐림,단일로 - 기타,승용,남,20세,기타불명,승용,남,28세,경상
2021102500100616,2021년 10월 25일 21시,월요일,충청남도 천안시 동남구 봉명동,경상사고,0,0,1,0,차대차 - 추돌,안전거리미확보,건조,맑음,단일로 - 기타,이륜,남,39세,상해없음,승합,남,62세,경상
2021102500100654,2021년 10월 25일 23시,월요일,충청남도 당진시 읍내동,사망사고,1,0,0,0,차대사람 - 횡단중,신호위반,건조,맑음,교차로 - 교차로횡단보도내,승용,여,61세,상해없음,보행자,여,54세,사망
2021102600100052,2021년 10월 26일 07시,화요일,충청남도 아산시 배방읍,경상사고,0,0,1,0,차대차 - 추돌,안전운전불이행,건조,맑음,기타 - 기타,승용,남,29세,상해없음,화물,남,56세,경상
2021102600100053,2021년 10월 26일 07시,화요일,충청남도 공주시 계룡면,사망사고,1,0,0,0,차대차 - 추돌,안전운전불이행,젖음/습기,안개,단일로 - 기타,승용,남,65세,상해없음,자전거,남,86세,사망
2021102600100078,2021년 10월 26일 08시,화요일,충청남도 아산시 선장면,경상사고,0,0,1,0,차대차 - 정면충돌,신호위반,건조,맑음,교차로 - 교차로안,승용,여,57세,상해없음,승합,남,56세,경상
2021102600100116,2021년 10월 26일 09시,화요일,충청남도 천안시 서북구 쌍용동,경상사고,0,0,1,0,차대사람 - 횡단중,안전운전불이행,건조,맑음,교차로 - 교차로부근,화물,남,48세,상해없음,보행자,남,68세,경상
2021102600100117,2021년 10월 26일 09시,화요일,충청남도 천안시 동남구 구룡동,중상사고,0,1,0,0,차대사람 - 횡단중,안전운전불이행,건조,맑음,단일로 - 기타,승용,남,31세,상해없음,보행자,남,62세,중상
2021102600100185,2021년 10월 26일 11시,화요일,충청남도 논산시 채운면,중상사고,0,1,0,0,차대차 - 정면충돌,신호위반,건조,맑음,교차로 - 교차로안,승용,남,24세,상해없음,승용,남,66세,중상
2021102600100186,2021년 10월 26일 11시,화요일,충청남도 아산시 온천동,중상사고,0,1,0,0,차대차 - 기타,안전운전불이행,건조,맑음,교차로 - 교차로안,승용,남,54세,상해없음,승합,남,58세,상해없음
2021102600100187,2021년 10월 26일 11시,화요일,충청남도 천안시 동남구 신부동,경상사고,0,0,1,0,차대차 - 기타,안전운전불이행,건조,맑음,교차로 - 교차로안,승용,남,62세,상해없음,화물,남,60세,상해없음
2021102600100291,2021년 10월 26일 14시,화요일,충청남도 예산군 삽교읍,경상사고,0,0,1,0,차대차 - 추돌,안전운전불이행,건조,맑음,교차로 - 교차로안,화물,남,44세,상해없음,승용,여,66세,경상
2021102600100366,2021년 10월 26일 16시,화요일,충청남도 공주시 탄천면,중상사고,0,1,0,0,차대차 - 측면충돌,안전운전불이행,건조,맑음,교차로 - 교차로안,화물,남,52세,상해없음,이륜,남,66세,중상
2021102600100454,2021년 10월 26일 18시,화요일,충청남도 서산시 동문동,경상사고,0,0,1,0,차대사람 - 기타,안전운전불이행,건조,맑음,교차로 - 교차로부근,승용,여,60세,상해없음,보행자,여,44세,경상
2021102600100455,2021년 10월 26일 18시,화요일,충청남도 천안시 동남구 다가동,경상사고,0,0,1,0,차대차 - 기타,안전거리미확보,건조,맑음,단일로 - 기타,화물,남,66세,상해없음,승용,여,47세,경상
2021102600100456,2021년 10월 26일 18시,화요일,충청남도 아산시 권곡동,중상사고,0,1,1,0,차대차 - 측면충돌,신호위반,건조,맑음,교차로 - 교차로안,승용,남,50세,상해없음,승용,남,20세,경상
2021102600100590,2021년 10월 26일 22시,화요일,충청남도 천안시 서북구 성정동,부상신고사고,0,0,0,1,차대차 - 추돌,안전운전불이행,건조,맑음,교차로 - 교차로부근,개인형이동수단(PM),남,31세,부상신고,승용,남,50세,상해없음
2021102600100591,2021년 10월 26일 22시,화요일,충청남도 천안시 서북구 불당동,중상사고,0,1,0,0,차대사람 - 보도통행중,기타,건조,맑음,단일로 - 기타,개인형이동수단(PM),남,14세,상해없음,보행자,여,13세,중상
2021102600100592,2021년 10월 26일 22시,화요일,충청남도 천안시 서북구 쌍용동,중상사고,0,1,0,0,차대사람 - 기타,안전운전불이행,건조,맑음,단일로 - 기타,화물,남,50세,상해없음,보행자,남,39세,중상
2021102600100593,2021년 10월 26일 22시,화요일,충청남도 천안시 서북구 성정동,경상사고,0,0,1,0,차대차 - 기타,신호위반,건조,맑음,교차로 - 교차로안,승용,남,39세,상해없음,승용,남,43세,경상
2021102600100612,2021년 10월 26일 23시,화요일,충청남도 천안시 서북구 쌍용동,중상사고,0,1,0,0,차대차 - 측면충돌,안전운전불이행,건조,맑음,단일로 - 기타,승용,남,25세,상해없음,이륜,남,37세,중상
2021102700100009,2021년 10월 27일 01시,수요일,충청남도 보령시 남포면,사망사고,1,0,2,0,차량단독 - 기타,안전운전불이행,건조,맑음,단일로 - 기타,승용,남,24세,사망,,,,
2021102700100020,2021년 10월 27일 05시,수요일,충청남도 서산시 석남동,중상사고,0,2,0,0,차대사람 - 횡단중,신호위반,건조,맑음,교차로 - 교차로횡단보도내,승용,남,37세,상해없음,보행자,여,47세,중상