사고번호,사고일시,요일,시군구,사고내용,사망자수,중상자수,경상자수,부상신고자수,사고유형,법규위반,노면상태,기상상태,도로형태,가해운전자 차종,가해운전자 성별,가해운전자 연령,가해운전자 상해정도,피해운전자 차종,피해운전자 성별,피해운전자 연령,피해운전자 상해정도
2021103000100564,2021년 10월 30일 23시,토요일,충청남도 논산시 내동,경상사고,0,0,3,0,차대차 - 측면충돌,신호위반,건조,맑음,교차로 - 교차로안,승용,여,23세,경상,승용,남,59세,경상
2021103100100010,2021년 10월 31일 00시,일요일,충청남도 당진시 읍내동,중상사고,0,1,1,0,차대차 - 측면충돌,직진우회전진행방해,건조,기타,교차로 - 교차로안,승용,남,61세,상해없음,승용,남,55세,경상
2021103100100025,2021년 10월 31일 01시,일요일,충청남도 천안시 서북구 두정동,경상사고,0,0,1,0,차대사람 - 기타,안전운전불이행,건조,맑음,단일로 - 기타,승용,남,66세,상해없음,보행자,남,30세,경상
2021103100100026,2021년 10월 31일 01시,일요일,충청남도 보령시 신흑동,경상사고,0,0,1,0,차대차 - 후진중충돌,안전운전불이행,건조,맑음,단일로 - 기타,승용,남,48세,상해없음,승용,여,46세,경상
2021103100100088,2021년 10월 31일 10시,일요일,충청남도 당진시 읍내동,중상사고,0,1,1,0,차대사람 - 횡단중,보행자보호의무위반,건조,맑음,교차로 - 교차로횡단보도내,승용,여,62세,상해없음,보행자,여,40세,경상
2021103100100111,2021년 10월 31일 11시,일요일,충청남도 서산시 해미면,경상사고,0,0,1,0,차대차 - 기타,안전운전불이행,건조,맑음,교차로 - 교차로안,승용,남,49세,상해없음,승용,남,36세,경상
2021103100100112,2021년 10월 31일 11시,일요일,충청남도 논산시 부적면,중상사고,0,1,0,0,차대차 - 추돌,안전운전불이행,건조,맑음,단일로 - 기타,이륜,남,35세,기타불명,이륜,여,54세,중상
2021103100100113,2021년 10월 31일 11시,일요일,충청남도 천안시 동남구 신방동,경상사고,0,0,1,0,차대차 - 추돌,안전거리미확보,건조,맑음,교차로 - 교차로부근,승용,남,51세,기타불명,이륜,남,49세,경상
2021103100100138,2021년 10월 31일 12시,일요일,충청남도 아산시 모종동,경상사고,0,0,1,0,차대차 - 기타,안전운전불이행,건조,맑음,교차로 - 교차로안,승용,여,50세,상해없음,이륜,남,22세,경상
2021103100100139,2021년 10월 31일 12시,일요일,충청남도 부여군 은산면,경상사고,0,0,2,0,차대차 - 기타,안전운전불이행,건조,맑음,단일로 - 기타,승용,여,37세,상해없음,승용,남,34세,경상
2021103100100178,2021년 10월 31일 13시,일요일,충청남도 천안시 서북구 쌍용동,부상신고사고,0,0,0,1,차대차 - 기타,안전운전불이행,건조,맑음,기타 - 기타,화물,남,77세,기타불명,승용,남,44세,부상신고
2021103100100179,2021년 10월 31일 13시,일요일,충청남도 금산군 금산읍,중상사고,0,1,0,0,차대사람 - 기타,안전운전불이행,건조,맑음,교차로 - 교차로부근,화물,남,70세,상해없음,보행자,여,78세,중상
2021103100100213,2021년 10월 31일 14시,일요일,충청남도 공주시 신관동,중상사고,0,1,3,0,차대차 - 측면충돌,교차로운행방법위반,건조,맑음,교차로 - 교차로안,승용,남,29세,상해없음,이륜,남,44세,중상
2021103100100285,2021년 10월 31일 16시,일요일,충청남도 공주시 금성동,경상사고,0,0,1,0,차대차 - 추돌,안전운전불이행,건조,맑음,교차로 - 교차로안,이륜,남,16세,경상,승용,남,37세,상해없음
2021103100100309,2021년 10월 31일 17시,일요일,충청남도 서산시 읍내동,경상사고,0,0,4,0,차대차 - 후진중충돌,안전운전불이행,건조,맑음,단일로 - 기타,승용,여,55세,상해없음,승용,남,40세,경상
2021103100100310,2021년 10월 31일 17시,일요일,충청남도 예산군 삽교읍,경상사고,0,0,1,0,차대차 - 측면충돌,신호위반,건조,맑음,교차로 - 교차로안,화물,남,64세,상해없음,승용,남,30세,경상
2021103100100311,2021년 10월 31일 17시,일요일,충청남도 당진시 신평면,경상사고,0,0,2,0,차대사람 - 기타,안전운전불이행,건조,맑음,단일로 - 기타,승용,여,38세,상해없음,보행자,여,23세,경상
2021103100100362,2021년 10월 31일 18시,일요일,충청남도 서산시 수석동,중상사고,0,2,0,0,차대차 - 측면충돌,교차로운행방법위반,건조,맑음,교차로 - 교차로안,화물,남,43세,상해없음,승용,남,59세,중상
2021103100100363,2021년 10월 31일 18시,일요일,충청남도 천안시 서북구 불당동,경상사고,0,0,2,0,차대차 - 기타,안전거리미확보,건조,맑음,기타 - 기타,승용,여,44세,상해없음,승용,여,59세,경상
2021103100100364,2021년 10월 31일 18시,일요일,충청남도 아산시 온천동,경상사고,0,0,1,0,차대사람 - 차도통행중,안전운전불이행,건조,맑음,교차로 - 교차로안,승용,남,28세,기타불명,보행자,남,33세,경상
2021103100100365,2021년 10월 31일 18시,일요일,충청남도 예산군 삽교읍,경상사고,0,0,1,0,차량단독 - 기타,안전운전불이행,건조,맑음,단일로 - 기타,사륜오토바이(ATV),여,81세,경상,,,,
2021103100100366,2021년 10월 31일 18시,일요일,충청남도 천안시 동남구 신부동,중상사고,0,2,0,0,차대차 - 측면충돌,안전거리미확보,건조,맑음,단일로 - 기타,승용,남,28세,상해없음,승용,남,41세,중상
2021103100100367,2021년 10월 31일 18시,일요일,충청남도 천안시 동남구 신부동,중상사고,0,1,0,0,차대사람 - 횡단중,보행자보호의무위반,건조,맑음,교차로 - 교차로안,화물,남,53세,상해없음,보행자,남,28세,중상
2021103100100396,2021년 10월 31일 19시,일요일,충청남도 천안시 서북구 두정동,경상사고,0,0,3,0,차대차 - 기타,안전운전불이행,건조,맑음,기타 - 기타,승용,남,29세,기타불명,승용,남,29세,경상
2021103100100397,2021년 10월 31일 19시,일요일,충청남도 아산시 둔포면,경상사고,0,0,1,0,차량단독 - 도로외이탈 - 추락,기타,건조,기타,기타 - 기타,원동기,남,30세,경상,,,,
2021103100100451,2021년 10월 31일 21시,일요일,충청남도 당진시 읍내동,경상사고,0,0,2,0,차대차 - 기타,안전운전불이행,건조,맑음,단일로 - 기타,화물,남,53세,상해없음,승용,남,22세,경상
2021103100100494,2021년 10월 31일 23시,일요일,충청남도 천안시 서북구 성정동,부상신고사고,0,0,0,2,차대차 - 기타,신호위반,건조,맑음,교차로 - 교차로안,이륜,남,31세,상해없음,승용,남,52세,부상신고
2021110100100007,2021년 11월 1일 00시,월요일,충청남도 천안시 서북구 성환읍,경상사고,0,0,2,0,차대차 - 기타,신호위반,건조,맑음,교차로 - 교차로안,화물,남,19세,상해없음,승용,남,25세,경상
2021110100100008,2021년 11월 1일 00시,월요일,충청남도 논산시 취암동,경상사고,0,0,2,0,차대차 - 후진중충돌,안전운전불이행,건조,맑음,교차로 - 교차로부근,승용,남,21세,상해없음,승용,남,23세,경상
2021110100100009,2021년 11월 1일 00시,월요일,충청남도 천안시 동남구 삼룡동,사망사고,1,0,0,0,차량단독 - 공작물충돌,안전운전불이행,건조,맑음,단일로 - 기타,이륜,남,25세,사망,,,,
2021110100100064,2021년 11월 1일 07시,월요일,충청남도 천안시 서북구 불당동,경상사고,0,0,1,0,차대차 - 측면충돌,안전운전불이행,건조,맑음,교차로 - 교차로부근,승용,남,68세,상해없음,승용,남,33세,경상
2021110100100065,2021년 11월 1일 07시,월요일,충청남도 논산시 연무읍,경상사고,0,0,1,0,차대차 - 추돌,안전운전불이행,건조,맑음,단일로 - 기타,승용,여,50세,상해없음,승용,남,64세,경상
2021110100100066,2021년 11월 1일 07시,월요일,충청남도 당진시 우두동,경상사고,0,0,1,0,차대차 - 추돌,안전거리미확보,건조,맑음,단일로 - 기타,승용,남,48세,상해없음,승용,남,48세,경상
2021110100100131,2021년 11월 1일 09시,월요일,충청남도 천안시 서북구 쌍용동,경상사고,0,0,1,0,차대차 - 기타,교차로운행방법위반,건조,맑음,교차로 - 교차로안,승용,남,76세,상해없음,승용,남,25세,경상
2021110100100197,2021년 11월 1일 11시,월요일,충청남도 보령시 미산면,경상사고,0,0,1,0,차량단독 - 기타,안전운전불이행,건조,맑음,교차로 - 교차로안,사륜오토바이(ATV),남,85세,경상,,,,
2021110100100232,2021년 11월 1일 12시,월요일,충청남도 아산시 영인면,중상사고,0,1,2,0,차대차 - 추돌,차로위반,건조,맑음,단일로 - 기타,승용,여,52세,경상,승용,남,63세,상해없음
2021110100100262,2021년 11월 1일 13시,월요일,충청남도 홍성군 홍성읍,경상사고,0,0,1,0,차대차 - 추돌,안전운전불이행,건조,맑음,단일로 - 기타,이륜,남,60세,상해없음,승용,여,40세,경상
2021110100100263,2021년 11월 1일 13시,월요일,충청남도 태안군 남면,중상사고,0,2,0,0,차대차 - 기타,신호위반,건조,맑음,교차로 - 교차로안,승용,남,74세,상해없음,승용,남,70세,중상
2021110100100293,2021년 11월 1일 14시,월요일,충청남도 서산시 읍내동,중상사고,0,2,0,0,차대차 - 측면충돌,안전운전불이행,건조,맑음,교차로 - 교차로안,승용,남,39세,기타불명,승용,여,56세,중상
2021110100100294,2021년 11월 1일 14시,월요일,충청남도 서산시 성연면,경상사고,0,0,6,0,차대차 - 기타,안전운전불이행,건조,맑음,기타 - 기타,승용,남,39세,상해없음,화물,남,64세,경상
2021110100100296,2021년 11월 1일 14시,월요일,충청남도 공주시 정안면,중상사고,0,1,0,0,차대차 - 추돌,기타,건조,맑음,단일로 - 기타,승용,남,24세,기타불명,화물,남,54세,중상
2021110100100297,2021년 11월 1일 14시,월요일,충청남도 천안시 동남구 대흥동,경상사고,0,0,1,0,차대차 - 기타,안전운전불이행,건조,맑음,기타 - 기타,승합,남,60세,상해없음,승용,남,61세,상해없음
2021110100100340,2021년 11월 1일 15시,월요일,충청남도 천안시 서북구 성환읍,경상사고,0,0,1,0,차대차 - 추돌,안전운전불이행,건조,맑음,교차로 - 교차로부근,화물,남,32세,상해없음,승용,남,51세,경상
2021110100100382,2021년 11월 1일 16시,월요일,충청남도 천안시 서북구 백석동,경상사고,0,0,1,0,차대차 - 측면충돌,안전운전불이행,건조,맑음,교차로 - 교차로안,승용,남,82세,상해없음,승용,남,35세,경상
2021110100100383,2021년 11월 1일 16시,월요일,충청남도 공주시 계룡면,중상사고,0,1,0,0,차대사람 - 차도통행중,안전운전불이행,건조,맑음,단일로 - 기타,화물,남,22세,기타불명,보행자,여,77세,중상
2021110100100425,2021년 11월 1일 17시,월요일,충청남도 당진시 합덕읍,경상사고,0,0,1,0,차대사람 - 기타,안전운전불이행,건조,맑음,단일로 - 기타,승용,여,67세,상해없음,보행자,남,47세,경상
2021110100100475,2021년 11월 1일 18시,월요일,충청남도 천안시 서북구 두정동,경상사고,0,0,1,0,차대차 - 측면충돌,안전운전불이행,건조,맑음,교차로 - 교차로횡단보도내,개인형이동수단(PM),여,29세,경상,승용,여,31세,상해없음
2021110100100476,2021년 11월 1일 18시,월요일,충청남도 천안시 서북구 직산읍,중상사고,0,1,0,0,차량단독 - 전도전복 - 전도,안전운전불이행,기타,맑음,단일로 - 기타,이륜,남,35세,중상,,,,
2021110100100477,2021년 11월 1일 18시,월요일,충청남도 천안시 서북구 두정동,경상사고,0,0,2,0,차대차 - 추돌,안전운전불이행,건조,맑음,단일로 - 기타,원동기,남,29세,기타불명,승용,남,51세,경상
2021110100100478,2021년 11월 1일 18시,월요일,충청남도 계룡시 신도안면,경상사고,0,0,1,0,차대차 - 측면충돌,신호위반,건조,맑음,교차로 - 교차로안,승용,남,44세,상해없음,자전거,남,24세,경상
2021110100100479,2021년 11월 1일 18시,월요일,충청남도 금산군 남일면,중상사고,0,2,1,0,차대차 - 추돌,안전운전불이행,건조,맑음,단일로 - 기타,승용,여,46세,경상,농기계,남,63세,중상
2021110100100481,2021년 11월 1일 18시,월요일,충청남도 태안군 안면읍,경상사고,0,0,3,0,차대차 - 추돌,직진우회전진행방해,건조,맑음,교차로 - 교차로안,승용,남,38세,상해없음,승용,여,50세,경상
2021110100100482,2021년 11월 1일 18시,월요일,충청남도 천안시 동남구 수신면,경상사고,0,0,2,0,차대차 - 측면충돌,안전운전불이행,건조,맑음,기타 - 기타,승용,남,39세,기타불명,승용,남,39세,경상
2021110100100520,2021년 11월 1일 19시,월요일,충청남도 당진시 원당동,경상사고,0,0,2,0,차대차 - 측면충돌,신호위반,건조,맑음,교차로 - 교차로안,승합,남,40세,상해없음,승용,여,29세,경상
2021110100100544,2021년 11월 1일 20시,월요일,충청남도 서산시 해미면,경상사고,0,0,2,1,차대차 - 추돌,안전거리미확보,건조,맑음,교차로 - 교차로부근,승용,남,47세,상해없음,승용,남,25세,부상신고
2021110100100545,2021년 11월 1일 20시,월요일,충청남도 아산시 인주면,경상사고,0,0,1,0,차대차 - 기타,안전운전불이행,건조,맑음,단일로 - 기타,특수,남,51세,상해없음,승용,남,43세,경상
2021110100100595,2021년 11월 1일 22시,월요일,충청남도 당진시 대덕동,경상사고,0,0,1,0,차대차 - 추돌,안전운전불이행,건조,맑음,교차로 - 교차로부근,화물,남,55세,상해없음,승용,여,34세,경상
2021110200100006,2021년 11월 2일 00시,화요일,충청남도 당진시 정미면,경상사고,0,0,2,0,차대차 - 기타,안전운전불이행,건조,맑음,단일로 - 기타,승용,남,28세,상해없음,승용,남,66세,상해없음
2021110200100060,2021년 11월 2일 06시,화요일,충청남도 홍성군 은하면,경상사고,0,0,1,0,차대차 - 기타,안전운전불이행,건조,맑음,교차로 - 교차로안,화물,남,69세,상해없음,승용,여,59세,경상
2021110200100079,2021년 11월 2일 07시,화요일,충청남도 천안시 서북구 두정동,경상사고,0,0,2,0,차대차 - 측면충돌,교차로운행방법위반,건조,맑음,교차로 - 교차로안,승용,남,30세,상해없음,승용,남,57세,상해없음
2021110200100172,2021년 11월 2일 10시,화요일,충청남도 천안시 서북구 직산읍,중상사고,0,1,0,0,차대차 - 측면충돌,직진우회전진행방해,건조,맑음,교차로 - 교차로안,승용,여,59세,상해없음,이륜,남,70세,중상
2021110200100173,2021년 11월 2일 10시,화요일,충청남도 아산시 권곡동,경상사고,0,0,2,0,차대차 - 측면충돌,안전운전불이행,건조,맑음,교차로 - 교차로부근,화물,남,76세,상해없음,승용,여,48세,경상
2021110200100174,2021년 11월 2일 10시,화요일,충청남도 서천군 서천읍,경상사고,0,0,1,0,차대차 - 후진중충돌,안전운전불이행,건조,맑음,단일로 - 기타,승용,남,67세,상해없음,승용,여,59세,경상
2021110200100175,2021년 11월 2일 10시,화요일,충청남도 금산군 부리면,경상사고,0,0,4,0,차대차 - 정면충돌,안전운전불이행,건조,맑음,단일로 - 기타,화물,남,72세,경상,승용,여,58세,경상
2021110200100202,2021년 11월 2일 11시,화요일,충청남도 천안시 서북구 업성동,중상사고,0,1,0,0,차량단독 - 기타,안전운전불이행,건조,맑음,단일로 - 기타,승합,남,54세,상해없음,,,,
2021110200100203,2021년 11월 2일 11시,화요일,충청남도 계룡시 엄사면,경상사고,0,0,1,0,차대차 - 측면충돌,신호위반,건조,맑음,교차로 - 교차로안,화물,남,35세,상해없음,승용,남,39세,경상
2021110200100232,2021년 11월 2일 12시,화요일,충청남도 서산시 성연면,중상사고,0,2,0,0,차대차 - 추돌,안전운전불이행,건조,맑음,교차로 - 교차로부근,화물,남,53세,상해없음,화물,남,48세,중상
2021110200100233,2021년 11월 2일 12시,화요일,충청남도 천안시 서북구 성정동,경상사고,0,0,1,0,차대차 - 기타,안전운전불이행,건조,맑음,교차로 - 교차로부근,승용,여,50세,상해없음,승용,남,43세,경상
2021110200100268,2021년 11월 2일 13시,화요일,충청남도 아산시 초사동,경상사고,0,0,2,0,차대차 - 기타,기타,건조,맑음,단일로 - 기타,화물,남,61세,상해없음,승용,남,44세,경상
2021110200100269,2021년 11월 2일 13시,화요일,충청남도 천안시 동남구 목천읍,경상사고,0,0,3,0,차대차 - 기타,교차로운행방법위반,건조,맑음,교차로 - 교차로안,화물,남,47세,상해없음,승용,남,28세,경상
2021110200100306,2021년 11월 2일 14시,화요일,충청남도 서산시 동문동,경상사고,0,0,1,0,차대차 - 측면충돌,안전운전불이행,건조,맑음,교차로 - 교차로부근,승용,여,59세,상해없음,자전거,여,69세,경상
2021110200100307,2021년 11월 2일 14시,화요일,충청남도 홍성군 홍성읍,중상사고,0,1,0,0,차대사람 - 기타,안전운전불이행,건조,맑음,단일로 - 기타,승용,여,60세,상해없음,보행자,여,78세,중상
2021110200100337,2021년 11월 2일 15시,화요일,충청남도 천안시 서북구 불당동,경상사고,0,0,1,0,차대차 - 측면충돌,안전거리미확보,건조,맑음,단일로 - 기타,승용,여,28세,상해없음,화물,여,56세,경상
2021110200100369,2021년 11월 2일 16시,화요일,충청남도 천안시 서북구 성거읍,경상사고,0,0,1,0,차대사람 - 기타,안전운전불이행,건조,맑음,주차장 - 주차장,승용,여,57세,기타불명,보행자,여,11세,경상
2021110200100370,2021년 11월 2일 16시,화요일,충청남도 홍성군 홍북읍,경상사고,0,0,4,0,차대차 - 측면충돌,안전운전불이행,건조,맑음,교차로 - 교차로부근,승용,남,65세,상해없음,승용,남,36세,경상
2021110200100371,2021년 11월 2일 16시,화요일,충청남도 태안군 안면읍,중상사고,0,1,0,0,차대사람 - 기타,안전운전불이행,건조,맑음,단일로 - 기타,승용,여,63세,상해없음,보행자,남,60세,중상
2021110200100458,2021년 11월 2일 18시,화요일,충청남도 천안시 서북구 성성동,경상사고,0,0,1,0,차대차 - 추돌,안전운전불이행,건조,맑음,교차로 - 교차로부근,승용,남,47세,상해없음,승용,여,25세,경상
2021110200100518,2021년 11월 2일 19시,화요일,충청남도 아산시 용화동,경상사고,0,0,1,0,차대차 - 측면충돌,신호위반,건조,맑음,교차로 - 교차로안,이륜,남,16세,상해없음,승용,남,34세,경상
2021110200100564,2021년 11월 2일 21시,화요일,충청남도 천안시 서북구 두정동,경상사고,0,0,1,0,차대차 - 측면충돌,직진우회전진행방해,건조,맑음,교차로 - 교차로안,승용,남,26세,상해없음,이륜,남,25세,경상
2021110200100588,2021년 11월 2일 22시,화요일,충청남도 공주시 반포면,중상사고,0,2,3,0,차대차 - 측면충돌,신호위반,건조,맑음,교차로 - 교차로안,승용,여,29세,기타불명,승용,남,26세,경상
2021110200100607,2021년 11월 2일 23시,화요일,충청남도 당진시 송산면,경상사고,0,0,1,0,차대차 - 후진중충돌,안전운전불이행,건조,맑음,기타 - 기타,승용,남,32세,상해없음,이륜,남,38세,경상
2021110300100026,2021년 11월 3일 04시,수요일,충청남도 보령시 신흑동,경상사고,0,0,1,0,차대차 - 후진중충돌,안전운전불이행,건조,맑음,기타 - 기타,승용,남,37세,상해없음,승합,남,51세,경상
2021110300100043,2021년 11월 3일 06시,수요일,충청남도 천안시 서북구 성성동,사망사고,1,0,0,0,차대사람 - 횡단중,기타,건조,맑음,단일로 - 기타,승용,남,26세,상해없음,보행자,여,78세,사망
2021110300100105,2021년 11월 3일 08시,수요일,충청남도 천안시 동남구 유량동,경상사고,0,0,2,0,차대차 - 측면충돌,신호위반,건조,맑음,교차로 - 교차로안,승용,여,35세,경상,승용,남,39세,경상
2021110300100145,2021년 11월 3일 09시,수요일,충청남도 서산시 대산읍,경상사고,0,0,2,0,차대차 - 측면충돌,신호위반,건조,맑음,교차로 - 교차로안,화물,남,42세,경상,화물,남,55세,경상
2021110300100215,2021년 11월 3일 11시,수요일,충청남도 논산시 내동,중상사고,0,1,0,0,차대차 - 정면충돌,신호위반,건조,맑음,교차로 - 교차로안,이륜,남,43세,상해없음,자전거,남,65세,중상
2021110300100216,2021년 11월 3일 11시,수요일,충청남도 공주시 신관동,경상사고,0,0,1,0,차대차 - 정면충돌,신호위반,건조,맑음,교차로 - 교차로안,승용,남,21세,상해없음,승용,여,34세,경상
2021110300100256,2021년 11월 3일 12시,수요일,충청남도 천안시 서북구 성정동,경상사고,0,0,1,0,차대차 - 기타,안전운전불이행,건조,맑음,단일로 - 기타,화물,남,57세,상해없음,원동기,여,25세,경상
2021110300100283,2021년 11월 3일 13시,수요일,충청남도 천안시 서북구 불당동,경상사고,0,0,1,0,차대차 - 기타,안전운전불이행,건조,맑음,교차로 - 교차로안,이륜,남,21세,상해없음,승용,여,26세,경상
2021110300100284,2021년 11월 3일 13시,수요일,충청남도 금산군 금산읍,중상사고,0,1,1,0,차대차 - 측면충돌,신호위반,건조,맑음,교차로 - 교차로안,화물,남,84세,상해없음,승용,남,79세,경상
2021110300100475,2021년 11월 3일 18시,수요일,충청남도 논산시 연무읍,중상사고,0,1,2,0,차대차 - 추돌,안전운전불이행,건조,맑음,교차로 - 교차로부근,승용,여,30세,경상,승용,남,28세,중상
2021110300100476,2021년 11월 3일 18시,수요일,충청남도 금산군 금산읍,중상사고,0,1,0,0,차대차 - 정면충돌,중앙선침범,건조,맑음,교차로 - 교차로안,승합,남,63세,상해없음,이륜,남,43세,중상
2021110300100587,2021년 11월 3일 21시,수요일,충청남도 천안시 서북구 성거읍,중상사고,0,2,0,0,차대사람 - 기타,안전운전불이행,건조,맑음,단일로 - 기타,승용,여,53세,상해없음,보행자,남,50세,중상
2021110300100588,2021년 11월 3일 21시,수요일,충청남도 논산시 연산면,경상사고,0,0,1,0,차대차 - 측면충돌,안전운전불이행,건조,맑음,단일로 - 기타,농기계,남,60세,상해없음,승용,여,47세,경상
2021110300100589,2021년 11월 3일 21시,수요일,충청남도 당진시 송악읍,경상사고,0,0,2,0,차대차 - 추돌,안전운전불이행,건조,맑음,교차로 - 교차로안,화물,남,37세,상해없음,승용,남,28세,경상
2021110400100002,2021년 11월 4일 00시,목요일,충청남도 천안시 서북구 불당동,경상사고,0,0,1,0,차대차 - 기타,안전거리미확보,건조,맑음,단일로 - 기타,승용,남,35세,기타불명,승용,남,32세,경상
2021110400100017,2021년 11월 4일 01시,목요일,충청남도 천안시 서북구 불당동,경상사고,0,0,2,0,차대차 - 추돌,안전운전불이행,젖음/습기,비,교차로 - 교차로부근,승용,남,58세,상해없음,승용,여,26세,경상
2021110400100027,2021년 11월 4일 02시,목요일,충청남도 태안군 안면읍,중상사고,0,1,0,0,차대사람 - 차도통행중,기타,젖음/습기,비,단일로 - 기타,승용,남,33세,상해없음,보행자,남,16세,중상
2021110400100044,2021년 11월 4일 05시,목요일,충청남도 서산시 고북면,중상사고,0,1,0,0,차대차 - 추돌,안전운전불이행,젖음/습기,안개,단일로 - 기타,화물,남,64세,상해없음,이륜,남,70세,중상
2021110400100045,2021년 11월 4일 05시,목요일,충청남도 천안시 서북구 백석동,경상사고,0,0,1,0,차대차 - 기타,교차로운행방법위반,건조,맑음,단일로 - 기타,승용,여,26세,상해없음,화물,남,64세,상해없음
2021110400100063,2021년 11월 4일 06시,목요일,충청남도 천안시 서북구 성정동,중상사고,0,1,0,0,차대차 - 기타,안전운전불이행,건조,맑음,교차로 - 교차로부근,화물,남,59세,상해없음,승용,남,58세,중상
2021110400100064,2021년 11월 4일 06시,목요일,충청남도 천안시 동남구 신부동,경상사고,0,0,2,0,차대차 - 정면충돌,신호위반,건조,맑음,단일로 - 기타,승용,여,28세,경상,승용,여,31세,경상
2021110400100075,2021년 11월 4일 07시,목요일,충청남도 천안시 서북구 성성동,경상사고,0,0,1,0,차대차 - 기타,안전운전불이행,건조,맑음,기타 - 기타,승용,남,33세,기타불명,승합,남,27세,경상
2021110400100076,2021년 11월 4일 07시,목요일,충청남도 당진시 읍내동,경상사고,0,0,2,0,차대차 - 추돌,교차로운행방법위반,건조,맑음,교차로 - 교차로안,승용,남,86세,경상,승용,여,20세,경상
2021110400100116,2021년 11월 4일 08시,목요일,충청남도 서산시 동문동,부상신고사고,0,0,0,1,차대차 - 기타,교차로운행방법위반,젖음/습기,맑음,교차로 - 교차로부근,승용,여,56세,상해없음,이륜,남,28세,부상신고
2021110400100117,2021년 11월 4일 08시,목요일,충청남도 당진시 원당동,경상사고,0,0,1,0,차대사람 - 기타,안전운전불이행,건조,맑음,기타 - 기타,승용,남,66세,상해없음,보행자,남,10세,경상
2021110400100151,2021년 11월 4일 09시,목요일,충청남도 보령시 남포면,경상사고,0,0,1,0,차대차 - 측면충돌,직진우회전진행방해,건조,맑음,교차로 - 교차로안,화물,남,32세,상해없음,승용,남,27세,경상
2021110400100175,2021년 11월 4일 10시,목요일,충청남도 천안시 서북구 백석동,경상사고,0,0,1,0,차대사람 - 차도통행중,안전운전불이행,건조,맑음,교차로 - 교차로부근,승용,여,28세,상해없음,보행자,여,39세,경상
2021110400100201,2021년 11월 4일 11시,목요일,충청남도 아산시 인주면,사망사고,1,0,0,0,차대사람 - 횡단중,기타,건조,맑음,단일로 - 기타,승용,남,71세,상해없음,보행자,남,65세,사망
2021110400100202,2021년 11월 4일 11시,목요일,충청남도 천안시 동남구 성황동,중상사고,0,1,0,0,차대사람 - 횡단중,신호위반,건조,맑음,교차로 - 교차로안,승용,남,40세,상해없음,보행자,여,78세,중상
2021110400100232,2021년 11월 4일 12시,목요일,충청남도 아산시 탕정면,경상사고,0,0,2,0,차대차 - 추돌,안전운전불이행,건조,맑음,단일로 - 기타,특수,남,48세,상해없음,화물,남,59세,경상
2021110400100329,2021년 11월 4일 15시,목요일,충청남도 아산시 탕정면,경상사고,0,0,2,0,차대차 - 기타,안전운전불이행,건조,맑음,단일로 - 기타,화물,남,37세,상해없음,승용,남,36세,경상
2021110400100364,2021년 11월 4일 16시,목요일,충청남도 천안시 서북구 쌍용동,경상사고,0,0,1,0,차대차 - 기타,안전운전불이행,건조,맑음,교차로 - 교차로안,승용,여,26세,상해없음,승용,여,27세,경상
2021110400100365,2021년 11월 4일 16시,목요일,충청남도 보령시 죽정동,중상사고,0,1,0,0,차대차 - 측면충돌,중앙선침범,건조,맑음,교차로 - 교차로부근,이륜,여,71세,중상,화물,남,63세,상해없음
2021110400100366,2021년 11월 4일 16시,목요일,충청남도 보령시 천북면,경상사고,0,0,2,0,차대차 - 측면충돌,불법유턴,건조,흐림,단일로 - 기타,농기계,남,69세,경상,승용,여,42세,경상
2021110400100417,2021년 11월 4일 17시,목요일,충청남도 아산시 음봉면,경상사고,0,0,1,0,차대차 - 기타,안전운전불이행,건조,맑음,교차로 - 교차로부근,승용,여,27세,상해없음,자전거,남,45세,경상
2021110400100418,2021년 11월 4일 17시,목요일,충청남도 서천군 서면,중상사고,0,1,0,0,차대사람 - 차도통행중,안전운전불이행,건조,맑음,단일로 - 기타,승용,여,51세,상해없음,보행자,남,82세,중상
2021110400100419,2021년 11월 4일 17시,목요일,충청남도 보령시 대천동,경상사고,0,0,2,0,차대차 - 후진중충돌,안전운전불이행,젖음/습기,비,교차로 - 교차로안,기타불명,기타불명,미분류,기타불명,승용,남,60세,경상
2021110400100420,2021년 11월 4일 17시,목요일,충청남도 공주시 우성면,경상사고,0,0,1,0,차대차 - 측면충돌,신호위반,건조,맑음,교차로 - 교차로안,화물,남,75세,상해없음,화물,남,54세,경상
2021110400100421,2021년 11월 4일 17시,목요일,충청남도 부여군 규암면,중상사고,0,1,0,0,차대사람 - 보도통행중,보행자보호의무위반,건조,맑음,교차로 - 교차로부근,승용,여,64세,상해없음,보행자,남,79세,중상
2021110400100474,2021년 11월 4일 18시,목요일,충청남도 서산시 부석면,중상사고,0,1,0,0,차대사람 - 길가장자리구역통행중,안전운전불이행,건조,흐림,단일로 - 기타,승용,남,72세,상해없음,보행자,여,51세,중상
2021110400100475,2021년 11월 4일 18시,목요일,충청남도 천안시 서북구 성성동,경상사고,0,0,1,1,차대차 - 측면충돌,신호위반,건조,흐림,교차로 - 교차로안,화물,남,54세,부상신고,화물,남,65세,경상