사고번호,사고일시,요일,시군구,사고내용,사망자수,중상자수,경상자수,부상신고자수,사고유형,법규위반,노면상태,기상상태,도로형태,가해운전자 차종,가해운전자 성별,가해운전자 연령,가해운전자 상해정도,피해운전자 차종,피해운전자 성별,피해운전자 연령,피해운전자 상해정도
2021110400100476,2021년 11월 4일 18시,목요일,충청남도 서천군 한산면,중상사고,0,2,2,0,차대차 - 측면충돌,안전운전불이행,건조,맑음,교차로 - 교차로안,승용,남,74세,중상,화물,남,59세,경상
2021110400100538,2021년 11월 4일 19시,목요일,충청남도 홍성군 광천읍,중상사고,0,1,0,0,차대차 - 추돌,안전운전불이행,건조,맑음,단일로 - 기타,화물,남,32세,상해없음,이륜,남,39세,중상
2021110400100539,2021년 11월 4일 19시,목요일,충청남도 당진시 송악읍,경상사고,0,0,1,0,차대사람 - 기타,안전운전불이행,건조,맑음,교차로 - 교차로부근,승용,남,57세,상해없음,보행자,남,55세,경상
2021110400100566,2021년 11월 4일 20시,목요일,충청남도 아산시 온천동,중상사고,0,1,0,0,차대사람 - 횡단중,안전운전불이행,건조,흐림,교차로 - 교차로횡단보도내,승용,남,34세,상해없음,보행자,여,70세,중상
2021110400100567,2021년 11월 4일 20시,목요일,충청남도 천안시 동남구 청당동,경상사고,0,0,1,0,차대사람 - 횡단중,보행자보호의무위반,건조,맑음,교차로 - 교차로안,승용,남,31세,상해없음,보행자,남,57세,경상
2021110400100605,2021년 11월 4일 22시,목요일,충청남도 천안시 서북구 와촌동,경상사고,0,0,2,0,차대차 - 기타,안전운전불이행,건조,맑음,단일로 - 기타,승합,남,50세,상해없음,승용,남,25세,경상
2021110400100606,2021년 11월 4일 22시,목요일,충청남도 홍성군 금마면,중상사고,0,1,0,0,차대사람 - 기타,안전운전불이행,젖음/습기,안개,단일로 - 기타,승용,남,36세,상해없음,보행자,남,60세,중상
2021110400100607,2021년 11월 4일 22시,목요일,충청남도 천안시 서북구 성거읍,중상사고,0,1,1,0,차대차 - 측면충돌,안전거리미확보,건조,맑음,단일로 - 기타,승용,남,30세,상해없음,승용,남,41세,중상
2021110500100007,2021년 11월 5일 00시,금요일,충청남도 서산시 읍내동,중상사고,0,1,0,0,차대차 - 기타,안전운전불이행,건조,맑음,교차로 - 교차로안,승용,여,45세,상해없음,승용,남,31세,중상
2021110500100008,2021년 11월 5일 00시,금요일,충청남도 서산시 읍내동,중상사고,0,1,0,0,차대차 - 기타,신호위반,젖음/습기,흐림,교차로 - 교차로안,승용,남,51세,상해없음,이륜,남,34세,중상
2021110500100009,2021년 11월 5일 00시,금요일,충청남도 예산군 삽교읍,경상사고,0,0,1,0,차대차 - 측면충돌,신호위반,젖음/습기,안개,교차로 - 교차로안,승용,여,44세,상해없음,승용,여,28세,경상
2021110500100049,2021년 11월 5일 05시,금요일,충청남도 천안시 동남구 용곡동,경상사고,0,0,1,0,차대차 - 기타,안전운전불이행,건조,맑음,단일로 - 기타,기타불명,기타불명,미분류,기타불명,승용,여,53세,경상
2021110500100078,2021년 11월 5일 07시,금요일,충청남도 천안시 동남구 봉명동,경상사고,0,0,1,0,차대차 - 기타,안전운전불이행,건조,맑음,단일로 - 기타,승용,남,27세,상해없음,화물,남,61세,경상
2021110500100154,2021년 11월 5일 09시,금요일,충청남도 보령시 청라면,사망사고,2,1,0,0,차대차 - 기타,기타,건조,맑음,단일로 - 기타,농기계,남,55세,상해없음,화물,남,66세,중상
2021110500100183,2021년 11월 5일 10시,금요일,충청남도 태안군 소원면,경상사고,0,0,1,0,차대차 - 정면충돌,중앙선침범,건조,맑음,단일로 - 기타,화물,남,41세,상해없음,화물,남,69세,경상
2021110500100239,2021년 11월 5일 12시,금요일,충청남도 홍성군 갈산면,경상사고,0,0,1,0,차대차 - 기타,안전운전불이행,건조,맑음,단일로 - 기타,승용,남,59세,상해없음,농기계,남,72세,경상
2021110500100240,2021년 11월 5일 12시,금요일,충청남도 태안군 태안읍,경상사고,0,0,2,0,차대차 - 측면충돌,교차로운행방법위반,건조,맑음,교차로 - 교차로안,승용,여,41세,경상,이륜,남,35세,경상
2021110500100279,2021년 11월 5일 13시,금요일,충청남도 아산시 모종동,중상사고,0,1,0,0,차대사람 - 기타,신호위반,건조,맑음,교차로 - 교차로안,건설기계,남,51세,상해없음,보행자,남,34세,중상
2021110500100280,2021년 11월 5일 13시,금요일,충청남도 아산시 선장면,경상사고,0,0,1,0,차대차 - 기타,안전운전불이행,건조,맑음,교차로 - 교차로안,화물,남,48세,상해없음,승용,남,50세,경상
2021110500100281,2021년 11월 5일 13시,금요일,충청남도 홍성군 은하면,경상사고,0,0,1,0,차대차 - 추돌,안전운전불이행,건조,맑음,단일로 - 기타,승용,여,48세,상해없음,화물,남,61세,경상
2021110500100349,2021년 11월 5일 15시,금요일,충청남도 서천군 마서면,경상사고,0,0,3,0,차대차 - 측면충돌,신호위반,건조,맑음,교차로 - 교차로안,승용,남,64세,경상,승용,여,71세,경상
2021110500100350,2021년 11월 5일 15시,금요일,충청남도 천안시 동남구 풍세면,경상사고,0,0,1,0,차대차 - 추돌,안전운전불이행,건조,맑음,교차로 - 교차로부근,승용,남,55세,상해없음,화물,남,67세,경상
2021110500100438,2021년 11월 5일 17시,금요일,충청남도 천안시 서북구 두정동,부상신고사고,0,0,0,1,차량단독 - 기타,안전운전불이행,건조,맑음,교차로 - 교차로안,이륜,남,25세,부상신고,,,,
2021110500100439,2021년 11월 5일 17시,금요일,충청남도 아산시 신창면,부상신고사고,0,0,0,1,차대차 - 기타,교차로운행방법위반,건조,맑음,교차로 - 교차로안,이륜,남,69세,부상신고,승용,남,72세,상해없음
2021110500100507,2021년 11월 5일 18시,금요일,충청남도 천안시 서북구 성성동,부상신고사고,0,0,0,1,차대차 - 기타,안전거리미확보,건조,맑음,단일로 - 기타,이륜,남,31세,부상신고,승용,남,47세,상해없음
2021110500100508,2021년 11월 5일 18시,금요일,충청남도 보령시 동대동,중상사고,0,1,0,0,차대차 - 기타,중앙선침범,건조,맑음,단일로 - 기타,승용,남,43세,상해없음,이륜,남,36세,중상
2021110500100509,2021년 11월 5일 18시,금요일,충청남도 부여군 옥산면,경상사고,0,0,2,0,차대차 - 측면충돌,신호위반,건조,맑음,교차로 - 교차로안,화물,남,24세,경상,승용,여,46세,경상
2021110500100562,2021년 11월 5일 19시,금요일,충청남도 천안시 서북구 두정동,경상사고,0,0,1,0,차대사람 - 횡단중,신호위반,건조,맑음,교차로 - 교차로안,승용,남,34세,상해없음,보행자,남,45세,경상
2021110500100563,2021년 11월 5일 19시,금요일,충청남도 아산시 좌부동,경상사고,0,0,2,0,차대차 - 추돌,안전운전불이행,건조,맑음,단일로 - 기타,승용,남,77세,상해없음,승용,남,49세,경상
2021110500100606,2021년 11월 5일 20시,금요일,충청남도 아산시 모종동,중상사고,0,1,0,0,차대사람 - 기타,안전운전불이행,건조,맑음,단일로 - 기타,승용,남,38세,상해없음,보행자,남,64세,중상
2021110500100607,2021년 11월 5일 20시,금요일,충청남도 아산시 풍기동,경상사고,0,0,1,0,차대차 - 기타,차로위반,건조,맑음,단일로 - 기타,승용,여,47세,상해없음,이륜,남,27세,경상
2021110500100671,2021년 11월 5일 22시,금요일,충청남도 아산시 배방읍,경상사고,0,0,1,0,차대사람 - 기타,보행자보호의무위반,건조,맑음,교차로 - 교차로횡단보도내,승용,남,37세,상해없음,보행자,여,13세,경상
2021110500100693,2021년 11월 5일 23시,금요일,충청남도 천안시 서북구 두정동,경상사고,0,0,1,0,차대차 - 기타,안전운전불이행,건조,맑음,단일로 - 기타,개인형이동수단(PM),남,18세,상해없음,승용,남,58세,상해없음
2021110600100013,2021년 11월 6일 00시,토요일,충청남도 아산시 염치읍,경상사고,0,0,1,0,차대차 - 기타,신호위반,건조,맑음,교차로 - 교차로안,승용,남,29세,상해없음,이륜,남,26세,경상
2021110600100071,2021년 11월 6일 06시,토요일,충청남도 당진시 시곡동,경상사고,0,0,2,0,차대차 - 측면충돌,안전거리미확보,건조,기타,단일로 - 기타,승용,여,60세,상해없음,승용,남,28세,경상
2021110600100112,2021년 11월 6일 09시,토요일,충청남도 아산시 탕정면,중상사고,0,2,5,0,차대차 - 추돌,안전운전불이행,건조,맑음,기타 - 기타,승용,여,37세,경상,승용,남,30세,중상
2021110600100113,2021년 11월 6일 09시,토요일,충청남도 부여군 남면,중상사고,0,1,0,0,차대차 - 기타,안전운전불이행,건조,맑음,주차장 - 주차장,승용,여,60세,상해없음,이륜,여,59세,중상
2021110600100133,2021년 11월 6일 10시,토요일,충청남도 아산시 풍기동,경상사고,0,0,1,0,차대차 - 기타,안전운전불이행,건조,맑음,단일로 - 기타,승용,여,50세,상해없음,승용,여,32세,경상
2021110600100165,2021년 11월 6일 11시,토요일,충청남도 서천군 화양면,중상사고,0,1,0,0,차량단독 - 전도전복 - 전도,안전운전불이행,건조,맑음,단일로 - 기타,이륜,남,66세,중상,,,,
2021110600100166,2021년 11월 6일 11시,토요일,충청남도 당진시 채운동,경상사고,0,0,1,0,차대차 - 측면충돌,안전거리미확보,건조,맑음,단일로 - 기타,승용,남,73세,상해없음,승용,남,42세,경상
2021110600100208,2021년 11월 6일 12시,토요일,충청남도 서산시 음암면,경상사고,0,0,3,0,차대차 - 추돌,안전운전불이행,건조,맑음,단일로 - 교량,승용,여,49세,상해없음,승용,여,40세,경상
2021110600100209,2021년 11월 6일 12시,토요일,충청남도 아산시 배방읍,경상사고,0,0,1,0,차대차 - 기타,안전운전불이행,건조,맑음,교차로 - 교차로부근,승합,남,69세,기타불명,승용,여,58세,경상
2021110600100210,2021년 11월 6일 12시,토요일,충청남도 보령시 미산면,중상사고,0,1,1,0,차량단독 - 기타,안전운전불이행,건조,맑음,기타 - 기타,화물,남,44세,상해없음,,,,
2021110600100238,2021년 11월 6일 13시,토요일,충청남도 천안시 서북구 성정동,부상신고사고,0,0,0,1,차대사람 - 기타,안전운전불이행,건조,맑음,기타 - 기타,화물,남,54세,상해없음,보행자,남,38세,부상신고
2021110600100239,2021년 11월 6일 13시,토요일,충청남도 천안시 서북구 쌍용동,부상신고사고,0,0,0,1,차대차 - 기타,안전운전불이행,건조,맑음,교차로 - 교차로안,자전거,남,10세,부상신고,승용,여,53세,상해없음
2021110600100240,2021년 11월 6일 13시,토요일,충청남도 천안시 동남구 목천읍,중상사고,0,2,6,0,차대차 - 측면충돌,중앙선침범,건조,맑음,단일로 - 기타,승용,남,63세,상해없음,승용,남,58세,상해없음
2021110600100371,2021년 11월 6일 16시,토요일,충청남도 천안시 서북구 성정동,경상사고,0,0,1,0,차량단독 - 기타,안전운전불이행,건조,맑음,단일로 - 기타,승합,남,52세,상해없음,,,,
2021110600100372,2021년 11월 6일 16시,토요일,충청남도 당진시 송악읍,경상사고,0,0,1,0,차대차 - 측면충돌,신호위반,건조,맑음,교차로 - 교차로안,화물,남,61세,상해없음,승용,남,28세,경상
2021110600100373,2021년 11월 6일 16시,토요일,충청남도 천안시 동남구 신부동,중상사고,0,1,0,0,차대차 - 측면충돌,기타,건조,맑음,교차로 - 교차로안,이륜,남,31세,중상,화물,남,26세,상해없음
2021110600100374,2021년 11월 6일 16시,토요일,충청남도 태안군 태안읍,경상사고,0,0,1,0,차대차 - 정면충돌,교차로운행방법위반,건조,맑음,교차로 - 교차로안,승용,남,64세,상해없음,승용,여,62세,경상
2021110600100415,2021년 11월 6일 17시,토요일,충청남도 예산군 덕산면,경상사고,0,0,3,0,차대차 - 측면충돌,차로위반,건조,맑음,교차로 - 교차로부근,화물,남,76세,상해없음,승용,남,56세,경상
2021110600100508,2021년 11월 6일 19시,토요일,충청남도 서산시 동문동,경상사고,0,0,1,0,차대차 - 측면충돌,직진우회전진행방해,건조,맑음,교차로 - 교차로안,이륜,남,52세,경상,화물,남,60세,상해없음
2021110600100509,2021년 11월 6일 19시,토요일,충청남도 당진시 송악읍,중상사고,0,1,1,0,차대차 - 측면충돌,신호위반,건조,맑음,교차로 - 교차로안,승용,여,46세,상해없음,승용,여,52세,경상
2021110600100540,2021년 11월 6일 20시,토요일,충청남도 서산시 팔봉면,경상사고,0,0,1,0,차대차 - 기타,안전운전불이행,건조,맑음,단일로 - 기타,승용,남,66세,상해없음,승용,남,56세,경상
2021110600100541,2021년 11월 6일 20시,토요일,충청남도 예산군 오가면,경상사고,0,0,1,0,차대차 - 측면충돌,직진우회전진행방해,건조,맑음,교차로 - 교차로안,승용,남,62세,상해없음,승용,남,35세,경상
2021110600100606,2021년 11월 6일 22시,토요일,충청남도 서산시 동문동,경상사고,0,0,1,0,차대차 - 측면충돌,직진우회전진행방해,건조,맑음,교차로 - 교차로안,이륜,남,31세,경상,승용,남,70세,상해없음
2021110600100607,2021년 11월 6일 22시,토요일,충청남도 논산시 취암동,경상사고,0,0,1,0,차대사람 - 차도통행중,안전운전불이행,건조,맑음,단일로 - 기타,승용,여,55세,상해없음,보행자,남,32세,경상
2021110600100628,2021년 11월 6일 23시,토요일,충청남도 서산시 예천동,중상사고,0,1,0,0,차대차 - 측면충돌,불법유턴,건조,맑음,교차로 - 교차로부근,승용,남,23세,상해없음,승용,남,39세,중상
2021110600100629,2021년 11월 6일 23시,토요일,충청남도 서산시 예천동,경상사고,0,0,1,0,차대차 - 추돌,안전운전불이행,건조,맑음,교차로 - 교차로안,승용,남,41세,상해없음,이륜,남,36세,경상
2021110600100630,2021년 11월 6일 23시,토요일,충청남도 아산시 배방읍,경상사고,0,0,2,0,차대차 - 측면충돌,신호위반,건조,맑음,교차로 - 교차로안,승용,여,43세,상해없음,승용,남,54세,경상
2021110700100026,2021년 11월 7일 01시,일요일,충청남도 아산시 온천동,경상사고,0,0,1,0,차대차 - 기타,안전운전불이행,젖음/습기,흐림,단일로 - 기타,승용,남,30세,상해없음,승합,남,32세,경상
2021110700100075,2021년 11월 7일 09시,일요일,충청남도 홍성군 홍성읍,경상사고,0,0,2,0,차대차 - 측면충돌,안전운전불이행,건조,맑음,교차로 - 교차로안,승용,여,50세,상해없음,승용,여,39세,상해없음
2021110700100076,2021년 11월 7일 09시,일요일,충청남도 태안군 태안읍,경상사고,0,0,2,0,차대차 - 측면충돌,교차로운행방법위반,건조,맑음,교차로 - 교차로안,승용,남,48세,상해없음,승용,여,39세,경상
2021110700100094,2021년 11월 7일 10시,일요일,충청남도 천안시 서북구 성성동,경상사고,0,0,2,0,차대차 - 측면충돌,신호위반,건조,맑음,교차로 - 교차로안,승용,남,55세,경상,이륜,남,25세,경상
2021110700100095,2021년 11월 7일 10시,일요일,충청남도 아산시 염치읍,중상사고,0,1,0,0,차대차 - 기타,안전운전불이행,건조,맑음,교차로 - 교차로안,자전거,남,51세,상해없음,자전거,남,60세,중상
2021110700100096,2021년 11월 7일 10시,일요일,충청남도 천안시 동남구 광덕면,중상사고,0,1,1,0,차대차 - 측면충돌,중앙선침범,건조,맑음,단일로 - 기타,승용,남,50세,상해없음,승용,남,44세,상해없음
2021110700100152,2021년 11월 7일 12시,일요일,충청남도 천안시 서북구 두정동,경상사고,0,0,1,0,차대사람 - 보도통행중,기타,건조,맑음,기타 - 기타,원동기,남,26세,기타불명,보행자,남,23세,경상
2021110700100153,2021년 11월 7일 12시,일요일,충청남도 천안시 서북구 성정동,경상사고,0,0,1,0,차대차 - 측면충돌,직진우회전진행방해,건조,맑음,교차로 - 교차로안,승용,여,24세,상해없음,이륜,남,35세,경상
2021110700100154,2021년 11월 7일 12시,일요일,충청남도 보령시 궁촌동,경상사고,0,0,2,0,차대차 - 기타,신호위반,건조,맑음,교차로 - 교차로안,승용,여,58세,상해없음,승용,남,53세,경상
2021110700100155,2021년 11월 7일 12시,일요일,충청남도 천안시 동남구 삼룡동,경상사고,0,0,3,0,차대차 - 측면충돌,중앙선침범,건조,맑음,교차로 - 교차로안,승용,남,63세,상해없음,승용,남,60세,경상
2021110700100185,2021년 11월 7일 13시,일요일,충청남도 천안시 서북구 부대동,경상사고,0,0,2,0,차대차 - 기타,안전거리미확보,건조,맑음,기타 - 기타,승용,남,40세,상해없음,승용,남,23세,경상
2021110700100264,2021년 11월 7일 15시,일요일,충청남도 천안시 동남구 삼룡동,경상사고,0,0,1,0,차대차 - 추돌,안전거리미확보,건조,맑음,단일로 - 기타,승용,여,40세,상해없음,승용,남,38세,경상
2021110700100305,2021년 11월 7일 16시,일요일,충청남도 서산시 대산읍,경상사고,0,0,1,0,차대차 - 기타,기타,건조,맑음,교차로 - 교차로부근,승용,남,36세,상해없음,승용,남,52세,기타불명
2021110700100306,2021년 11월 7일 16시,일요일,충청남도 천안시 동남구 목천읍,경상사고,0,0,2,0,차대차 - 후진중충돌,안전운전불이행,건조,맑음,단일로 - 기타,화물,남,61세,상해없음,승용,남,37세,경상
2021110700100332,2021년 11월 7일 17시,일요일,충청남도 천안시 서북구 성성동,경상사고,0,0,4,0,차대차 - 추돌,안전운전불이행,건조,맑음,단일로 - 기타,승용,남,79세,상해없음,승용,남,33세,경상
2021110700100333,2021년 11월 7일 17시,일요일,충청남도 아산시 온천동,중상사고,0,1,0,0,차대사람 - 차도통행중,안전운전불이행,건조,흐림,교차로 - 교차로안,승용,여,62세,상해없음,보행자,여,69세,중상
2021110700100365,2021년 11월 7일 18시,일요일,충청남도 아산시 송악면,중상사고,0,1,0,0,차대차 - 기타,안전운전불이행,건조,맑음,단일로 - 기타,승용,남,54세,상해없음,농기계,남,72세,중상
2021110700100366,2021년 11월 7일 18시,일요일,충청남도 예산군 삽교읍,경상사고,0,0,1,0,차대차 - 측면충돌,안전거리미확보,건조,맑음,교차로 - 교차로안,승합,남,71세,상해없음,승용,여,57세,경상
2021110700100367,2021년 11월 7일 18시,일요일,충청남도 태안군 태안읍,경상사고,0,0,2,0,차대차 - 추돌,안전운전불이행,건조,맑음,기타 - 기타,화물,남,71세,상해없음,농기계,남,76세,경상
2021110700100470,2021년 11월 7일 22시,일요일,충청남도 금산군 추부면,경상사고,0,0,1,0,차대차 - 기타,안전운전불이행,건조,맑음,단일로 - 기타,승용,남,34세,상해없음,건설기계,남,41세,경상
2021110800100021,2021년 11월 8일 02시,월요일,충청남도 논산시 연무읍,경상사고,0,0,1,0,차대차 - 기타,안전운전불이행,건조,맑음,단일로 - 기타,승용,남,31세,상해없음,승용,남,34세,경상
2021110800100052,2021년 11월 8일 06시,월요일,충청남도 서산시 대산읍,중상사고,0,1,1,0,차대차 - 기타,불법유턴,젖음/습기,비,교차로 - 교차로안,화물,남,54세,상해없음,승용,남,42세,중상
2021110800100082,2021년 11월 8일 07시,월요일,충청남도 서산시 읍내동,중상사고,0,1,0,0,차대사람 - 횡단중,보행자보호의무위반,젖음/습기,비,단일로 - 기타,승용,남,73세,상해없음,보행자,여,40세,중상
2021110800100083,2021년 11월 8일 07시,월요일,충청남도 보령시 신흑동,경상사고,0,0,3,0,차대차 - 기타,직진우회전진행방해,젖음/습기,비,교차로 - 교차로안,승용,남,21세,경상,화물,남,45세,경상
2021110800100111,2021년 11월 8일 08시,월요일,충청남도 서산시 대산읍,중상사고,0,1,0,0,차대차 - 측면충돌,신호위반,젖음/습기,비,교차로 - 교차로안,화물,남,64세,상해없음,승합,여,45세,중상
2021110800100112,2021년 11월 8일 08시,월요일,충청남도 서천군 장항읍,사망사고,2,0,0,0,차대차 - 기타,중앙선침범,젖음/습기,비,단일로 - 기타,승용,남,77세,사망,승용,남,53세,기타불명
2021110800100113,2021년 11월 8일 08시,월요일,충청남도 천안시 동남구 목천읍,부상신고사고,0,0,0,1,차대사람 - 보도통행중,안전운전불이행,젖음/습기,비,단일로 - 기타,승용,남,45세,상해없음,보행자,남,16세,부상신고
2021110800100114,2021년 11월 8일 08시,월요일,충청남도 천안시 서북구 성거읍,경상사고,0,0,3,0,차대차 - 기타,안전운전불이행,젖음/습기,비,단일로 - 기타,화물,남,47세,경상,승용,남,52세,경상
2021110800100162,2021년 11월 8일 09시,월요일,충청남도 아산시 배방읍,중상사고,0,1,0,0,차대사람 - 기타,보행자보호의무위반,젖음/습기,비,단일로 - 기타,승용,여,37세,상해없음,보행자,남,19세,중상
2021110800100188,2021년 11월 8일 10시,월요일,충청남도 서산시 예천동,경상사고,0,0,2,0,차대차 - 측면충돌,중앙선침범,젖음/습기,비,교차로 - 교차로안,승용,여,39세,상해없음,승용,여,45세,경상
2021110800100189,2021년 11월 8일 10시,월요일,충청남도 당진시 채운동,경상사고,0,0,2,0,차대차 - 측면충돌,교차로운행방법위반,젖음/습기,비,교차로 - 교차로안,승용,여,54세,상해없음,승용,남,78세,경상
2021110800100225,2021년 11월 8일 11시,월요일,충청남도 천안시 동남구 구성동,경상사고,0,0,2,0,차대차 - 후진중충돌,안전운전불이행,건조,맑음,단일로 - 기타,승용,여,71세,상해없음,승용,여,37세,경상
2021110800100226,2021년 11월 8일 11시,월요일,충청남도 천안시 서북구 성거읍,경상사고,0,0,1,0,차대사람 - 기타,안전운전불이행,젖음/습기,비,주차장 - 주차장,승용,남,39세,상해없음,보행자,남,42세,경상
2021110800100267,2021년 11월 8일 12시,월요일,충청남도 태안군 태안읍,경상사고,0,0,1,0,차대차 - 추돌,안전운전불이행,건조,맑음,단일로 - 기타,승용,여,60세,경상,승용,남,29세,상해없음
2021110800100366,2021년 11월 8일 15시,월요일,충청남도 서천군 서천읍,경상사고,0,0,2,0,차대차 - 측면충돌,안전운전불이행,젖음/습기,맑음,교차로 - 교차로안,승용,여,66세,경상,승용,여,61세,경상
2021110800100403,2021년 11월 8일 16시,월요일,충청남도 예산군 봉산면,경상사고,0,0,2,0,차대차 - 측면충돌,직진우회전진행방해,건조,맑음,교차로 - 교차로안,화물,남,40세,상해없음,승용,남,81세,경상
2021110800100456,2021년 11월 8일 17시,월요일,충청남도 보령시 대천동,경상사고,0,0,1,0,차대사람 - 차도통행중,안전운전불이행,건조,맑음,단일로 - 기타,승용,여,61세,상해없음,보행자,여,57세,경상
2021110800100510,2021년 11월 8일 18시,월요일,충청남도 천안시 서북구 성정동,중상사고,0,1,0,0,차대차 - 측면충돌,안전운전불이행,건조,맑음,교차로 - 교차로안,승용,남,31세,상해없음,이륜,남,31세,중상
2021110800100511,2021년 11월 8일 18시,월요일,충청남도 천안시 서북구 쌍용동,경상사고,0,0,1,0,차대사람 - 기타,안전운전불이행,건조,맑음,단일로 - 기타,화물,남,51세,상해없음,보행자,남,32세,경상
2021110800100513,2021년 11월 8일 18시,월요일,충청남도 논산시 연산면,중상사고,0,1,0,0,차대사람 - 차도통행중,안전운전불이행,젖음/습기,비,교차로 - 교차로부근,승용,남,59세,상해없음,보행자,남,62세,중상
2021110800100514,2021년 11월 8일 18시,월요일,충청남도 공주시 신관동,경상사고,0,0,1,0,차대차 - 추돌,안전운전불이행,건조,맑음,교차로 - 교차로부근,승용,남,25세,상해없음,승용,남,30세,경상
2021110800100515,2021년 11월 8일 18시,월요일,충청남도 공주시 유구읍,경상사고,0,0,2,0,차대사람 - 기타,안전운전불이행,젖음/습기,비,단일로 - 기타,승합,남,57세,상해없음,보행자,남,60세,경상
2021110800100516,2021년 11월 8일 18시,월요일,충청남도 당진시 시곡동,중상사고,0,1,0,0,차대차 - 추돌,안전운전불이행,젖음/습기,비,단일로 - 기타,승용,여,55세,상해없음,승용,남,50세,중상
2021110800100517,2021년 11월 8일 18시,월요일,충청남도 천안시 동남구 봉명동,경상사고,0,0,1,0,차대사람 - 보도통행중,보행자보호의무위반,젖음/습기,비,교차로 - 교차로횡단보도내,승용,남,59세,상해없음,보행자,여,60세,경상
2021110800100518,2021년 11월 8일 18시,월요일,충청남도 천안시 동남구 성남면,부상신고사고,0,0,0,1,차대차 - 기타,안전운전불이행,건조,맑음,단일로 - 기타,승용,남,23세,부상신고,화물,남,69세,상해없음
2021110800100576,2021년 11월 8일 19시,월요일,충청남도 논산시 내동,중상사고,0,1,0,0,차대차 - 추돌,안전운전불이행,건조,맑음,교차로 - 교차로안,이륜,남,20세,상해없음,승용,남,43세,상해없음
2021110800100577,2021년 11월 8일 19시,월요일,충청남도 천안시 동남구 풍세면,중상사고,0,1,1,0,차대차 - 측면충돌,신호위반,젖음/습기,비,교차로 - 교차로안,승용,남,56세,중상,화물,남,61세,경상
2021110800100613,2021년 11월 8일 20시,월요일,충청남도 보령시 동대동,경상사고,0,0,1,0,차대사람 - 횡단중,기타,건조,맑음,단일로 - 기타,승용,여,60세,상해없음,보행자,남,53세,경상
2021110800100614,2021년 11월 8일 20시,월요일,충청남도 당진시 우강면,중상사고,0,1,0,0,차대사람 - 횡단중,안전운전불이행,젖음/습기,비,교차로 - 교차로부근,승용,남,39세,상해없음,보행자,여,55세,중상
2021110800100615,2021년 11월 8일 20시,월요일,충청남도 당진시 송악읍,경상사고,0,0,2,0,차대차 - 측면충돌,안전운전불이행,젖음/습기,비,단일로 - 기타,승용,남,38세,상해없음,승용,여,50세,경상
2021110800100645,2021년 11월 8일 21시,월요일,충청남도 서천군 서면,중상사고,0,1,2,0,차량단독 - 공작물충돌,안전운전불이행,건조,맑음,교차로 - 교차로부근,승용,남,26세,상해없음,,,,
2021110800100667,2021년 11월 8일 22시,월요일,충청남도 천안시 서북구 성거읍,부상신고사고,0,0,0,1,차대차 - 측면충돌,안전운전불이행,건조,맑음,단일로 - 기타,승용,여,31세,상해없음,승용,남,25세,부상신고
2021110900100032,2021년 11월 9일 03시,화요일,충청남도 공주시 정안면,중상사고,0,1,1,0,차대차 - 측면충돌,안전운전불이행,젖음/습기,비,기타 - 기타,특수,남,56세,상해없음,화물,남,40세,중상
2021110900100052,2021년 11월 9일 06시,화요일,충청남도 아산시 법곡동,경상사고,0,0,1,0,차대사람 - 횡단중,보행자보호의무위반,건조,맑음,교차로 - 교차로안,승용,여,66세,상해없음,보행자,남,33세,경상
2021110900100097,2021년 11월 9일 08시,화요일,충청남도 아산시 온천동,경상사고,0,0,1,0,차대사람 - 횡단중,보행자보호의무위반,젖음/습기,흐림,교차로 - 교차로횡단보도내,승용,남,49세,상해없음,보행자,여,79세,경상
2021110900100098,2021년 11월 9일 08시,화요일,충청남도 아산시 배방읍,경상사고,0,0,2,0,차대차 - 기타,안전운전불이행,건조,맑음,단일로 - 기타,승용,여,60세,상해없음,승용,여,50세,경상
2021110900100133,2021년 11월 9일 09시,화요일,충청남도 서산시 성연면,경상사고,0,0,1,0,차대차 - 추돌,안전운전불이행,건조,맑음,교차로 - 교차로안,승용,남,30세,상해없음,승용,여,53세,경상
2021110900100206,2021년 11월 9일 11시,화요일,충청남도 천안시 서북구 성정동,경상사고,0,0,1,0,차대사람 - 기타,안전운전불이행,건조,맑음,기타 - 기타,화물,남,72세,상해없음,보행자,여,48세,경상
2021110900100246,2021년 11월 9일 12시,화요일,충청남도 부여군 규암면,중상사고,0,1,0,0,차대차 - 측면충돌,직진우회전진행방해,젖음/습기,맑음,교차로 - 교차로안,화물,남,59세,상해없음,승용,남,63세,중상
2021110900100277,2021년 11월 9일 13시,화요일,충청남도 천안시 서북구 쌍용동,경상사고,0,0,1,0,차대차 - 측면충돌,안전운전불이행,건조,맑음,교차로 - 교차로부근,승용,남,38세,기타불명,승용,여,55세,경상
2021110900100313,2021년 11월 9일 14시,화요일,충청남도 아산시 염치읍,경상사고,0,0,1,0,차대차 - 기타,차로위반,건조,맑음,단일로 - 기타,화물,남,58세,상해없음,승용,남,23세,경상
2021110900100314,2021년 11월 9일 14시,화요일,충청남도 공주시 반포면,경상사고,0,0,1,1,차대차 - 측면충돌,신호위반,건조,맑음,교차로 - 교차로안,화물,남,78세,상해없음,승용,여,33세,경상