사고번호,사고일시,요일,시군구,사고내용,사망자수,중상자수,경상자수,부상신고자수,사고유형,법규위반,노면상태,기상상태,도로형태,가해운전자 차종,가해운전자 성별,가해운전자 연령,가해운전자 상해정도,피해운전자 차종,피해운전자 성별,피해운전자 연령,피해운전자 상해정도
2021110900100340,2021년 11월 9일 15시,화요일,충청남도 예산군 대술면,중상사고,0,1,0,0,차대차 - 측면충돌,안전운전불이행,건조,맑음,단일로 - 기타,화물,남,59세,상해없음,이륜,남,68세,중상
2021110900100341,2021년 11월 9일 15시,화요일,충청남도 예산군 덕산면,경상사고,0,0,1,0,차대차 - 정면충돌,교차로운행방법위반,건조,맑음,교차로 - 교차로부근,승용,남,71세,상해없음,화물,남,68세,경상
2021110900100432,2021년 11월 9일 17시,화요일,충청남도 천안시 서북구 쌍용동,경상사고,0,0,1,0,차대차 - 기타,안전운전불이행,젖음/습기,비,단일로 - 기타,승용,남,45세,상해없음,승용,남,31세,경상
2021110900100433,2021년 11월 9일 17시,화요일,충청남도 천안시 동남구 영성동,부상신고사고,0,0,0,1,차대사람 - 횡단중,안전운전불이행,젖음/습기,비,단일로 - 기타,승용,남,66세,상해없음,보행자,남,52세,부상신고
2021110900100491,2021년 11월 9일 18시,화요일,충청남도 천안시 서북구 불당동,경상사고,0,0,1,0,차대차 - 기타,안전운전불이행,건조,맑음,교차로 - 교차로부근,승용,남,37세,경상,이륜,남,25세,상해없음
2021110900100492,2021년 11월 9일 18시,화요일,충청남도 천안시 서북구 성성동,경상사고,0,0,1,0,차대차 - 측면충돌,안전운전불이행,건조,맑음,단일로 - 기타,승용,남,42세,상해없음,이륜,남,31세,경상
2021110900100493,2021년 11월 9일 18시,화요일,충청남도 예산군 대술면,경상사고,0,0,1,0,차대차 - 측면충돌,안전운전불이행,건조,맑음,단일로 - 기타,화물,남,66세,상해없음,승합,남,46세,기타불명
2021110900100556,2021년 11월 9일 19시,화요일,충청남도 아산시 실옥동,경상사고,0,0,1,0,차대차 - 기타,안전운전불이행,젖음/습기,비,교차로 - 교차로부근,승용,남,40세,상해없음,승용,남,38세,경상
2021110900100557,2021년 11월 9일 19시,화요일,충청남도 천안시 동남구 구룡동,경상사고,0,0,1,0,차대차 - 측면충돌,차로위반,건조,맑음,단일로 - 기타,승용,남,62세,상해없음,승용,여,41세,경상
2021110900100594,2021년 11월 9일 20시,화요일,충청남도 천안시 서북구 백석동,경상사고,0,0,1,0,차대차 - 기타,안전운전불이행,젖음/습기,흐림,교차로 - 교차로부근,승용,여,42세,상해없음,승용,남,49세,경상
2021110900100595,2021년 11월 9일 20시,화요일,충청남도 천안시 서북구 불당동,경상사고,0,0,2,0,차대차 - 추돌,안전운전불이행,젖음/습기,비,교차로 - 교차로부근,승용,남,32세,상해없음,승용,남,24세,경상
2021110900100596,2021년 11월 9일 20시,화요일,충청남도 아산시 도고면,부상신고사고,0,0,0,1,차량단독 - 공작물충돌,안전운전불이행,건조,흐림,교차로 - 교차로부근,승합,남,38세,상해없음,,,,
2021110900100597,2021년 11월 9일 20시,화요일,충청남도 당진시 석문면,사망사고,1,0,0,0,차대차 - 추돌,안전거리미확보,젖음/습기,비,단일로 - 기타,승용,남,39세,사망,화물,남,61세,상해없음
2021110900100598,2021년 11월 9일 20시,화요일,충청남도 천안시 동남구 목천읍,중상사고,0,1,0,0,차대사람 - 기타,안전운전불이행,젖음/습기,비,단일로 - 기타,승용,여,32세,상해없음,보행자,남,61세,중상
2021110900100599,2021년 11월 9일 20시,화요일,충청남도 천안시 동남구 신부동,경상사고,0,0,4,0,차대차 - 측면충돌,안전거리미확보,젖음/습기,비,교차로 - 교차로안,승용,여,46세,상해없음,승용,남,20세,경상
2021110900100600,2021년 11월 9일 20시,화요일,충청남도 공주시 우성면,경상사고,0,0,1,0,차대차 - 추돌,안전운전불이행,젖음/습기,비,단일로 - 기타,승용,남,40세,상해없음,화물,남,47세,경상
2021110900100653,2021년 11월 9일 22시,화요일,충청남도 천안시 서북구 두정동,중상사고,0,1,0,0,차대차 - 정면충돌,신호위반,젖음/습기,비,교차로 - 교차로안,승용,여,20세,상해없음,승용,여,36세,중상
2021110900100674,2021년 11월 9일 23시,화요일,충청남도 아산시 탕정면,경상사고,0,0,2,0,차대차 - 기타,신호위반,건조,맑음,교차로 - 교차로안,승용,여,21세,상해없음,승용,여,38세,경상
2021110900100675,2021년 11월 9일 23시,화요일,충청남도 천안시 동남구 문화동,경상사고,0,0,1,0,차대사람 - 횡단중,안전운전불이행,젖음/습기,비,단일로 - 기타,이륜,남,62세,상해없음,보행자,여,42세,경상
2021111000100009,2021년 11월 10일 00시,수요일,충청남도 천안시 서북구 성정동,경상사고,0,0,2,0,차대차 - 기타,안전운전불이행,젖음/습기,비,기타 - 기타,승용,남,29세,상해없음,승용,여,27세,상해없음
2021111000100046,2021년 11월 10일 05시,수요일,충청남도 당진시 송악읍,경상사고,0,0,1,0,차대차 - 추돌,안전운전불이행,건조,맑음,교차로 - 교차로부근,화물,남,60세,상해없음,특수,남,42세,경상
2021111000100062,2021년 11월 10일 06시,수요일,충청남도 예산군 예산읍,중상사고,0,1,0,0,차대차 - 추돌,안전운전불이행,건조,맑음,교차로 - 교차로안,승합,남,54세,기타불명,화물,남,55세,중상
2021111000100084,2021년 11월 10일 07시,수요일,충청남도 아산시 탕정면,경상사고,0,0,1,0,차대차 - 추돌,안전운전불이행,젖음/습기,비,단일로 - 기타,화물,남,57세,상해없음,승용,남,43세,경상
2021111000100085,2021년 11월 10일 07시,수요일,충청남도 천안시 동남구 신방동,경상사고,0,0,2,0,차대차 - 측면충돌,교차로운행방법위반,젖음/습기,비,교차로 - 교차로안,승용,남,25세,경상,승용,여,51세,경상
2021111000100122,2021년 11월 10일 08시,수요일,충청남도 서산시 운산면,중상사고,0,2,0,0,차대사람 - 기타,안전운전불이행,건조,맑음,단일로 - 기타,승용,남,85세,상해없음,보행자,여,75세,중상
2021111000100123,2021년 11월 10일 08시,수요일,충청남도 당진시 읍내동,경상사고,0,0,1,0,차대차 - 측면충돌,교차로운행방법위반,젖음/습기,비,교차로 - 교차로안,사륜오토바이(ATV),남,75세,상해없음,승용,여,36세,경상
2021111000100124,2021년 11월 10일 08시,수요일,충청남도 천안시 동남구 성황동,경상사고,0,0,1,0,차대사람 - 횡단중,보행자보호의무위반,젖음/습기,비,단일로 - 기타,승용,여,61세,상해없음,보행자,여,18세,경상
2021111000100166,2021년 11월 10일 09시,수요일,충청남도 공주시 의당면,중상사고,0,1,1,0,차대차 - 측면충돌,중앙선침범,젖음/습기,비,교차로 - 교차로안,화물,남,76세,상해없음,승용,남,60세,경상
2021111000100182,2021년 11월 10일 10시,수요일,충청남도 천안시 서북구 백석동,경상사고,0,0,2,0,차대차 - 추돌,안전운전불이행,젖음/습기,흐림,단일로 - 기타,승합,남,24세,상해없음,승용,남,59세,경상
2021111000100183,2021년 11월 10일 10시,수요일,충청남도 홍성군 홍성읍,중상사고,0,1,0,0,차대차 - 측면충돌,안전운전불이행,건조,맑음,교차로 - 교차로안,승용,여,52세,상해없음,승용,여,69세,중상
2021111000100184,2021년 11월 10일 10시,수요일,충청남도 보령시 대천동,경상사고,0,0,1,0,차대사람 - 횡단중,기타,건조,맑음,단일로 - 기타,화물,남,64세,상해없음,보행자,남,57세,경상
2021111000100210,2021년 11월 10일 11시,수요일,충청남도 천안시 동남구 삼룡동,경상사고,0,0,2,0,차대차 - 정면충돌,신호위반,건조,흐림,교차로 - 교차로부근,승용,남,77세,상해없음,승용,남,44세,경상
2021111000100236,2021년 11월 10일 12시,수요일,충청남도 아산시 음봉면,경상사고,0,0,1,0,차대차 - 측면충돌,중앙선침범,젖음/습기,비,단일로 - 기타,승용,여,62세,기타불명,화물,남,36세,경상
2021111000100260,2021년 11월 10일 13시,수요일,충청남도 예산군 고덕면,중상사고,0,1,0,0,차대차 - 측면충돌,직진우회전진행방해,건조,맑음,교차로 - 교차로안,승용,남,53세,상해없음,이륜,남,79세,중상
2021111000100261,2021년 11월 10일 13시,수요일,충청남도 천안시 동남구 광덕면,경상사고,0,0,1,0,차대차 - 추돌,안전운전불이행,건조,맑음,단일로 - 터널,승용,남,55세,상해없음,승용,남,35세,경상
2021111000100290,2021년 11월 10일 14시,수요일,충청남도 천안시 서북구 쌍용동,경상사고,0,0,1,0,차대사람 - 횡단중,보행자보호의무위반,젖음/습기,비,교차로 - 교차로부근,화물,남,49세,상해없음,보행자,남,23세,경상
2021111000100291,2021년 11월 10일 14시,수요일,충청남도 천안시 서북구 불당동,중상사고,0,1,0,0,차대차 - 기타,안전운전불이행,건조,흐림,교차로 - 교차로안,승용,여,32세,상해없음,이륜,남,39세,중상
2021111000100328,2021년 11월 10일 15시,수요일,충청남도 당진시 수청동,경상사고,0,0,1,0,차대차 - 측면충돌,중앙선침범,건조,맑음,단일로 - 기타,승용,여,27세,상해없음,승용,남,81세,경상
2021111000100329,2021년 11월 10일 15시,수요일,충청남도 천안시 동남구 풍세면,경상사고,0,0,1,0,차대차 - 추돌,안전운전불이행,건조,맑음,기타 - 기타,승용,남,59세,상해없음,승용,남,39세,상해없음
2021111000100405,2021년 11월 10일 17시,수요일,충청남도 천안시 동남구 병천면,중상사고,0,1,1,0,차대사람 - 기타,안전운전불이행,젖음/습기,비,단일로 - 기타,화물,남,64세,상해없음,보행자,여,31세,중상
2021111000100453,2021년 11월 10일 18시,수요일,충청남도 서산시 대산읍,중상사고,0,1,0,0,차대사람 - 보도통행중,신호위반,젖음/습기,비,교차로 - 교차로안,승용,남,39세,상해없음,보행자,여,60세,중상
2021111000100454,2021년 11월 10일 18시,수요일,충청남도 천안시 서북구 와촌동,경상사고,0,0,1,0,차대차 - 기타,직진우회전진행방해,젖음/습기,기타,교차로 - 교차로안,승용,여,44세,상해없음,승용,여,64세,경상
2021111000100455,2021년 11월 10일 18시,수요일,충청남도 당진시 송악읍,경상사고,0,0,1,0,차대사람 - 횡단중,신호위반,젖음/습기,비,교차로 - 교차로횡단보도내,승용,여,33세,상해없음,보행자,여,14세,경상
2021111000100456,2021년 11월 10일 18시,수요일,충청남도 천안시 동남구 풍세면,경상사고,0,0,1,0,차대차 - 측면충돌,교차로운행방법위반,젖음/습기,비,교차로 - 교차로안,화물,남,64세,상해없음,승용,남,31세,경상
2021111000100457,2021년 11월 10일 18시,수요일,충청남도 천안시 동남구 신방동,경상사고,0,0,1,0,차대차 - 추돌,안전운전불이행,젖음/습기,비,교차로 - 교차로안,화물,남,75세,상해없음,승합,남,36세,경상
2021111000100549,2021년 11월 10일 20시,수요일,충청남도 서산시 성연면,중상사고,0,1,0,0,차량단독 - 전도전복 - 전도,안전운전불이행,건조,맑음,단일로 - 기타,승용,여,61세,중상,,,,
2021111000100550,2021년 11월 10일 20시,수요일,충청남도 천안시 서북구 쌍용동,중상사고,0,1,0,0,차대차 - 측면충돌,신호위반,젖음/습기,흐림,교차로 - 교차로안,승용,남,36세,상해없음,이륜,남,25세,중상
2021111000100551,2021년 11월 10일 20시,수요일,충청남도 천안시 서북구 쌍용동,경상사고,0,0,1,0,차대차 - 기타,안전운전불이행,건조,맑음,단일로 - 기타,승용,여,50세,상해없음,승용,남,48세,경상
2021111000100552,2021년 11월 10일 20시,수요일,충청남도 아산시 권곡동,경상사고,0,0,1,0,차대차 - 기타,중앙선침범,젖음/습기,비,기타 - 기타,이륜,남,61세,상해없음,이륜,남,23세,경상
2021111000100584,2021년 11월 10일 21시,수요일,충청남도 천안시 서북구 두정동,경상사고,0,0,2,0,차대차 - 추돌,안전운전불이행,젖음/습기,비,교차로 - 교차로부근,승용,남,32세,상해없음,승용,여,39세,경상
2021111000100585,2021년 11월 10일 21시,수요일,충청남도 천안시 동남구 청수동,경상사고,0,0,1,0,차대차 - 추돌,안전운전불이행,젖음/습기,비,교차로 - 교차로안,승용,남,37세,상해없음,승용,여,32세,경상
2021111000100608,2021년 11월 10일 22시,수요일,충청남도 천안시 서북구 성정동,경상사고,0,0,1,0,차대차 - 기타,안전운전불이행,젖음/습기,비,교차로 - 교차로부근,승용,남,42세,상해없음,승용,남,21세,상해없음
2021111100100005,2021년 11월 11일 00시,목요일,충청남도 천안시 서북구 두정동,경상사고,0,0,1,0,차대차 - 추돌,안전운전불이행,젖음/습기,흐림,교차로 - 교차로부근,승용,남,49세,상해없음,이륜,남,39세,경상
2021111100100015,2021년 11월 11일 01시,목요일,충청남도 서산시 석남동,경상사고,0,0,2,0,차대차 - 후진중충돌,안전운전불이행,젖음/습기,흐림,교차로 - 교차로부근,승용,여,40세,상해없음,승용,남,18세,경상
2021111100100050,2021년 11월 11일 06시,목요일,충청남도 아산시 도고면,중상사고,0,2,1,0,차대차 - 기타,안전운전불이행,건조,맑음,교차로 - 교차로부근,승용,남,72세,상해없음,승용,남,82세,중상
2021111100100051,2021년 11월 11일 06시,목요일,충청남도 당진시 송악읍,중상사고,0,1,0,0,차대사람 - 차도통행중,안전운전불이행,젖음/습기,안개,단일로 - 기타,화물,남,46세,상해없음,보행자,남,36세,중상
2021111100100086,2021년 11월 11일 07시,목요일,충청남도 천안시 서북구 불당동,경상사고,0,0,2,0,차대차 - 측면충돌,신호위반,건조,맑음,교차로 - 교차로안,승용,남,47세,상해없음,승용,여,46세,경상
2021111100100087,2021년 11월 11일 07시,목요일,충청남도 아산시 온천동,경상사고,0,0,1,1,차대차 - 정면충돌,안전운전불이행,건조,맑음,교차로 - 교차로안,승합,남,71세,부상신고,승합,남,43세,경상
2021111100100088,2021년 11월 11일 07시,목요일,충청남도 천안시 동남구 신부동,경상사고,0,0,2,1,차대차 - 기타,불법유턴,건조,맑음,교차로 - 교차로부근,승용,남,50세,부상신고,승용,여,26세,경상
2021111100100128,2021년 11월 11일 08시,목요일,충청남도 서천군 서천읍,중상사고,0,1,0,0,차대사람 - 기타,안전운전불이행,건조,맑음,교차로 - 교차로안,승용,남,72세,상해없음,보행자,여,71세,중상
2021111100100229,2021년 11월 11일 11시,목요일,충청남도 아산시 온천동,경상사고,0,0,1,0,차대사람 - 길가장자리구역통행중,안전운전불이행,건조,맑음,기타 - 기타,승용,여,38세,상해없음,보행자,남,61세,경상
2021111100100259,2021년 11월 11일 12시,목요일,충청남도 부여군 규암면,경상사고,0,0,4,0,차대차 - 측면충돌,신호위반,건조,맑음,교차로 - 교차로안,승용,여,51세,경상,승용,남,30세,경상
2021111100100293,2021년 11월 11일 13시,목요일,충청남도 서산시 예천동,경상사고,0,0,1,0,차대사람 - 보도통행중,보행자보호의무위반,건조,맑음,교차로 - 교차로안,승용,남,35세,상해없음,보행자,여,24세,경상
2021111100100320,2021년 11월 11일 14시,목요일,충청남도 예산군 신암면,경상사고,0,0,1,0,차대차 - 측면충돌,중앙선침범,건조,맑음,단일로 - 기타,승용,여,59세,상해없음,화물,남,55세,경상
2021111100100350,2021년 11월 11일 15시,목요일,충청남도 당진시 송악읍,경상사고,0,0,1,0,차대차 - 정면충돌,신호위반,건조,맑음,기타 - 기타,승용,여,64세,상해없음,승용,남,52세,경상
2021111100100389,2021년 11월 11일 16시,목요일,충청남도 논산시 취암동,경상사고,0,0,1,0,차대차 - 측면충돌,신호위반,건조,맑음,교차로 - 교차로안,승용,남,27세,상해없음,이륜,남,50세,경상
2021111100100489,2021년 11월 11일 18시,목요일,충청남도 천안시 서북구 성거읍,경상사고,0,0,1,0,차대차 - 기타,안전운전불이행,젖음/습기,흐림,교차로 - 교차로안,승용,남,40세,상해없음,승용,여,40세,경상
2021111100100490,2021년 11월 11일 18시,목요일,충청남도 천안시 동남구 청당동,중상사고,0,1,0,0,차대차 - 측면충돌,안전운전불이행,건조,맑음,교차로 - 교차로안,이륜,남,34세,중상,승용,여,50세,상해없음
2021111100100544,2021년 11월 11일 19시,목요일,충청남도 천안시 서북구 성환읍,경상사고,0,0,1,0,차대사람 - 길가장자리구역통행중,안전운전불이행,건조,맑음,교차로 - 교차로안,승용,남,70세,상해없음,보행자,여,62세,경상
2021111100100545,2021년 11월 11일 19시,목요일,충청남도 공주시 정안면,경상사고,0,0,1,0,차대차 - 추돌,안전운전불이행,건조,맑음,교차로 - 교차로부근,승용,여,28세,상해없음,승용,남,54세,경상
2021111100100546,2021년 11월 11일 19시,목요일,충청남도 부여군 규암면,경상사고,0,0,3,0,차대차 - 추돌,안전운전불이행,건조,맑음,단일로 - 기타,승용,남,36세,상해없음,승용,여,27세,경상
2021111100100547,2021년 11월 11일 19시,목요일,충청남도 천안시 동남구 목천읍,경상사고,0,0,1,0,차대차 - 기타,중앙선침범,건조,맑음,단일로 - 기타,이륜,남,21세,경상,화물,남,57세,상해없음
2021111100100548,2021년 11월 11일 19시,목요일,충청남도 당진시 사기소동,경상사고,0,0,1,0,차대차 - 측면충돌,안전운전불이행,건조,맑음,단일로 - 기타,기타불명,기타불명,미분류,기타불명,승용,남,31세,경상
2021111100100579,2021년 11월 11일 20시,목요일,충청남도 천안시 동남구 신방동,경상사고,0,0,2,0,차대차 - 기타,교차로운행방법위반,젖음/습기,흐림,단일로 - 기타,승용,남,65세,상해없음,승용,여,43세,경상
2021111100100647,2021년 11월 11일 23시,목요일,충청남도 보령시 동대동,경상사고,0,0,3,0,차대사람 - 기타,안전운전불이행,건조,맑음,단일로 - 기타,화물,남,40세,상해없음,보행자,여,42세,경상
2021111200100007,2021년 11월 12일 00시,금요일,충청남도 아산시 배방읍,중상사고,0,1,0,0,차대차 - 측면충돌,신호위반,젖음/습기,비,교차로 - 교차로안,승용,남,22세,상해없음,승용,남,21세,중상
2021111200100008,2021년 11월 12일 00시,금요일,충청남도 천안시 동남구 목천읍,경상사고,0,0,1,0,차대차 - 기타,신호위반,젖음/습기,비,교차로 - 교차로안,승용,남,50세,상해없음,승용,남,47세,경상
2021111200100009,2021년 11월 12일 00시,금요일,충청남도 천안시 동남구 청당동,경상사고,0,0,1,0,차대차 - 측면충돌,안전운전불이행,건조,맑음,교차로 - 교차로횡단보도내,승용,남,26세,상해없음,개인형이동수단(PM),남,23세,경상
2021111200100037,2021년 11월 12일 04시,금요일,충청남도 천안시 동남구 성남면,경상사고,0,0,1,0,차대차 - 추돌,안전운전불이행,젖음/습기,비,단일로 - 기타,화물,남,66세,상해없음,화물,남,64세,경상
2021111200100077,2021년 11월 12일 07시,금요일,충청남도 부여군 부여읍,중상사고,0,1,0,0,차대사람 - 차도통행중,직진우회전진행방해,건조,맑음,교차로 - 교차로부근,승용,남,50세,상해없음,보행자,남,79세,중상
2021111200100101,2021년 11월 12일 08시,금요일,충청남도 천안시 서북구 성성동,중상사고,0,1,0,0,차대차 - 추돌,안전운전불이행,건조,맑음,교차로 - 교차로부근,승용,남,39세,상해없음,승용,남,46세,중상
2021111200100144,2021년 11월 12일 09시,금요일,충청남도 천안시 서북구 성정동,경상사고,0,0,2,0,차대차 - 기타,직진우회전진행방해,건조,맑음,교차로 - 교차로안,승용,여,55세,상해없음,승용,여,33세,경상
2021111200100145,2021년 11월 12일 09시,금요일,충청남도 논산시 연산면,경상사고,0,0,1,0,차대차 - 측면충돌,안전운전불이행,건조,맑음,단일로 - 기타,농기계,남,73세,상해없음,화물,남,49세,경상
2021111200100146,2021년 11월 12일 09시,금요일,충청남도 보령시 대천동,경상사고,0,0,1,0,차대차 - 측면충돌,불법유턴,건조,맑음,교차로 - 교차로부근,원동기,여,52세,경상,승용,남,59세,상해없음
2021111200100175,2021년 11월 12일 10시,금요일,충청남도 태안군 태안읍,중상사고,0,1,0,0,차대사람 - 차도통행중,안전운전불이행,건조,맑음,기타 - 기타,승용,여,49세,상해없음,보행자,여,65세,중상
2021111200100214,2021년 11월 12일 11시,금요일,충청남도 서산시 팔봉면,경상사고,0,0,1,0,차대차 - 추돌,안전거리미확보,건조,맑음,단일로 - 기타,승용,여,61세,상해없음,승용,여,35세,경상
2021111200100215,2021년 11월 12일 11시,금요일,충청남도 공주시 신관동,중상사고,0,1,0,0,차대차 - 기타,안전운전불이행,건조,맑음,교차로 - 교차로안,승합,남,54세,상해없음,이륜,남,19세,중상
2021111200100279,2021년 11월 12일 13시,금요일,충청남도 계룡시 두마면,경상사고,0,0,2,0,차대차 - 측면충돌,불법유턴,젖음/습기,비,교차로 - 교차로안,승용,남,44세,상해없음,화물,남,27세,경상
2021111200100280,2021년 11월 12일 13시,금요일,충청남도 천안시 동남구 안서동,중상사고,0,1,1,0,차대차 - 기타,안전운전불이행,건조,맑음,단일로 - 기타,승용,여,29세,중상,승용,남,49세,상해없음
2021111200100363,2021년 11월 12일 15시,금요일,충청남도 당진시 채운동,경상사고,0,0,1,0,차대차 - 측면충돌,안전운전불이행,건조,맑음,교차로 - 교차로부근,승용,남,42세,상해없음,화물,남,67세,경상
2021111200100439,2021년 11월 12일 17시,금요일,충청남도 논산시 내동,경상사고,0,0,2,0,차대차 - 측면충돌,신호위반,건조,맑음,교차로 - 교차로안,승용,남,71세,상해없음,승용,남,33세,경상
2021111200100441,2021년 11월 12일 17시,금요일,충청남도 아산시 탕정면,경상사고,0,0,1,0,차대차 - 기타,안전운전불이행,건조,맑음,단일로 - 교량,화물,남,66세,상해없음,승용,여,44세,경상
2021111200100442,2021년 11월 12일 17시,금요일,충청남도 아산시 송악면,경상사고,0,0,3,0,차대차 - 기타,안전운전불이행,건조,맑음,단일로 - 기타,승용,남,48세,상해없음,승용,여,46세,경상
2021111200100443,2021년 11월 12일 17시,금요일,충청남도 천안시 동남구 영성동,중상사고,0,1,0,0,차대차 - 측면충돌,안전거리미확보,건조,맑음,단일로 - 기타,승용,남,40세,상해없음,승용,남,50세,중상
2021111200100498,2021년 11월 12일 18시,금요일,충청남도 계룡시 엄사면,경상사고,0,0,1,0,차대차 - 추돌,안전운전불이행,건조,맑음,교차로 - 교차로부근,승용,남,55세,상해없음,건설기계,남,50세,경상
2021111200100621,2021년 11월 12일 21시,금요일,충청남도 서산시 예천동,경상사고,0,0,2,0,차대차 - 측면충돌,신호위반,건조,맑음,교차로 - 교차로안,승용,여,34세,상해없음,승용,남,50세,경상
2021111200100622,2021년 11월 12일 21시,금요일,충청남도 공주시 신관동,중상사고,0,1,1,0,차대차 - 측면충돌,안전운전불이행,건조,맑음,교차로 - 교차로안,승용,남,20세,기타불명,승용,남,57세,경상
2021111200100653,2021년 11월 12일 22시,금요일,충청남도 논산시 반월동,경상사고,0,0,1,0,차대차 - 측면충돌,교차로운행방법위반,건조,맑음,교차로 - 교차로안,승용,남,64세,상해없음,승용,남,66세,경상
2021111200100654,2021년 11월 12일 22시,금요일,충청남도 당진시 송악읍,경상사고,0,0,1,0,차대차 - 추돌,안전운전불이행,건조,맑음,단일로 - 기타,승합,남,49세,상해없음,화물,남,55세,상해없음
2021111200100674,2021년 11월 12일 23시,금요일,충청남도 아산시 용화동,경상사고,0,0,1,0,차대사람 - 차도통행중,안전운전불이행,건조,흐림,교차로 - 교차로부근,승용,남,37세,상해없음,보행자,남,18세,경상
2021111200100675,2021년 11월 12일 23시,금요일,충청남도 공주시 신관동,중상사고,0,1,0,0,차대사람 - 횡단중,안전운전불이행,건조,기타,교차로 - 교차로부근,승용,남,31세,상해없음,보행자,남,51세,중상
2021111300100037,2021년 11월 13일 01시,토요일,충청남도 천안시 서북구 두정동,경상사고,0,0,1,0,차대차 - 기타,기타,건조,맑음,교차로 - 교차로안,승용,남,29세,상해없음,승용,남,22세,경상
2021111300100038,2021년 11월 13일 01시,토요일,충청남도 천안시 서북구 성거읍,중상사고,0,1,1,0,차대차 - 기타,안전운전불이행,건조,기타,기타 - 기타,승용,남,29세,상해없음,승용,여,47세,중상
2021111300100049,2021년 11월 13일 02시,토요일,충청남도 천안시 서북구 불당동,경상사고,0,0,1,0,차대차 - 기타,안전운전불이행,건조,맑음,단일로 - 기타,승용,여,31세,상해없음,이륜,남,24세,경상
2021111300100079,2021년 11월 13일 06시,토요일,충청남도 천안시 서북구 성환읍,중상사고,0,1,0,0,차대사람 - 보도통행중,안전운전불이행,건조,맑음,교차로 - 교차로부근,승용,남,46세,상해없음,보행자,남,72세,중상
2021111300100080,2021년 11월 13일 06시,토요일,충청남도 부여군 부여읍,중상사고,0,1,0,0,차대차 - 측면충돌,안전운전불이행,건조,맑음,교차로 - 교차로부근,승합,남,66세,상해없음,자전거,남,74세,중상
2021111300100096,2021년 11월 13일 07시,토요일,충청남도 천안시 서북구 성정동,중상사고,0,1,1,0,차대차 - 기타,안전운전불이행,건조,맑음,교차로 - 교차로횡단보도내,자전거,남,67세,경상,이륜,남,36세,중상
2021111300100097,2021년 11월 13일 07시,토요일,충청남도 천안시 서북구 두정동,경상사고,0,0,2,0,차대차 - 측면충돌,신호위반,건조,맑음,단일로 - 기타,이륜,남,36세,경상,승용,남,36세,경상
2021111300100113,2021년 11월 13일 08시,토요일,충청남도 천안시 동남구 신부동,경상사고,0,0,1,0,차대차 - 기타,안전운전불이행,건조,맑음,단일로 - 기타,승용,남,32세,상해없음,승용,여,57세,경상
2021111300100175,2021년 11월 13일 10시,토요일,충청남도 보령시 대천동,중상사고,0,1,0,0,차대사람 - 기타,안전운전불이행,건조,맑음,단일로 - 기타,승용,남,56세,상해없음,보행자,여,81세,중상
2021111300100214,2021년 11월 13일 11시,토요일,충청남도 천안시 서북구 백석동,경상사고,0,0,1,0,차대차 - 기타,교차로운행방법위반,건조,맑음,교차로 - 교차로안,승용,여,35세,상해없음,승용,여,35세,경상
2021111300100215,2021년 11월 13일 11시,토요일,충청남도 예산군 고덕면,경상사고,0,0,1,0,차대차 - 측면충돌,직진우회전진행방해,건조,맑음,교차로 - 교차로안,화물,남,59세,상해없음,승용,여,51세,경상
2021111300100255,2021년 11월 13일 12시,토요일,충청남도 천안시 동남구 용곡동,경상사고,0,0,3,0,차대차 - 측면충돌,안전운전불이행,건조,맑음,단일로 - 기타,화물,남,63세,상해없음,승용,여,29세,경상
2021111300100286,2021년 11월 13일 13시,토요일,충청남도 서산시 동문동,부상신고사고,0,0,0,1,차대사람 - 길가장자리구역통행중,안전운전불이행,건조,맑음,단일로 - 기타,화물,남,66세,상해없음,보행자,남,74세,부상신고
2021111300100287,2021년 11월 13일 13시,토요일,충청남도 당진시 순성면,사망사고,1,0,0,0,차대차 - 측면충돌,안전운전불이행,건조,맑음,교차로 - 교차로안,승용,남,85세,사망,특수,남,48세,상해없음
2021111300100288,2021년 11월 13일 13시,토요일,충청남도 천안시 동남구 풍세면,경상사고,0,0,3,0,차대차 - 측면충돌,안전운전불이행,건조,맑음,단일로 - 기타,화물,남,68세,상해없음,승용,남,41세,경상
2021111300100331,2021년 11월 13일 14시,토요일,충청남도 태안군 태안읍,경상사고,0,0,1,0,차대사람 - 기타,안전운전불이행,건조,맑음,단일로 - 기타,승용,남,53세,기타불명,보행자,여,32세,경상
2021111300100368,2021년 11월 13일 15시,토요일,충청남도 아산시 인주면,중상사고,0,1,0,0,차대차 - 측면충돌,중앙선침범,건조,맑음,단일로 - 기타,승용,남,27세,상해없음,이륜,남,31세,중상
2021111300100369,2021년 11월 13일 15시,토요일,충청남도 부여군 부여읍,중상사고,0,1,0,0,차대차 - 측면충돌,직진우회전진행방해,건조,맑음,교차로 - 교차로안,승용,남,50세,상해없음,이륜,남,59세,중상
2021111300100370,2021년 11월 13일 15시,토요일,충청남도 태안군 남면,경상사고,0,0,4,0,차대차 - 추돌,안전거리미확보,건조,맑음,단일로 - 기타,승용,남,58세,상해없음,승용,남,39세,경상