사고번호,사고일시,요일,시군구,사고내용,사망자수,중상자수,경상자수,부상신고자수,사고유형,법규위반,노면상태,기상상태,도로형태,가해운전자 차종,가해운전자 성별,가해운전자 연령,가해운전자 상해정도,피해운전자 차종,피해운전자 성별,피해운전자 연령,피해운전자 상해정도
2021111300100371,2021년 11월 13일 15시,토요일,충청남도 당진시 신평면,중상사고,0,1,1,0,차대차 - 추돌,안전운전불이행,건조,맑음,단일로 - 교량,승용,남,66세,상해없음,승용,여,51세,경상
2021111300100449,2021년 11월 13일 17시,토요일,충청남도 보령시 신흑동,경상사고,0,0,1,0,차대사람 - 길가장자리구역통행중,기타,건조,맑음,단일로 - 기타,승용,남,63세,상해없음,보행자,여,27세,경상
2021111300100488,2021년 11월 13일 18시,토요일,충청남도 보령시 대천동,중상사고,0,1,0,0,차대사람 - 횡단중,안전운전불이행,건조,맑음,단일로 - 기타,승용,남,58세,상해없음,보행자,여,74세,중상
2021111300100489,2021년 11월 13일 18시,토요일,충청남도 당진시 읍내동,중상사고,0,1,0,0,차대사람 - 보도통행중,안전운전불이행,건조,맑음,기타 - 기타,자전거,남,15세,상해없음,보행자,여,59세,중상
2021111300100490,2021년 11월 13일 18시,토요일,충청남도 천안시 동남구 목천읍,경상사고,0,0,2,0,차대차 - 추돌,안전운전불이행,건조,맑음,단일로 - 기타,승용,남,52세,상해없음,승용,남,28세,경상
2021111300100491,2021년 11월 13일 18시,토요일,충청남도 공주시 정안면,중상사고,0,2,0,0,차대차 - 추돌,안전운전불이행,건조,맑음,단일로 - 기타,승용,남,44세,상해없음,승용,여,24세,중상
2021111300100533,2021년 11월 13일 19시,토요일,충청남도 공주시 탄천면,사망사고,1,0,0,0,차대사람 - 차도통행중,안전운전불이행,건조,맑음,단일로 - 기타,승용,여,51세,기타불명,보행자,여,65세,사망
2021111300100534,2021년 11월 13일 19시,토요일,충청남도 당진시 합덕읍,경상사고,0,0,1,0,차대차 - 정면충돌,중앙선침범,건조,맑음,기타 - 기타,승용,남,50세,상해없음,승용,남,48세,경상
2021111300100568,2021년 11월 13일 20시,토요일,충청남도 아산시 배방읍,경상사고,0,0,3,0,차대차 - 기타,안전운전불이행,건조,맑음,교차로 - 교차로부근,승용,남,42세,상해없음,승용,남,44세,경상
2021111300100569,2021년 11월 13일 20시,토요일,충청남도 보령시 명천동,경상사고,0,0,1,0,차대사람 - 기타,기타,건조,맑음,기타 - 기타,승용,남,33세,상해없음,보행자,여,82세,경상
2021111300100595,2021년 11월 13일 21시,토요일,충청남도 천안시 서북구 쌍용동,경상사고,0,0,1,0,차대차 - 추돌,안전운전불이행,건조,맑음,교차로 - 교차로부근,승용,여,42세,상해없음,승용,여,54세,경상
2021111300100596,2021년 11월 13일 21시,토요일,충청남도 당진시 우강면,경상사고,0,0,1,0,차대차 - 후진중충돌,안전운전불이행,건조,맑음,단일로 - 기타,화물,남,46세,상해없음,승용,남,37세,경상
2021111300100621,2021년 11월 13일 22시,토요일,충청남도 천안시 서북구 두정동,중상사고,0,1,0,0,차대사람 - 기타,안전운전불이행,건조,기타,교차로 - 교차로부근,승용,남,37세,상해없음,보행자,남,49세,중상
2021111300100622,2021년 11월 13일 22시,토요일,충청남도 천안시 서북구 두정동,경상사고,0,0,2,0,차대차 - 추돌,안전운전불이행,건조,맑음,교차로 - 교차로부근,승용,남,29세,상해없음,승용,여,29세,경상
2021111300100623,2021년 11월 13일 22시,토요일,충청남도 아산시 배방읍,중상사고,0,1,1,0,차대차 - 기타,신호위반,건조,맑음,단일로 - 기타,승용,남,31세,상해없음,승용,남,24세,경상
2021111300100624,2021년 11월 13일 22시,토요일,충청남도 금산군 금산읍,사망사고,1,0,0,0,차대차 - 추돌,안전운전불이행,건조,맑음,단일로 - 기타,이륜,남,46세,사망,승용,남,61세,기타불명
2021111300100648,2021년 11월 13일 23시,토요일,충청남도 천안시 서북구 성정동,중상사고,0,1,0,0,차대사람 - 차도통행중,안전운전불이행,건조,맑음,단일로 - 기타,승용,남,29세,상해없음,보행자,남,40세,중상
2021111400100024,2021년 11월 14일 01시,일요일,충청남도 천안시 동남구 오룡동,경상사고,0,0,1,0,차대차 - 정면충돌,중앙선침범,건조,맑음,단일로 - 기타,승용,남,25세,상해없음,승용,남,48세,경상
2021111400100035,2021년 11월 14일 02시,일요일,충청남도 천안시 서북구 성정동,경상사고,0,0,1,0,차대사람 - 기타,안전운전불이행,건조,맑음,단일로 - 기타,승용,남,22세,상해없음,보행자,남,24세,상해없음
2021111400100115,2021년 11월 14일 10시,일요일,충청남도 천안시 서북구 쌍용동,경상사고,0,0,1,0,차대차 - 기타,안전운전불이행,건조,맑음,단일로 - 기타,승용,남,56세,상해없음,승합,남,58세,상해없음
2021111400100145,2021년 11월 14일 11시,일요일,충청남도 공주시 정안면,경상사고,0,0,4,0,차대차 - 추돌,안전운전불이행,건조,맑음,기타 - 기타,승용,남,24세,상해없음,승용,남,41세,경상
2021111400100193,2021년 11월 14일 13시,일요일,충청남도 천안시 서북구 불당동,경상사고,0,0,3,0,차대차 - 측면충돌,안전거리미확보,건조,맑음,교차로 - 교차로부근,승용,남,67세,상해없음,화물,남,58세,경상
2021111400100223,2021년 11월 14일 14시,일요일,충청남도 예산군 덕산면,경상사고,0,0,2,0,차대차 - 측면충돌,직진우회전진행방해,건조,맑음,교차로 - 교차로안,승용,여,29세,경상,화물,남,29세,경상
2021111400100225,2021년 11월 14일 14시,일요일,충청남도 태안군 태안읍,중상사고,0,1,0,0,차대차 - 기타,교차로운행방법위반,건조,맑음,교차로 - 교차로안,승용,남,58세,상해없음,이륜,남,57세,중상
2021111400100287,2021년 11월 14일 16시,일요일,충청남도 당진시 신평면,중상사고,0,1,0,0,차대차 - 정면충돌,교차로운행방법위반,건조,맑음,교차로 - 교차로안,승용,여,56세,상해없음,승용,남,37세,중상
2021111400100367,2021년 11월 14일 18시,일요일,충청남도 논산시 강경읍,중상사고,0,1,1,0,차대차 - 측면충돌,안전운전불이행,건조,맑음,단일로 - 기타,이륜,남,58세,경상,자전거,여,73세,중상
2021111400100368,2021년 11월 14일 18시,일요일,충청남도 아산시 용화동,중상사고,0,2,0,0,차대사람 - 횡단중,보행자보호의무위반,건조,맑음,교차로 - 교차로안,승용,남,19세,상해없음,보행자,여,76세,중상
2021111400100369,2021년 11월 14일 18시,일요일,충청남도 천안시 동남구 광덕면,중상사고,0,2,5,0,차대차 - 측면충돌,안전운전불이행,건조,맑음,단일로 - 기타,화물,남,59세,상해없음,승용,남,73세,중상
2021111400100428,2021년 11월 14일 20시,일요일,충청남도 당진시 우두동,경상사고,0,0,1,0,차대차 - 정면충돌,교차로운행방법위반,건조,맑음,교차로 - 교차로안,이륜,남,26세,경상,승용,남,24세,상해없음
2021111400100466,2021년 11월 14일 22시,일요일,충청남도 당진시 정미면,경상사고,0,0,5,0,차대차 - 기타,안전운전불이행,건조,맑음,단일로 - 기타,승용,남,65세,상해없음,승용,남,54세,경상
2021111500100006,2021년 11월 15일 00시,월요일,충청남도 서산시 석남동,경상사고,0,0,3,0,차대차 - 정면충돌,중앙선침범,건조,맑음,교차로 - 교차로부근,승용,남,24세,상해없음,승용,남,36세,경상
2021111500100033,2021년 11월 15일 04시,월요일,충청남도 천안시 서북구 성정동,경상사고,0,0,1,0,차대차 - 기타,안전운전불이행,건조,맑음,단일로 - 기타,승용,남,32세,상해없음,승용,남,28세,경상
2021111500100044,2021년 11월 15일 05시,월요일,충청남도 아산시 배방읍,경상사고,0,0,1,0,차대차 - 정면충돌,신호위반,건조,맑음,교차로 - 교차로안,승용,남,29세,상해없음,승용,여,30세,경상
2021111500100072,2021년 11월 15일 07시,월요일,충청남도 천안시 동남구 구성동,중상사고,0,2,6,0,차대차 - 측면충돌,신호위반,건조,맑음,교차로 - 교차로안,특수,남,49세,경상,승합,남,46세,중상
2021111500100073,2021년 11월 15일 07시,월요일,충청남도 예산군 삽교읍,경상사고,0,0,1,0,차대차 - 기타,안전운전불이행,건조,맑음,단일로 - 기타,승용,남,63세,상해없음,승용,남,40세,경상
2021111500100100,2021년 11월 15일 08시,월요일,충청남도 천안시 동남구 신부동,중상사고,0,1,0,0,차대차 - 측면충돌,신호위반,건조,맑음,교차로 - 교차로안,승용,여,60세,상해없음,승용,남,71세,중상
2021111500100101,2021년 11월 15일 08시,월요일,충청남도 공주시 정안면,경상사고,0,0,2,0,차대차 - 기타,차로위반,건조,맑음,단일로 - 기타,승용,여,47세,상해없음,승용,남,52세,경상
2021111500100137,2021년 11월 15일 09시,월요일,충청남도 천안시 서북구 성성동,경상사고,0,0,1,0,차대차 - 기타,안전운전불이행,건조,맑음,단일로 - 기타,화물,남,60세,상해없음,승용,남,39세,경상
2021111500100138,2021년 11월 15일 09시,월요일,충청남도 공주시 우성면,경상사고,0,0,1,0,차대차 - 추돌,안전거리미확보,건조,흐림,단일로 - 기타,화물,남,59세,상해없음,승용,남,56세,경상
2021111500100165,2021년 11월 15일 10시,월요일,충청남도 천안시 서북구 불당동,중상사고,0,1,0,0,차대차 - 기타,교차로운행방법위반,건조,맑음,교차로 - 교차로안,승용,남,57세,상해없음,이륜,남,44세,중상
2021111500100166,2021년 11월 15일 10시,월요일,충청남도 아산시 둔포면,부상신고사고,0,0,0,1,차대사람 - 길가장자리구역통행중,안전운전불이행,건조,맑음,단일로 - 기타,승용,여,58세,상해없음,보행자,남,41세,부상신고
2021111500100167,2021년 11월 15일 10시,월요일,충청남도 청양군 대치면,사망사고,1,0,0,0,차량단독 - 공작물충돌,안전운전불이행,건조,맑음,기타 - 기타,화물,남,64세,사망,,,,
2021111500100241,2021년 11월 15일 12시,월요일,충청남도 천안시 서북구 쌍용동,경상사고,0,0,1,0,차대차 - 기타,직진우회전진행방해,건조,맑음,교차로 - 교차로안,승용,남,63세,상해없음,승용,여,49세,경상
2021111500100270,2021년 11월 15일 13시,월요일,충청남도 천안시 서북구 성정동,부상신고사고,0,0,0,1,차대차 - 기타,안전운전불이행,건조,맑음,기타 - 기타,원동기,남,47세,부상신고,이륜,남,29세,상해없음
2021111500100302,2021년 11월 15일 14시,월요일,충청남도 공주시 우성면,중상사고,0,2,0,1,차대차 - 기타,안전운전불이행,건조,맑음,단일로 - 기타,화물,남,39세,기타불명,승용,남,65세,부상신고
2021111500100303,2021년 11월 15일 14시,월요일,충청남도 천안시 동남구 다가동,경상사고,0,0,1,0,차대차 - 기타,안전운전불이행,건조,맑음,교차로 - 교차로안,자전거,남,74세,경상,승용,여,34세,상해없음
2021111500100304,2021년 11월 15일 14시,월요일,충청남도 천안시 동남구 다가동,중상사고,0,1,0,0,차량단독 - 기타,안전운전불이행,건조,맑음,교차로 - 교차로부근,승합,남,59세,상해없음,,,,
2021111500100335,2021년 11월 15일 15시,월요일,충청남도 서산시 읍내동,경상사고,0,0,2,0,차대차 - 측면충돌,신호위반,건조,맑음,교차로 - 교차로안,승용,남,24세,상해없음,승합,남,50세,경상
2021111500100336,2021년 11월 15일 15시,월요일,충청남도 천안시 서북구 업성동,경상사고,0,0,1,0,차대차 - 후진중충돌,안전운전불이행,건조,맑음,교차로 - 교차로안,승용,남,75세,상해없음,승용,남,56세,경상
2021111500100337,2021년 11월 15일 15시,월요일,충청남도 아산시 둔포면,경상사고,0,0,1,0,차대차 - 기타,안전운전불이행,건조,맑음,교차로 - 교차로안,승용,여,62세,상해없음,승용,남,49세,경상
2021111500100376,2021년 11월 15일 16시,월요일,충청남도 아산시 염치읍,경상사고,0,0,1,0,차대차 - 측면충돌,안전운전불이행,건조,맑음,단일로 - 기타,화물,남,52세,상해없음,승용,남,41세,경상
2021111500100377,2021년 11월 15일 16시,월요일,충청남도 천안시 동남구 삼룡동,경상사고,0,0,10,0,차대차 - 추돌,중앙선침범,건조,맑음,단일로 - 기타,화물,남,66세,상해없음,화물,남,69세,경상
2021111500100424,2021년 11월 15일 17시,월요일,충청남도 서산시 잠홍동,경상사고,0,0,1,0,차량단독 - 전도전복 - 전도,안전운전불이행,건조,맑음,단일로 - 기타,이륜,남,55세,경상,,,,
2021111500100425,2021년 11월 15일 17시,월요일,충청남도 천안시 서북구 두정동,경상사고,0,0,1,0,차대차 - 기타,안전운전불이행,건조,맑음,단일로 - 기타,승용,남,62세,상해없음,승용,남,28세,경상
2021111500100426,2021년 11월 15일 17시,월요일,충청남도 당진시 시곡동,경상사고,0,0,1,0,차대차 - 측면충돌,안전거리미확보,건조,맑음,단일로 - 기타,승용,여,56세,상해없음,승용,여,32세,경상
2021111500100484,2021년 11월 15일 18시,월요일,충청남도 논산시 연산면,경상사고,0,0,2,0,차대차 - 정면충돌,안전운전불이행,건조,맑음,교차로 - 교차로부근,화물,남,42세,상해없음,승용,여,47세,경상
2021111500100485,2021년 11월 15일 18시,월요일,충청남도 공주시 주미동,중상사고,0,1,0,0,차대차 - 기타,안전운전불이행,건조,맑음,단일로 - 기타,승용,남,53세,상해없음,농기계,남,44세,중상
2021111500100486,2021년 11월 15일 18시,월요일,충청남도 당진시 시곡동,경상사고,0,0,1,0,차대차 - 추돌,안전거리미확보,건조,맑음,단일로 - 기타,승용,남,66세,상해없음,승용,남,34세,경상
2021111500100544,2021년 11월 15일 19시,월요일,충청남도 청양군 청양읍,경상사고,0,0,1,0,차대사람 - 차도통행중,안전운전불이행,건조,맑음,교차로 - 교차로안,화물,남,57세,상해없음,보행자,남,56세,경상
2021111500100598,2021년 11월 15일 21시,월요일,충청남도 천안시 서북구 쌍용동,부상신고사고,0,0,0,1,차대차 - 기타,기타,건조,맑음,기타 - 기타,화물,남,60세,상해없음,이륜,남,33세,부상신고
2021111500100599,2021년 11월 15일 21시,월요일,충청남도 천안시 서북구 불당동,경상사고,0,0,1,0,차대차 - 측면충돌,신호위반,건조,맑음,교차로 - 교차로안,승용,남,57세,상해없음,개인형이동수단(PM),남,38세,경상
2021111500100600,2021년 11월 15일 21시,월요일,충청남도 아산시 득산동,경상사고,0,0,1,0,차대사람 - 기타,안전운전불이행,건조,맑음,기타 - 기타,승용,남,36세,상해없음,보행자,여,17세,경상
2021111500100627,2021년 11월 15일 22시,월요일,충청남도 아산시 배방읍,경상사고,0,0,2,0,차대차 - 정면충돌,중앙선침범,건조,맑음,교차로 - 교차로안,승용,여,63세,상해없음,승용,여,45세,경상
2021111600100011,2021년 11월 16일 00시,화요일,충청남도 공주시 옥룡동,중상사고,0,1,1,0,차대사람 - 기타,기타,건조,맑음,교차로 - 교차로안,승용,남,35세,중상,보행자,남,56세,경상
2021111600100012,2021년 11월 16일 00시,화요일,충청남도 예산군 덕산면,중상사고,0,2,0,0,차대차 - 정면충돌,안전운전불이행,건조,맑음,단일로 - 기타,승합,남,28세,상해없음,승용,남,75세,중상
2021111600100037,2021년 11월 16일 04시,화요일,충청남도 청양군 청남면,중상사고,0,1,1,0,차량단독 - 도로외이탈 - 추락,안전운전불이행,젖음/습기,안개,기타 - 기타,승용,남,56세,중상,,,,
2021111600100062,2021년 11월 16일 06시,화요일,충청남도 아산시 음봉면,경상사고,0,0,2,0,차대차 - 추돌,안전운전불이행,건조,맑음,단일로 - 기타,화물,남,47세,기타불명,화물,남,51세,경상
2021111600100063,2021년 11월 16일 06시,화요일,충청남도 태안군 태안읍,중상사고,0,1,0,0,차대차 - 측면충돌,안전운전불이행,건조,맑음,단일로 - 기타,승용,남,45세,상해없음,승용,남,48세,중상
2021111600100120,2021년 11월 16일 08시,화요일,충청남도 아산시 신창면,경상사고,0,0,1,0,차대차 - 추돌,안전운전불이행,건조,맑음,교차로 - 교차로부근,승용,남,42세,상해없음,승용,여,49세,경상
2021111600100121,2021년 11월 16일 08시,화요일,충청남도 아산시 배방읍,경상사고,0,0,1,0,차대차 - 기타,안전운전불이행,건조,맑음,단일로 - 기타,승용,여,26세,상해없음,승용,여,25세,경상
2021111600100122,2021년 11월 16일 08시,화요일,충청남도 공주시 반포면,중상사고,0,1,0,0,차량단독 - 공작물충돌,안전운전불이행,건조,맑음,단일로 - 기타,승용,남,53세,중상,,,,
2021111600100123,2021년 11월 16일 08시,화요일,충청남도 태안군 태안읍,중상사고,0,1,0,0,차대차 - 기타,안전운전불이행,건조,맑음,교차로 - 교차로횡단보도내,승용,여,55세,상해없음,자전거,남,67세,중상
2021111600100164,2021년 11월 16일 09시,화요일,충청남도 천안시 서북구 성거읍,중상사고,0,1,0,0,차대차 - 기타,안전거리미확보,건조,맑음,단일로 - 기타,승용,여,48세,상해없음,승용,남,37세,중상
2021111600100199,2021년 11월 16일 10시,화요일,충청남도 당진시 송악읍,사망사고,1,0,2,0,차대차 - 측면충돌,교차로운행방법위반,건조,맑음,교차로 - 교차로안,이륜,남,77세,경상,승용,남,69세,경상
2021111600100271,2021년 11월 16일 12시,화요일,충청남도 천안시 서북구 성정동,경상사고,0,0,1,0,차대차 - 기타,교차로운행방법위반,건조,맑음,교차로 - 교차로안,승용,남,52세,상해없음,승용,남,36세,경상
2021111600100272,2021년 11월 16일 12시,화요일,충청남도 아산시 둔포면,경상사고,0,0,1,0,차대차 - 기타,안전운전불이행,건조,맑음,교차로 - 교차로안,승용,여,39세,기타불명,화물,남,60세,경상
2021111600100273,2021년 11월 16일 12시,화요일,충청남도 금산군 금산읍,중상사고,0,1,0,0,차대차 - 정면충돌,안전운전불이행,건조,맑음,단일로 - 기타,승용,남,61세,상해없음,화물,남,48세,중상
2021111600100308,2021년 11월 16일 13시,화요일,충청남도 천안시 서북구 성환읍,중상사고,0,1,0,0,차대차 - 기타,안전운전불이행,건조,맑음,단일로 - 기타,승용,남,68세,기타불명,화물,남,43세,중상
2021111600100309,2021년 11월 16일 13시,화요일,충청남도 공주시 반포면,경상사고,0,0,6,0,차대차 - 측면충돌,중앙선침범,건조,맑음,단일로 - 기타,승합,남,61세,경상,화물,남,60세,경상
2021111600100402,2021년 11월 16일 16시,화요일,충청남도 서산시 성연면,경상사고,0,0,1,0,차대차 - 추돌,안전운전불이행,건조,흐림,단일로 - 기타,승용,남,39세,상해없음,승용,남,27세,경상
2021111600100403,2021년 11월 16일 16시,화요일,충청남도 천안시 서북구 쌍용동,경상사고,0,0,1,0,차대차 - 측면충돌,안전거리미확보,건조,맑음,단일로 - 기타,화물,남,51세,상해없음,승용,남,51세,경상
2021111600100404,2021년 11월 16일 16시,화요일,충청남도 부여군 부여읍,중상사고,0,1,1,0,차량단독 - 공작물충돌,안전운전불이행,건조,맑음,단일로 - 기타,승용,여,29세,중상,,,,
2021111600100453,2021년 11월 16일 17시,화요일,충청남도 천안시 서북구 불당동,경상사고,0,0,1,0,차대사람 - 기타,안전운전불이행,건조,맑음,단일로 - 기타,자전거,남,5세,기타불명,보행자,여,11세,경상
2021111600100503,2021년 11월 16일 18시,화요일,충청남도 논산시 취암동,경상사고,0,0,1,0,차대사람 - 차도통행중,안전운전불이행,건조,맑음,단일로 - 기타,개인형이동수단(PM),남,15세,상해없음,보행자,여,61세,경상
2021111600100504,2021년 11월 16일 18시,화요일,충청남도 공주시 금흥동,경상사고,0,0,1,0,차대차 - 추돌,안전운전불이행,건조,맑음,단일로 - 기타,승용,여,56세,상해없음,승용,남,42세,경상
2021111600100505,2021년 11월 16일 18시,화요일,충청남도 당진시 읍내동,경상사고,0,0,1,0,차대차 - 추돌,안전운전불이행,건조,맑음,교차로 - 교차로안,승용,남,44세,상해없음,화물,남,40세,경상
2021111600100549,2021년 11월 16일 19시,화요일,충청남도 서산시 대산읍,중상사고,0,1,0,0,차대차 - 기타,중앙선침범,건조,맑음,단일로 - 기타,승용,남,42세,상해없음,이륜,남,36세,중상
2021111600100550,2021년 11월 16일 19시,화요일,충청남도 태안군 태안읍,중상사고,0,1,0,0,차대사람 - 기타,안전운전불이행,건조,맑음,교차로 - 교차로안,승용,여,42세,상해없음,보행자,남,52세,중상
2021111600100580,2021년 11월 16일 20시,화요일,충청남도 천안시 동남구 목천읍,경상사고,0,0,4,0,차대차 - 측면충돌,신호위반,건조,맑음,교차로 - 교차로안,승용,남,30세,상해없음,승용,여,44세,경상
2021111600100618,2021년 11월 16일 22시,화요일,충청남도 아산시 배방읍,중상사고,0,1,0,0,차대차 - 기타,신호위반,건조,맑음,교차로 - 교차로안,승용,남,46세,상해없음,승용,남,28세,중상
2021111600100634,2021년 11월 16일 23시,화요일,충청남도 천안시 서북구 두정동,경상사고,0,0,1,0,차대사람 - 기타,안전운전불이행,건조,기타,교차로 - 교차로안,승용,남,27세,상해없음,보행자,남,22세,경상
2021111600100635,2021년 11월 16일 23시,화요일,충청남도 아산시 둔포면,경상사고,0,0,1,0,차대차 - 측면충돌,중앙선침범,건조,흐림,단일로 - 기타,승용,남,60세,상해없음,승용,남,47세,상해없음
2021111700100069,2021년 11월 17일 07시,수요일,충청남도 천안시 서북구 불당동,경상사고,0,0,2,0,차대차 - 측면충돌,안전거리미확보,건조,맑음,단일로 - 기타,승용,여,51세,상해없음,승용,여,30세,경상
2021111700100100,2021년 11월 17일 08시,수요일,충청남도 아산시 권곡동,경상사고,0,0,2,0,차대차 - 기타,안전운전불이행,건조,맑음,교차로 - 교차로안,화물,남,47세,경상,승용,여,39세,경상
2021111700100141,2021년 11월 17일 09시,수요일,충청남도 보령시 신흑동,경상사고,0,0,1,0,차대차 - 기타,신호위반,건조,맑음,단일로 - 기타,승용,남,74세,상해없음,승용,여,61세,경상
2021111700100142,2021년 11월 17일 09시,수요일,충청남도 공주시 금학동,중상사고,0,1,0,0,차대차 - 측면충돌,중앙선침범,건조,맑음,단일로 - 기타,승합,남,48세,상해없음,승용,여,63세,중상
2021111700100218,2021년 11월 17일 11시,수요일,충청남도 천안시 동남구 원성동,경상사고,0,0,2,0,차대차 - 기타,안전운전불이행,건조,맑음,단일로 - 기타,승용,남,74세,상해없음,승용,남,45세,경상
2021111700100257,2021년 11월 17일 12시,수요일,충청남도 당진시 읍내동,경상사고,0,0,1,0,차대차 - 측면충돌,신호위반,건조,맑음,교차로 - 교차로안,화물,남,63세,상해없음,승용,남,40세,경상
2021111700100296,2021년 11월 17일 13시,수요일,충청남도 공주시 반포면,경상사고,0,0,1,0,차대차 - 추돌,안전운전불이행,건조,맑음,교차로 - 교차로부근,승용,남,50세,상해없음,승용,여,48세,경상
2021111700100297,2021년 11월 17일 13시,수요일,충청남도 청양군 대치면,경상사고,0,0,1,0,차량단독 - 도로외이탈 - 추락,안전운전불이행,건조,맑음,단일로 - 기타,화물,남,71세,경상,,,,
2021111700100331,2021년 11월 17일 14시,수요일,충청남도 천안시 서북구 쌍용동,경상사고,0,0,3,0,차대차 - 측면충돌,안전거리미확보,건조,맑음,기타 - 기타,승용,여,20세,상해없음,승용,남,46세,경상
2021111700100332,2021년 11월 17일 14시,수요일,충청남도 당진시 우강면,중상사고,0,1,0,0,차대차 - 정면충돌,안전운전불이행,건조,맑음,단일로 - 기타,화물,남,59세,상해없음,이륜,여,66세,중상
2021111700100412,2021년 11월 17일 16시,수요일,충청남도 서산시 동문동,경상사고,0,0,1,0,차대차 - 측면충돌,교차로운행방법위반,건조,맑음,교차로 - 교차로안,승용,남,18세,상해없음,이륜,남,49세,경상
2021111700100413,2021년 11월 17일 16시,수요일,충청남도 아산시 인주면,경상사고,0,0,1,0,차대차 - 측면충돌,안전운전불이행,건조,맑음,단일로 - 기타,화물,남,61세,상해없음,특수,남,46세,경상
2021111700100460,2021년 11월 17일 17시,수요일,충청남도 논산시 연무읍,중상사고,0,1,0,0,차대차 - 측면충돌,직진우회전진행방해,건조,맑음,교차로 - 교차로안,승용,여,25세,상해없음,농기계,남,91세,중상
2021111700100461,2021년 11월 17일 17시,수요일,충청남도 태안군 소원면,경상사고,0,0,2,0,차대차 - 기타,중앙선침범,건조,맑음,단일로 - 기타,승용,남,59세,상해없음,승용,남,67세,경상
2021111700100525,2021년 11월 17일 18시,수요일,충청남도 천안시 서북구 성성동,경상사고,0,0,1,0,차대차 - 추돌,안전운전불이행,건조,맑음,교차로 - 교차로안,화물,남,44세,상해없음,승용,여,56세,경상
2021111700100526,2021년 11월 17일 18시,수요일,충청남도 아산시 용화동,중상사고,0,1,0,0,차대사람 - 횡단중,보행자보호의무위반,건조,맑음,교차로 - 교차로횡단보도내,승용,남,26세,상해없음,보행자,여,53세,중상
2021111700100527,2021년 11월 17일 18시,수요일,충청남도 아산시 도고면,경상사고,0,0,1,0,차대차 - 기타,안전운전불이행,건조,맑음,단일로 - 기타,승합,남,25세,상해없음,승용,남,33세,경상
2021111700100528,2021년 11월 17일 18시,수요일,충청남도 아산시 배방읍,경상사고,0,0,1,0,차대차 - 기타,안전운전불이행,건조,맑음,교차로 - 교차로안,승용,남,37세,상해없음,승용,남,40세,경상
2021111700100529,2021년 11월 17일 18시,수요일,충청남도 아산시 둔포면,경상사고,0,0,1,0,차대차 - 추돌,안전운전불이행,건조,맑음,단일로 - 기타,승용,여,52세,상해없음,승용,남,40세,경상
2021111700100530,2021년 11월 17일 18시,수요일,충청남도 천안시 동남구 신부동,경상사고,0,0,1,0,차대차 - 기타,차로위반,건조,맑음,단일로 - 기타,승용,남,33세,상해없음,승용,남,35세,경상
2021111700100593,2021년 11월 17일 19시,수요일,충청남도 천안시 서북구 불당동,경상사고,0,0,1,0,차대차 - 측면충돌,신호위반,건조,맑음,교차로 - 교차로횡단보도내,이륜,남,39세,상해없음,자전거,남,13세,경상
2021111700100645,2021년 11월 17일 21시,수요일,충청남도 천안시 서북구 백석동,중상사고,0,1,1,1,차대차 - 추돌,안전운전불이행,건조,맑음,교차로 - 교차로부근,승용,남,24세,상해없음,승용,남,53세,경상
2021111700100664,2021년 11월 17일 22시,수요일,충청남도 천안시 서북구 두정동,경상사고,0,0,2,0,차대차 - 추돌,안전운전불이행,건조,맑음,단일로 - 기타,승용,남,24세,기타불명,화물,여,50세,경상
2021111800100009,2021년 11월 18일 00시,목요일,충청남도 천안시 서북구 두정동,중상사고,0,4,0,0,차대차 - 기타,신호위반,건조,맑음,교차로 - 교차로안,승용,여,20세,중상,승용,남,34세,중상
2021111800100034,2021년 11월 18일 03시,목요일,충청남도 천안시 서북구 성정동,경상사고,0,0,2,0,차대사람 - 기타,안전운전불이행,건조,맑음,단일로 - 기타,승합,남,25세,상해없음,보행자,남,46세,경상
2021111800100038,2021년 11월 18일 04시,목요일,충청남도 서산시 동문동,중상사고,0,1,0,0,차대차 - 측면충돌,안전운전불이행,건조,맑음,단일로 - 기타,승용,남,64세,상해없음,자전거,여,74세,중상
2021111800100054,2021년 11월 18일 06시,목요일,충청남도 아산시 탕정면,경상사고,0,0,1,0,차대차 - 추돌,안전운전불이행,건조,맑음,교차로 - 교차로안,승용,남,55세,상해없음,승용,남,36세,경상
2021111800100097,2021년 11월 18일 08시,목요일,충청남도 천안시 서북구 두정동,경상사고,0,0,2,0,차대차 - 기타,신호위반,건조,맑음,교차로 - 교차로안,이륜,남,29세,경상,승용,남,31세,경상
2021111800100098,2021년 11월 18일 08시,목요일,충청남도 천안시 서북구 성환읍,경상사고,0,0,1,0,차대차 - 추돌,안전운전불이행,건조,맑음,단일로 - 기타,승용,여,42세,상해없음,승용,남,21세,경상