사고번호,사고일시,요일,시군구,사고내용,사망자수,중상자수,경상자수,부상신고자수,사고유형,법규위반,노면상태,기상상태,도로형태,가해운전자 차종,가해운전자 성별,가해운전자 연령,가해운전자 상해정도,피해운전자 차종,피해운전자 성별,피해운전자 연령,피해운전자 상해정도
2021111800100099,2021년 11월 18일 08시,목요일,충청남도 보령시 동대동,중상사고,0,1,0,0,차대차 - 기타,신호위반,건조,맑음,교차로 - 교차로안,이륜,남,61세,중상,승용,남,60세,상해없음
2021111800100140,2021년 11월 18일 09시,목요일,충청남도 천안시 서북구 입장면,경상사고,0,0,1,0,차대차 - 기타,교차로운행방법위반,건조,맑음,기타 - 기타,화물,여,52세,상해없음,화물,남,56세,경상
2021111800100199,2021년 11월 18일 11시,목요일,충청남도 서산시 석림동,경상사고,0,0,1,0,차대차 - 추돌,안전운전불이행,건조,맑음,교차로 - 교차로부근,승용,남,30세,상해없음,승용,남,37세,경상
2021111800100200,2021년 11월 18일 11시,목요일,충청남도 천안시 서북구 불당동,경상사고,0,0,2,0,차대차 - 기타,안전운전불이행,건조,맑음,주차장 - 주차장,이륜,남,35세,상해없음,승용,여,30세,경상
2021111800100201,2021년 11월 18일 11시,목요일,충청남도 태안군 근흥면,부상신고사고,0,0,0,3,차대차 - 추돌,안전운전불이행,건조,맑음,교차로 - 교차로부근,승용,남,53세,상해없음,승용,여,77세,부상신고
2021111800100241,2021년 11월 18일 12시,목요일,충청남도 예산군 예산읍,경상사고,0,0,1,0,차대사람 - 횡단중,신호위반,건조,맑음,교차로 - 교차로안,승용,여,67세,상해없음,보행자,여,33세,경상
2021111800100264,2021년 11월 18일 13시,목요일,충청남도 당진시 대호지면,사망사고,1,0,0,0,차량단독 - 기타,안전운전불이행,건조,맑음,단일로 - 기타,이륜,여,65세,사망,,,,
2021111800100265,2021년 11월 18일 13시,목요일,충청남도 천안시 동남구 청수동,중상사고,0,1,0,0,차대사람 - 횡단중,신호위반,건조,맑음,교차로 - 교차로부근,이륜,남,22세,상해없음,보행자,여,28세,중상
2021111800100326,2021년 11월 18일 15시,목요일,충청남도 아산시 득산동,중상사고,0,1,0,0,차대차 - 추돌,안전운전불이행,건조,맑음,단일로 - 기타,승용,남,28세,상해없음,화물,남,43세,중상
2021111800100327,2021년 11월 18일 15시,목요일,충청남도 당진시 읍내동,경상사고,0,0,1,0,차대사람 - 차도통행중,안전운전불이행,건조,맑음,단일로 - 기타,승용,여,57세,상해없음,보행자,남,68세,경상
2021111800100405,2021년 11월 18일 17시,목요일,충청남도 서산시 동문동,경상사고,0,0,1,0,차대차 - 기타,신호위반,건조,맑음,교차로 - 교차로안,승용,남,57세,상해없음,승용,남,38세,경상
2021111800100406,2021년 11월 18일 17시,목요일,충청남도 예산군 고덕면,경상사고,0,0,3,0,차대차 - 측면충돌,직진우회전진행방해,건조,맑음,교차로 - 교차로안,농기계,남,45세,상해없음,승용,남,76세,경상
2021111800100509,2021년 11월 18일 19시,목요일,충청남도 천안시 서북구 불당동,경상사고,0,0,1,0,차대사람 - 기타,보행자보호의무위반,건조,맑음,단일로 - 기타,승용,남,56세,상해없음,보행자,남,10세,경상
2021111800100594,2021년 11월 18일 22시,목요일,충청남도 천안시 서북구 두정동,경상사고,0,0,1,0,차대사람 - 기타,안전운전불이행,건조,맑음,주차장 - 주차장,승합,남,28세,상해없음,보행자,남,35세,경상
2021111800100618,2021년 11월 18일 23시,목요일,충청남도 천안시 서북구 업성동,경상사고,0,0,2,0,차대차 - 기타,안전운전불이행,건조,맑음,교차로 - 교차로부근,승용,남,27세,상해없음,승용,여,55세,경상
2021111900100023,2021년 11월 19일 01시,금요일,충청남도 천안시 서북구 두정동,부상신고사고,0,0,0,1,차대사람 - 기타,안전운전불이행,건조,맑음,기타 - 기타,개인형이동수단(PM),남,19세,기타불명,보행자,남,24세,부상신고
2021111900100036,2021년 11월 19일 02시,금요일,충청남도 보령시 청소면,중상사고,0,1,0,0,차대차 - 기타,안전운전불이행,건조,맑음,단일로 - 기타,화물,남,58세,중상,승용,남,39세,기타불명
2021111900100045,2021년 11월 19일 03시,금요일,충청남도 부여군 구룡면,경상사고,0,0,1,0,차량단독 - 기타,안전운전불이행,건조,맑음,단일로 - 기타,승용,남,16세,상해없음,,,,
2021111900100069,2021년 11월 19일 06시,금요일,충청남도 천안시 서북구 불당동,경상사고,0,0,1,0,차대차 - 기타,안전운전불이행,건조,맑음,단일로 - 기타,승용,남,32세,상해없음,승용,여,48세,경상
2021111900100070,2021년 11월 19일 06시,금요일,충청남도 보령시 동대동,중상사고,0,1,0,0,차대사람 - 횡단중,안전운전불이행,건조,맑음,기타 - 기타,승용,남,58세,상해없음,보행자,여,54세,중상
2021111900100113,2021년 11월 19일 08시,금요일,충청남도 천안시 동남구 다가동,경상사고,0,0,4,0,차대차 - 추돌,안전운전불이행,건조,맑음,단일로 - 기타,화물,남,64세,상해없음,승용,남,45세,경상
2021111900100143,2021년 11월 19일 09시,금요일,충청남도 예산군 예산읍,경상사고,0,0,1,0,차대사람 - 횡단중,보행자보호의무위반,건조,맑음,교차로 - 교차로횡단보도내,승합,남,65세,상해없음,보행자,여,12세,경상
2021111900100168,2021년 11월 19일 10시,금요일,충청남도 서산시 해미면,경상사고,0,0,1,0,차대사람 - 길가장자리구역통행중,보행자보호의무위반,젖음/습기,흐림,기타 - 기타,화물,남,52세,기타불명,보행자,남,43세,경상
2021111900100169,2021년 11월 19일 10시,금요일,충청남도 태안군 태안읍,경상사고,0,0,1,0,차대차 - 기타,교차로운행방법위반,건조,맑음,교차로 - 교차로안,화물,남,70세,상해없음,승합,남,24세,경상
2021111900100201,2021년 11월 19일 11시,금요일,충청남도 서산시 갈산동,경상사고,0,0,1,0,차대차 - 추돌,안전거리미확보,건조,맑음,교차로 - 교차로부근,화물,남,67세,상해없음,이륜,남,30세,경상
2021111900100202,2021년 11월 19일 11시,금요일,충청남도 부여군 부여읍,중상사고,0,1,0,0,차대사람 - 횡단중,보행자보호의무위반,건조,맑음,단일로 - 기타,화물,남,78세,상해없음,보행자,여,82세,중상
2021111900100264,2021년 11월 19일 13시,금요일,충청남도 서천군 장항읍,경상사고,0,0,1,0,차대차 - 측면충돌,안전운전불이행,건조,맑음,교차로 - 교차로안,승용,여,31세,상해없음,이륜,남,33세,경상
2021111900100339,2021년 11월 19일 15시,금요일,충청남도 천안시 서북구 불당동,경상사고,0,0,2,0,차대차 - 측면충돌,직진우회전진행방해,건조,맑음,교차로 - 교차로안,승용,여,37세,기타불명,승용,여,50세,경상
2021111900100340,2021년 11월 19일 15시,금요일,충청남도 아산시 배방읍,경상사고,0,0,1,0,차대차 - 측면충돌,안전운전불이행,건조,맑음,기타 - 기타,화물,남,68세,상해없음,승용,여,41세,경상
2021111900100444,2021년 11월 19일 17시,금요일,충청남도 서산시 석남동,중상사고,0,1,0,0,차대사람 - 횡단중,안전운전불이행,건조,맑음,단일로 - 기타,화물,남,54세,상해없음,보행자,여,86세,중상
2021111900100445,2021년 11월 19일 17시,금요일,충청남도 천안시 서북구 성성동,경상사고,0,0,1,0,차대차 - 기타,직진우회전진행방해,건조,맑음,교차로 - 교차로안,승용,남,44세,상해없음,승용,남,62세,경상
2021111900100446,2021년 11월 19일 17시,금요일,충청남도 아산시 둔포면,경상사고,0,0,1,0,차대차 - 추돌,안전거리미확보,건조,흐림,단일로 - 기타,승용,남,28세,기타불명,승용,여,28세,경상
2021111900100447,2021년 11월 19일 17시,금요일,충청남도 천안시 동남구 목천읍,경상사고,0,0,1,0,차대차 - 기타,교차로운행방법위반,건조,흐림,교차로 - 교차로안,특수,남,59세,상해없음,승용,여,53세,경상
2021111900100501,2021년 11월 19일 18시,금요일,충청남도 아산시 배방읍,경상사고,0,0,1,0,차대차 - 추돌,안전운전불이행,건조,맑음,교차로 - 교차로안,승용,남,55세,상해없음,승용,여,33세,경상
2021111900100549,2021년 11월 19일 19시,금요일,충청남도 홍성군 홍성읍,경상사고,0,0,1,0,차대차 - 추돌,안전운전불이행,건조,맑음,단일로 - 기타,승용,남,56세,상해없음,승용,여,63세,경상
2021111900100550,2021년 11월 19일 19시,금요일,충청남도 천안시 동남구 성남면,중상사고,0,1,0,0,차대사람 - 기타,안전운전불이행,건조,맑음,단일로 - 기타,승합,남,66세,상해없음,보행자,남,73세,중상
2021111900100551,2021년 11월 19일 19시,금요일,충청남도 천안시 동남구 동면,중상사고,0,2,0,0,차대사람 - 횡단중,안전운전불이행,건조,맑음,단일로 - 기타,승용,남,48세,상해없음,보행자,여,35세,중상
2021111900100552,2021년 11월 19일 19시,금요일,충청남도 논산시 벌곡면,중상사고,0,1,0,0,차대차 - 추돌,안전운전불이행,건조,맑음,주차장 - 주차장,승용,남,54세,상해없음,승용,남,28세,중상
2021111900100657,2021년 11월 19일 22시,금요일,충청남도 천안시 동남구 봉명동,경상사고,0,0,1,0,차대차 - 측면충돌,중앙선침범,건조,맑음,단일로 - 기타,원동기,남,33세,상해없음,승용,남,47세,상해없음
2021111900100658,2021년 11월 19일 22시,금요일,충청남도 공주시 정안면,경상사고,0,0,2,0,차대차 - 추돌,안전거리미확보,건조,맑음,단일로 - 터널,승용,여,31세,상해없음,승용,남,29세,경상
2021111900100682,2021년 11월 19일 23시,금요일,충청남도 천안시 서북구 성정동,중상사고,0,1,0,0,차대사람 - 횡단중,안전운전불이행,건조,맑음,교차로 - 교차로안,승용,남,52세,상해없음,보행자,남,52세,중상
2021112000100011,2021년 11월 20일 00시,토요일,충청남도 천안시 서북구 두정동,경상사고,0,0,1,0,차대차 - 측면충돌,교차로운행방법위반,건조,맑음,교차로 - 교차로안,승용,남,51세,상해없음,이륜,남,29세,경상
2021112000100052,2021년 11월 20일 03시,토요일,충청남도 천안시 서북구 성정동,경상사고,0,0,1,0,차대차 - 기타,교차로운행방법위반,건조,맑음,교차로 - 교차로안,승용,남,21세,상해없음,원동기,남,43세,경상
2021112000100053,2021년 11월 20일 03시,토요일,충청남도 당진시 송산면,경상사고,0,0,1,0,차대차 - 추돌,안전운전불이행,젖음/습기,안개,단일로 - 기타,승용,남,54세,상해없음,승용,남,30세,경상
2021112000100062,2021년 11월 20일 04시,토요일,충청남도 천안시 서북구 쌍용동,경상사고,0,0,1,0,차대차 - 측면충돌,신호위반,건조,맑음,교차로 - 교차로안,승용,여,40세,상해없음,승용,남,68세,경상
2021112000100069,2021년 11월 20일 05시,토요일,충청남도 아산시 신창면,경상사고,0,0,1,0,차대차 - 측면충돌,안전운전불이행,젖음/습기,안개,단일로 - 기타,승용,남,46세,상해없음,승용,남,48세,경상
2021112000100078,2021년 11월 20일 06시,토요일,충청남도 천안시 서북구 두정동,경상사고,0,0,1,0,차대차 - 측면충돌,안전거리미확보,건조,맑음,교차로 - 교차로안,화물,여,60세,상해없음,승용,남,29세,경상
2021112000100079,2021년 11월 20일 06시,토요일,충청남도 천안시 동남구 병천면,중상사고,0,1,0,0,차대사람 - 길가장자리구역통행중,안전운전불이행,건조,맑음,단일로 - 기타,승용,남,35세,상해없음,보행자,남,60세,중상
2021112000100095,2021년 11월 20일 07시,토요일,충청남도 보령시 주교면,사망사고,1,0,2,0,차대차 - 기타,중앙선침범,기타,안개,단일로 - 기타,이륜,남,53세,사망,승용,남,29세,경상
2021112000100140,2021년 11월 20일 10시,토요일,충청남도 태안군 태안읍,중상사고,0,1,0,0,차대차 - 측면충돌,신호위반,건조,맑음,교차로 - 교차로안,승용,남,79세,상해없음,화물,남,51세,중상
2021112000100141,2021년 11월 20일 10시,토요일,충청남도 공주시 정안면,경상사고,0,0,2,0,차대차 - 기타,안전운전불이행,건조,맑음,단일로 - 기타,승용,여,30세,상해없음,승용,남,75세,경상
2021112000100176,2021년 11월 20일 11시,토요일,충청남도 아산시 장존동,경상사고,0,0,1,0,차대차 - 정면충돌,안전운전불이행,건조,맑음,단일로 - 기타,승용,남,52세,상해없음,승용,여,28세,경상
2021112000100177,2021년 11월 20일 11시,토요일,충청남도 부여군 규암면,중상사고,0,1,0,0,차량단독 - 전도전복 - 전도,안전운전불이행,건조,맑음,단일로 - 기타,원동기,남,63세,중상,,,,
2021112000100214,2021년 11월 20일 12시,토요일,충청남도 아산시 송악면,경상사고,0,0,1,0,차대차 - 추돌,중앙선침범,건조,맑음,단일로 - 기타,승용,남,65세,상해없음,승용,남,36세,경상
2021112000100250,2021년 11월 20일 13시,토요일,충청남도 청양군 청남면,경상사고,0,0,1,0,차대차 - 측면충돌,중앙선침범,건조,맑음,단일로 - 기타,농기계,남,70세,상해없음,승용,여,62세,경상
2021112000100294,2021년 11월 20일 14시,토요일,충청남도 아산시 신창면,중상사고,0,2,1,0,차대차 - 추돌,안전운전불이행,건조,맑음,단일로 - 기타,화물,남,64세,상해없음,승용,남,65세,중상
2021112000100295,2021년 11월 20일 14시,토요일,충청남도 아산시 배방읍,경상사고,0,0,1,0,차대차 - 기타,안전운전불이행,건조,맑음,단일로 - 기타,승용,남,75세,기타불명,승용,여,30세,경상
2021112000100331,2021년 11월 20일 15시,토요일,충청남도 아산시 둔포면,경상사고,0,0,1,0,차대차 - 기타,신호위반,건조,맑음,단일로 - 기타,승용,남,23세,상해없음,승용,남,38세,경상
2021112000100332,2021년 11월 20일 15시,토요일,충청남도 당진시 송악읍,경상사고,0,0,3,0,차대차 - 기타,안전운전불이행,건조,맑음,단일로 - 기타,승용,남,51세,상해없음,승용,남,46세,경상
2021112000100364,2021년 11월 20일 16시,토요일,충청남도 논산시 가야곡면,경상사고,0,0,1,0,차대차 - 기타,안전운전불이행,건조,맑음,단일로 - 기타,승용,여,41세,상해없음,승용,남,63세,경상
2021112000100400,2021년 11월 20일 17시,토요일,충청남도 보령시 주포면,부상신고사고,0,0,0,1,차대사람 - 기타,기타,건조,맑음,단일로 - 기타,기타불명,기타불명,미분류,기타불명,보행자,남,16세,부상신고
2021112000100401,2021년 11월 20일 17시,토요일,충청남도 천안시 동남구 목천읍,경상사고,0,0,1,0,차대차 - 측면충돌,안전거리미확보,건조,맑음,단일로 - 기타,승용,여,38세,상해없음,이륜,남,39세,경상
2021112000100402,2021년 11월 20일 17시,토요일,충청남도 천안시 동남구 성남면,경상사고,0,0,1,0,차량단독 - 기타,안전운전불이행,건조,맑음,단일로 - 기타,승용,남,72세,경상,,,,
2021112000100443,2021년 11월 20일 18시,토요일,충청남도 천안시 서북구 성정동,경상사고,0,0,1,0,차대차 - 측면충돌,안전운전불이행,건조,맑음,교차로 - 교차로부근,승용,남,31세,상해없음,이륜,남,25세,경상
2021112000100444,2021년 11월 20일 18시,토요일,충청남도 청양군 비봉면,경상사고,0,0,3,0,차대차 - 추돌,안전운전불이행,건조,맑음,교차로 - 교차로부근,화물,남,62세,경상,승용,남,29세,경상
2021112000100445,2021년 11월 20일 18시,토요일,충청남도 천안시 서북구 성거읍,경상사고,0,0,3,0,차대차 - 기타,신호위반,건조,맑음,단일로 - 기타,승용,여,34세,상해없음,승용,남,31세,경상
2021112000100487,2021년 11월 20일 19시,토요일,충청남도 천안시 동남구 대흥동,중상사고,0,1,0,0,차대사람 - 횡단중,안전운전불이행,건조,맑음,단일로 - 기타,승용,여,46세,상해없음,보행자,남,62세,중상
2021112000100516,2021년 11월 20일 20시,토요일,충청남도 천안시 서북구 성성동,경상사고,0,0,2,0,차대차 - 추돌,안전운전불이행,건조,맑음,단일로 - 기타,승용,남,42세,상해없음,승용,여,25세,경상
2021112000100541,2021년 11월 20일 21시,토요일,충청남도 아산시 염치읍,경상사고,0,0,1,0,차대차 - 추돌,안전거리미확보,젖음/습기,안개,교차로 - 교차로안,승용,남,26세,상해없음,승용,남,31세,경상
2021112000100542,2021년 11월 20일 21시,토요일,충청남도 당진시 읍내동,중상사고,0,1,1,0,차대사람 - 횡단중,안전운전불이행,건조,맑음,기타 - 기타,이륜,남,29세,상해없음,보행자,남,34세,경상
2021112000100576,2021년 11월 20일 23시,토요일,충청남도 천안시 서북구 두정동,경상사고,0,0,1,0,차대사람 - 길가장자리구역통행중,안전운전불이행,건조,맑음,단일로 - 기타,승용,남,61세,상해없음,보행자,남,38세,경상
2021112000100577,2021년 11월 20일 23시,토요일,충청남도 천안시 동남구 삼룡동,경상사고,0,0,2,0,차대차 - 기타,중앙선침범,건조,맑음,단일로 - 터널,승용,남,33세,상해없음,승용,남,35세,경상
2021112100100036,2021년 11월 21일 02시,일요일,충청남도 서산시 예천동,경상사고,0,0,1,0,차대차 - 추돌,안전운전불이행,건조,맑음,교차로 - 교차로부근,승용,남,24세,상해없음,승용,남,39세,경상
2021112100100048,2021년 11월 21일 04시,일요일,충청남도 아산시 용화동,경상사고,0,0,1,0,차대차 - 기타,안전운전불이행,건조,맑음,교차로 - 교차로안,승용,남,51세,상해없음,개인형이동수단(PM),여,39세,경상
2021112100100098,2021년 11월 21일 10시,일요일,충청남도 아산시 남동,경상사고,0,0,1,0,차량단독 - 기타,안전운전불이행,건조,맑음,미분류 - 미분류,기타불명,기타불명,미분류,기타불명,,,,
2021112100100119,2021년 11월 21일 11시,일요일,충청남도 태안군 안면읍,경상사고,0,0,1,0,차대차 - 추돌,안전운전불이행,건조,맑음,단일로 - 기타,화물,남,63세,상해없음,승용,여,58세,경상
2021112100100151,2021년 11월 21일 12시,일요일,충청남도 천안시 서북구 불당동,경상사고,0,0,3,0,차대차 - 기타,교차로운행방법위반,건조,맑음,기타 - 기타,승용,여,30세,상해없음,승합,남,39세,상해없음
2021112100100181,2021년 11월 21일 13시,일요일,충청남도 아산시 음봉면,경상사고,0,0,3,0,차대차 - 기타,안전운전불이행,건조,맑음,단일로 - 기타,승용,남,50세,상해없음,승용,남,43세,경상
2021112100100182,2021년 11월 21일 13시,일요일,충청남도 당진시 송악읍,경상사고,0,0,1,0,차대차 - 추돌,안전운전불이행,건조,맑음,단일로 - 기타,승용,남,51세,상해없음,승용,남,45세,경상
2021112100100211,2021년 11월 21일 14시,일요일,충청남도 천안시 동남구 목천읍,중상사고,0,1,0,0,차대차 - 측면충돌,안전거리미확보,건조,맑음,단일로 - 기타,이륜,남,36세,중상,승용,남,61세,상해없음
2021112100100244,2021년 11월 21일 15시,일요일,충청남도 천안시 서북구 성성동,경상사고,0,0,1,0,차대차 - 기타,안전운전불이행,건조,맑음,단일로 - 기타,승용,여,51세,상해없음,이륜,남,48세,경상
2021112100100280,2021년 11월 21일 16시,일요일,충청남도 천안시 동남구 신방동,부상신고사고,0,0,0,1,차대차 - 측면충돌,신호위반,건조,맑음,교차로 - 교차로안,원동기,남,16세,부상신고,승용,남,29세,상해없음
2021112100100311,2021년 11월 21일 17시,일요일,충청남도 공주시 신관동,경상사고,0,0,3,0,차대차 - 측면충돌,직진우회전진행방해,건조,맑음,교차로 - 교차로안,승용,남,67세,기타불명,승용,남,26세,경상
2021112100100312,2021년 11월 21일 17시,일요일,충청남도 당진시 송악읍,경상사고,0,0,6,0,차대차 - 추돌,안전운전불이행,건조,맑음,단일로 - 기타,승용,남,58세,경상,승용,여,35세,경상
2021112100100365,2021년 11월 21일 18시,일요일,충청남도 천안시 서북구 성환읍,경상사고,0,0,1,0,차대차 - 기타,중앙선침범,건조,맑음,단일로 - 기타,승용,남,57세,상해없음,승용,남,42세,경상
2021112100100366,2021년 11월 21일 18시,일요일,충청남도 아산시 도고면,중상사고,0,1,1,0,차대차 - 기타,차로위반,건조,맑음,단일로 - 기타,승합,남,64세,상해없음,승용,여,69세,경상
2021112100100397,2021년 11월 21일 19시,일요일,충청남도 청양군 청남면,경상사고,0,0,1,0,차대차 - 측면충돌,신호위반,건조,맑음,교차로 - 교차로안,승용,남,48세,상해없음,자전거,남,52세,경상
2021112100100480,2021년 11월 21일 22시,일요일,충청남도 서산시 읍내동,중상사고,0,1,0,0,차대차 - 측면충돌,불법유턴,젖음/습기,비,교차로 - 교차로부근,승용,남,64세,상해없음,이륜,남,46세,중상
2021112200100008,2021년 11월 22일 00시,월요일,충청남도 천안시 서북구 성정동,중상사고,0,1,1,0,차대차 - 측면충돌,신호위반,젖음/습기,비,교차로 - 교차로안,이륜,남,36세,중상,승용,남,65세,기타불명
2021112200100032,2021년 11월 22일 02시,월요일,충청남도 보령시 웅천읍,중상사고,0,1,0,0,차대차 - 정면충돌,안전운전불이행,젖음/습기,비,단일로 - 기타,승용,남,38세,상해없음,승용,남,35세,기타불명
2021112200100069,2021년 11월 22일 06시,월요일,충청남도 계룡시 금암동,중상사고,0,1,0,0,차대사람 - 차도통행중,안전운전불이행,젖음/습기,맑음,주차장 - 주차장,승용,남,40세,상해없음,보행자,여,82세,중상
2021112200100090,2021년 11월 22일 07시,월요일,충청남도 서산시 지곡면,경상사고,0,0,2,0,차대차 - 측면충돌,신호위반,젖음/습기,비,교차로 - 교차로안,승용,남,36세,상해없음,화물,남,61세,상해없음
2021112200100246,2021년 11월 22일 12시,월요일,충청남도 예산군 예산읍,경상사고,0,0,1,0,차대차 - 측면충돌,안전운전불이행,건조,맑음,단일로 - 기타,이륜,남,85세,상해없음,승용,남,32세,경상
2021112200100247,2021년 11월 22일 12시,월요일,충청남도 부여군 부여읍,경상사고,0,0,1,0,차대차 - 후진중충돌,안전운전불이행,건조,맑음,주차장 - 주차장,승용,여,77세,상해없음,화물,여,69세,상해없음
2021112200100248,2021년 11월 22일 12시,월요일,충청남도 천안시 동남구 사직동,중상사고,0,1,0,0,차량단독 - 기타,안전운전불이행,건조,맑음,교차로 - 교차로안,승용,남,66세,상해없음,,,,
2021112200100292,2021년 11월 22일 13시,월요일,충청남도 천안시 동남구 봉명동,중상사고,0,1,0,0,차대사람 - 기타,보행자보호의무위반,건조,맑음,교차로 - 교차로부근,화물,남,50세,상해없음,보행자,여,74세,중상
2021112200100293,2021년 11월 22일 13시,월요일,충청남도 당진시 신평면,중상사고,0,1,4,0,차대차 - 기타,안전운전불이행,건조,맑음,단일로 - 기타,승용,남,40세,경상,승용,남,39세,경상
2021112200100324,2021년 11월 22일 14시,월요일,충청남도 서산시 동문동,중상사고,0,2,0,0,차대차 - 기타,직진우회전진행방해,건조,맑음,교차로 - 교차로안,승용,남,24세,상해없음,이륜,남,74세,중상
2021112200100325,2021년 11월 22일 14시,월요일,충청남도 천안시 서북구 백석동,부상신고사고,0,0,0,1,차대차 - 추돌,안전운전불이행,젖음/습기,비,단일로 - 기타,화물,남,41세,부상신고,승용,남,36세,상해없음
2021112200100326,2021년 11월 22일 14시,월요일,충청남도 논산시 강산동,중상사고,0,1,0,0,차대차 - 추돌,안전운전불이행,건조,맑음,교차로 - 교차로부근,화물,남,65세,상해없음,이륜,남,87세,중상
2021112200100327,2021년 11월 22일 14시,월요일,충청남도 아산시 배방읍,경상사고,0,0,2,0,차대차 - 측면충돌,안전운전불이행,젖음/습기,비,교차로 - 교차로안,승용,여,20세,상해없음,승용,남,43세,경상
2021112200100328,2021년 11월 22일 14시,월요일,충청남도 부여군 규암면,경상사고,0,0,1,0,차량단독 - 공작물충돌,안전운전불이행,건조,맑음,단일로 - 기타,원동기,남,62세,경상,,,,
2021112200100329,2021년 11월 22일 14시,월요일,충청남도 당진시 읍내동,경상사고,0,0,1,0,차대사람 - 횡단중,보행자보호의무위반,건조,맑음,교차로 - 교차로횡단보도내,승용,남,62세,상해없음,보행자,남,70세,경상
2021112200100362,2021년 11월 22일 15시,월요일,충청남도 아산시 영인면,경상사고,0,0,1,0,차대차 - 기타,안전운전불이행,젖음/습기,비,기타 - 기타,화물,남,67세,상해없음,승용,남,73세,경상
2021112200100399,2021년 11월 22일 16시,월요일,충청남도 부여군 양화면,중상사고,0,1,0,0,차대차 - 정면충돌,기타,건조,맑음,단일로 - 기타,이륜,남,75세,상해없음,승용,여,66세,상해없음
2021112200100486,2021년 11월 22일 18시,월요일,충청남도 아산시 인주면,경상사고,0,0,1,0,차대사람 - 기타,안전운전불이행,건조,맑음,단일로 - 기타,승용,남,57세,상해없음,보행자,남,49세,경상
2021112200100487,2021년 11월 22일 18시,월요일,충청남도 천안시 동남구 신방동,경상사고,0,0,2,0,차대차 - 측면충돌,안전운전불이행,건조,맑음,교차로 - 교차로안,승용,남,33세,상해없음,화물,남,41세,경상
2021112200100539,2021년 11월 22일 19시,월요일,충청남도 천안시 서북구 쌍용동,부상신고사고,0,0,0,1,차대차 - 측면충돌,직진우회전진행방해,건조,맑음,교차로 - 교차로안,이륜,남,57세,부상신고,승용,남,72세,상해없음
2021112200100598,2021년 11월 22일 22시,월요일,충청남도 천안시 서북구 쌍용동,부상신고사고,0,0,0,1,차대차 - 추돌,안전운전불이행,젖음/습기,눈,교차로 - 교차로부근,승용,남,46세,상해없음,특수,남,33세,부상신고
2021112300100030,2021년 11월 23일 03시,화요일,충청남도 천안시 서북구 백석동,경상사고,0,0,1,0,차량단독 - 전도전복 - 전도,안전운전불이행,젖음/습기,비,단일로 - 기타,이륜,남,34세,경상,,,,
2021112300100066,2021년 11월 23일 07시,화요일,충청남도 천안시 서북구 성환읍,부상신고사고,0,0,0,1,차대차 - 측면충돌,안전거리미확보,건조,맑음,단일로 - 기타,이륜,남,74세,부상신고,승용,여,45세,상해없음
2021112300100067,2021년 11월 23일 07시,화요일,충청남도 예산군 응봉면,중상사고,0,1,0,0,차대차 - 추돌,안전운전불이행,서리/결빙,맑음,단일로 - 교량,승용,남,52세,중상,승용,남,33세,상해없음
2021112300100102,2021년 11월 23일 08시,화요일,충청남도 천안시 서북구 성정동,경상사고,0,0,1,0,차대사람 - 횡단중,안전운전불이행,건조,맑음,교차로 - 교차로횡단보도내,승용,남,38세,상해없음,보행자,남,13세,경상
2021112300100103,2021년 11월 23일 08시,화요일,충청남도 천안시 서북구 불당동,경상사고,0,0,1,0,차대차 - 측면충돌,신호위반,건조,맑음,교차로 - 교차로안,승용,남,57세,상해없음,승용,남,24세,경상
2021112300100104,2021년 11월 23일 08시,화요일,충청남도 홍성군 홍성읍,경상사고,0,0,1,0,차대차 - 측면충돌,안전운전불이행,건조,맑음,교차로 - 교차로부근,화물,남,63세,상해없음,승용,여,27세,경상
2021112300100134,2021년 11월 23일 09시,화요일,충청남도 서천군 마서면,경상사고,0,0,2,0,차대차 - 측면충돌,교차로운행방법위반,건조,맑음,교차로 - 교차로안,화물,남,24세,상해없음,승용,남,62세,경상
2021112300100199,2021년 11월 23일 11시,화요일,충청남도 천안시 서북구 성환읍,중상사고,0,1,0,0,차대차 - 측면충돌,직진우회전진행방해,건조,맑음,교차로 - 교차로안,승용,남,42세,상해없음,이륜,남,82세,중상
2021112300100230,2021년 11월 23일 12시,화요일,충청남도 서산시 석림동,경상사고,0,0,1,0,차대사람 - 기타,기타,건조,맑음,단일로 - 기타,특수,남,35세,상해없음,보행자,여,69세,경상
2021112300100231,2021년 11월 23일 12시,화요일,충청남도 아산시 영인면,경상사고,0,0,1,0,차대차 - 정면충돌,안전운전불이행,적설,눈,단일로 - 기타,승용,여,53세,상해없음,승용,여,32세,경상
2021112300100232,2021년 11월 23일 12시,화요일,충청남도 부여군 규암면,경상사고,0,0,1,0,차대차 - 측면충돌,신호위반,건조,맑음,교차로 - 교차로안,승용,여,60세,상해없음,승용,여,45세,경상
2021112300100313,2021년 11월 23일 15시,화요일,충청남도 천안시 서북구 입장면,중상사고,0,1,1,0,차대차 - 측면충돌,신호위반,건조,맑음,교차로 - 교차로안,화물,남,52세,상해없음,승용,여,54세,중상