사고번호,사고일시,요일,시군구,사고내용,사망자수,중상자수,경상자수,부상신고자수,사고유형,법규위반,노면상태,기상상태,도로형태,가해운전자 차종,가해운전자 성별,가해운전자 연령,가해운전자 상해정도,피해운전자 차종,피해운전자 성별,피해운전자 연령,피해운전자 상해정도
2021112300100315,2021년 11월 23일 15시,화요일,충청남도 당진시 신평면,중상사고,0,1,1,0,차대차 - 추돌,안전운전불이행,젖음/습기,흐림,단일로 - 기타,승용,여,42세,상해없음,승용,남,29세,중상
2021112300100349,2021년 11월 23일 16시,화요일,충청남도 천안시 서북구 직산읍,중상사고,0,1,0,0,차대사람 - 기타,보행자보호의무위반,젖음/습기,비,교차로 - 교차로횡단보도내,이륜,남,56세,상해없음,보행자,남,60세,중상
2021112300100388,2021년 11월 23일 17시,화요일,충청남도 천안시 서북구 성거읍,경상사고,0,0,1,0,차대사람 - 횡단중,보행자보호의무위반,젖음/습기,눈,교차로 - 교차로안,승용,남,59세,상해없음,보행자,여,56세,경상
2021112300100389,2021년 11월 23일 17시,화요일,충청남도 아산시 온천동,경상사고,0,0,3,0,차대차 - 기타,안전운전불이행,건조,맑음,단일로 - 기타,승용,남,65세,경상,승용,남,31세,경상
2021112300100390,2021년 11월 23일 17시,화요일,충청남도 보령시 대천동,중상사고,0,1,0,0,차대사람 - 횡단중,안전운전불이행,젖음/습기,흐림,기타 - 기타,화물,남,58세,상해없음,보행자,여,84세,중상
2021112300100391,2021년 11월 23일 17시,화요일,충청남도 태안군 태안읍,중상사고,0,1,1,0,차대차 - 추돌,안전운전불이행,건조,맑음,교차로 - 교차로안,승용,남,32세,경상,승용,남,29세,중상
2021112300100446,2021년 11월 23일 18시,화요일,충청남도 보령시 동대동,중상사고,0,1,1,0,차대사람 - 기타,보행자보호의무위반,건조,맑음,교차로 - 교차로횡단보도내,승용,남,44세,상해없음,보행자,여,63세,중상
2021112300100447,2021년 11월 23일 18시,화요일,충청남도 부여군 부여읍,중상사고,0,1,0,0,차대사람 - 횡단중,보행자보호의무위반,건조,맑음,단일로 - 기타,승용,여,48세,상해없음,보행자,여,40세,중상
2021112300100448,2021년 11월 23일 18시,화요일,충청남도 당진시 송악읍,경상사고,0,0,1,0,차대차 - 측면충돌,안전운전불이행,젖음/습기,비,단일로 - 기타,승용,남,61세,기타불명,승용,여,58세,경상
2021112300100450,2021년 11월 23일 18시,화요일,충청남도 공주시 이인면,사망사고,1,0,1,0,차대차 - 추돌,안전운전불이행,건조,흐림,단일로 - 기타,화물,남,64세,사망,화물,남,54세,경상
2021112300100495,2021년 11월 23일 19시,화요일,충청남도 아산시 둔포면,중상사고,0,1,0,0,차대사람 - 횡단중,안전운전불이행,건조,맑음,교차로 - 교차로부근,승합,남,56세,상해없음,보행자,남,54세,중상
2021112300100496,2021년 11월 23일 19시,화요일,충청남도 보령시 대천동,경상사고,0,0,1,0,차대차 - 측면충돌,안전운전불이행,젖음/습기,맑음,교차로 - 교차로부근,승용,남,61세,기타불명,이륜,남,18세,경상
2021112300100530,2021년 11월 23일 20시,화요일,충청남도 서산시 석남동,중상사고,0,1,0,0,차대차 - 기타,안전운전불이행,젖음/습기,비,교차로 - 교차로부근,승용,여,24세,상해없음,원동기,남,51세,중상
2021112300100551,2021년 11월 23일 21시,화요일,충청남도 아산시 염치읍,경상사고,0,0,2,0,차대차 - 추돌,안전운전불이행,젖음/습기,비,단일로 - 기타,승용,남,52세,상해없음,승용,남,19세,경상
2021112300100593,2021년 11월 23일 23시,화요일,충청남도 천안시 서북구 백석동,중상사고,0,1,0,0,차대사람 - 횡단중,보행자보호의무위반,젖음/습기,비,단일로 - 기타,승용,남,60세,상해없음,보행자,여,17세,중상
2021112300100594,2021년 11월 23일 23시,화요일,충청남도 천안시 서북구 불당동,경상사고,0,0,1,0,차대차 - 측면충돌,신호위반,젖음/습기,비,교차로 - 교차로안,승용,남,32세,상해없음,개인형이동수단(PM),남,33세,경상
2021112400100004,2021년 11월 24일 00시,수요일,충청남도 예산군 삽교읍,경상사고,0,0,1,0,차대차 - 측면충돌,신호위반,건조,맑음,교차로 - 교차로안,승용,여,44세,상해없음,승용,여,62세,경상
2021112400100022,2021년 11월 24일 03시,수요일,충청남도 천안시 서북구 부대동,경상사고,0,0,1,0,차대차 - 기타,차로위반,젖음/습기,비,단일로 - 고가도로위,승용,남,31세,상해없음,화물,남,47세,경상
2021112400100044,2021년 11월 24일 06시,수요일,충청남도 천안시 서북구 성정동,중상사고,0,1,0,0,차대사람 - 길가장자리구역통행중,안전운전불이행,건조,맑음,단일로 - 기타,화물,남,45세,상해없음,보행자,남,65세,중상
2021112400100045,2021년 11월 24일 06시,수요일,충청남도 홍성군 금마면,경상사고,0,0,1,0,차대차 - 기타,신호위반,건조,맑음,교차로 - 교차로안,승합,남,56세,상해없음,승용,여,60세,경상
2021112400100122,2021년 11월 24일 09시,수요일,충청남도 천안시 서북구 백석동,경상사고,0,0,2,0,차대차 - 추돌,안전운전불이행,건조,맑음,교차로 - 교차로부근,승용,남,39세,상해없음,승용,남,67세,경상
2021112400100208,2021년 11월 24일 12시,수요일,충청남도 당진시 읍내동,경상사고,0,0,1,0,차대차 - 측면충돌,안전운전불이행,건조,맑음,단일로 - 기타,승용,남,29세,상해없음,승합,남,56세,경상
2021112400100246,2021년 11월 24일 13시,수요일,충청남도 논산시 강경읍,중상사고,0,1,0,0,차대사람 - 차도통행중,안전운전불이행,건조,맑음,단일로 - 기타,승용,여,53세,상해없음,보행자,여,82세,중상
2021112400100269,2021년 11월 24일 14시,수요일,충청남도 서산시 성연면,중상사고,0,1,1,0,차대차 - 측면충돌,신호위반,건조,맑음,교차로 - 교차로안,승용,남,47세,상해없음,승용,남,79세,경상
2021112400100291,2021년 11월 24일 15시,수요일,충청남도 서산시 부석면,사망사고,1,1,0,0,차대차 - 정면충돌,중앙선침범,건조,맑음,단일로 - 기타,승용,여,69세,사망,화물,남,46세,상해없음
2021112400100292,2021년 11월 24일 15시,수요일,충청남도 당진시 고대면,경상사고,0,0,1,0,차대차 - 측면충돌,교차로운행방법위반,건조,맑음,교차로 - 교차로안,화물,남,62세,상해없음,화물,남,70세,경상
2021112400100329,2021년 11월 24일 16시,수요일,충청남도 당진시 원당동,경상사고,0,0,2,0,차대차 - 측면충돌,안전거리미확보,건조,맑음,단일로 - 기타,승용,남,14세,상해없음,화물,남,48세,경상
2021112400100366,2021년 11월 24일 17시,수요일,충청남도 아산시 기산동,경상사고,0,0,2,0,차대차 - 기타,안전운전불이행,젖음/습기,비,단일로 - 기타,승용,여,64세,상해없음,승용,남,34세,경상
2021112400100431,2021년 11월 24일 18시,수요일,충청남도 계룡시 두마면,경상사고,0,0,1,0,차대사람 - 횡단중,신호위반,건조,맑음,단일로 - 기타,승용,남,22세,상해없음,보행자,여,55세,경상
2021112400100432,2021년 11월 24일 18시,수요일,충청남도 아산시 배방읍,중상사고,0,1,1,0,차대차 - 추돌,안전운전불이행,건조,흐림,단일로 - 기타,화물,남,70세,상해없음,승용,여,38세,중상
2021112400100433,2021년 11월 24일 18시,수요일,충청남도 보령시 대천동,경상사고,0,0,1,0,차대사람 - 차도통행중,불법유턴,건조,맑음,단일로 - 기타,승합,남,77세,상해없음,보행자,여,81세,경상
2021112400100434,2021년 11월 24일 18시,수요일,충청남도 천안시 동남구 안서동,경상사고,0,0,1,0,차대사람 - 횡단중,보행자보호의무위반,건조,맑음,교차로 - 교차로부근,승용,남,66세,상해없음,보행자,남,64세,경상
2021112400100484,2021년 11월 24일 19시,수요일,충청남도 천안시 서북구 두정동,경상사고,0,0,2,0,차대차 - 기타,안전운전불이행,건조,맑음,주차장 - 주차장,승용,남,54세,경상,승용,남,26세,경상
2021112400100485,2021년 11월 24일 19시,수요일,충청남도 보령시 남포면,경상사고,0,0,1,0,차대사람 - 기타,안전운전불이행,건조,맑음,단일로 - 기타,승용,여,44세,상해없음,보행자,여,70세,경상
2021112400100486,2021년 11월 24일 19시,수요일,충청남도 당진시 신평면,경상사고,0,0,1,0,차대차 - 추돌,안전거리미확보,건조,맑음,단일로 - 기타,승용,여,33세,상해없음,승용,남,54세,경상
2021112400100517,2021년 11월 24일 20시,수요일,충청남도 당진시 읍내동,경상사고,0,0,1,0,차대차 - 측면충돌,안전거리미확보,건조,맑음,단일로 - 기타,승용,남,18세,상해없음,이륜,남,63세,경상
2021112400100539,2021년 11월 24일 21시,수요일,충청남도 아산시 음봉면,중상사고,0,1,0,0,차량단독 - 도로외이탈 - 기타,안전운전불이행,건조,맑음,단일로 - 기타,승합,남,30세,상해없음,,,,
2021112400100553,2021년 11월 24일 22시,수요일,충청남도 천안시 동남구 구성동,중상사고,0,1,1,0,차대차 - 측면충돌,안전거리미확보,건조,맑음,교차로 - 교차로안,승용,여,64세,경상,승용,남,26세,중상
2021112400100572,2021년 11월 24일 23시,수요일,충청남도 아산시 배방읍,경상사고,0,0,3,0,차대차 - 추돌,안전운전불이행,건조,흐림,교차로 - 교차로부근,승용,여,42세,상해없음,승용,남,28세,경상
2021112500100018,2021년 11월 25일 01시,목요일,충청남도 천안시 동남구 용곡동,경상사고,0,0,1,0,차대차 - 추돌,안전거리미확보,젖음/습기,비,단일로 - 기타,승용,남,27세,상해없음,승용,남,33세,경상
2021112500100060,2021년 11월 25일 06시,목요일,충청남도 천안시 서북구 성성동,경상사고,0,0,1,0,차대차 - 기타,안전운전불이행,건조,기타,기타 - 기타,기타불명,기타불명,미분류,기타불명,승용,남,37세,경상
2021112500100153,2021년 11월 25일 09시,목요일,충청남도 태안군 태안읍,경상사고,0,0,1,0,차대사람 - 횡단중,보행자보호의무위반,건조,맑음,교차로 - 교차로횡단보도내,화물,남,77세,상해없음,보행자,남,73세,경상
2021112500100186,2021년 11월 25일 10시,목요일,충청남도 천안시 서북구 쌍용동,경상사고,0,0,1,0,차대차 - 추돌,안전운전불이행,건조,맑음,교차로 - 교차로부근,승용,여,62세,상해없음,승용,남,45세,경상
2021112500100226,2021년 11월 25일 11시,목요일,충청남도 천안시 서북구 불당동,경상사고,0,0,1,0,차대차 - 기타,안전운전불이행,건조,맑음,기타 - 기타,승용,여,54세,상해없음,자전거,남,41세,경상
2021112500100256,2021년 11월 25일 12시,목요일,충청남도 천안시 동남구 신방동,경상사고,0,0,1,0,차대차 - 추돌,안전운전불이행,건조,맑음,기타 - 기타,승용,여,55세,상해없음,승용,여,50세,경상
2021112500100287,2021년 11월 25일 13시,목요일,충청남도 홍성군 홍성읍,경상사고,0,0,2,0,차대차 - 측면충돌,안전운전불이행,건조,맑음,교차로 - 교차로부근,승합,남,66세,상해없음,승용,남,31세,경상
2021112500100326,2021년 11월 25일 14시,목요일,충청남도 천안시 서북구 성정동,중상사고,0,1,0,0,차대차 - 기타,안전운전불이행,건조,맑음,단일로 - 기타,승용,여,58세,상해없음,승용,남,61세,중상
2021112500100327,2021년 11월 25일 14시,목요일,충청남도 아산시 온천동,경상사고,0,0,1,0,차대차 - 측면충돌,안전운전불이행,건조,맑음,교차로 - 교차로안,승용,여,55세,상해없음,화물,남,57세,경상
2021112500100328,2021년 11월 25일 14시,목요일,충청남도 아산시 실옥동,경상사고,0,0,1,0,차대차 - 추돌,안전운전불이행,건조,맑음,단일로 - 기타,화물,남,58세,경상,화물,남,72세,상해없음
2021112500100329,2021년 11월 25일 14시,목요일,충청남도 청양군 대치면,경상사고,0,0,1,0,차량단독 - 공작물충돌,안전운전불이행,건조,맑음,단일로 - 교량,승용,여,65세,경상,,,,
2021112500100373,2021년 11월 25일 15시,목요일,충청남도 당진시 채운동,사망사고,1,0,0,0,차대차 - 정면충돌,신호위반,건조,맑음,교차로 - 교차로안,건설기계,남,56세,상해없음,자전거,남,12세,사망
2021112500100414,2021년 11월 25일 16시,목요일,충청남도 천안시 서북구 성정동,경상사고,0,0,1,0,차대차 - 측면충돌,교차로운행방법위반,건조,맑음,교차로 - 교차로안,승용,여,22세,상해없음,이륜,남,33세,경상
2021112500100415,2021년 11월 25일 16시,목요일,충청남도 논산시 부창동,중상사고,0,1,0,0,차대사람 - 횡단중,신호위반,건조,맑음,교차로 - 교차로횡단보도내,승용,여,51세,상해없음,보행자,여,71세,중상
2021112500100460,2021년 11월 25일 17시,목요일,충청남도 아산시 온천동,중상사고,0,1,0,0,차대사람 - 횡단중,보행자보호의무위반,건조,맑음,교차로 - 교차로안,승용,남,42세,상해없음,보행자,남,8세,중상
2021112500100461,2021년 11월 25일 17시,목요일,충청남도 천안시 동남구 청당동,중상사고,0,1,0,0,차대차 - 측면충돌,신호위반,건조,맑음,교차로 - 교차로안,화물,남,59세,상해없음,이륜,남,24세,중상
2021112500100518,2021년 11월 25일 18시,목요일,충청남도 보령시 천북면,중상사고,0,2,0,0,차대차 - 추돌,안전운전불이행,건조,맑음,단일로 - 기타,화물,남,53세,상해없음,농기계,남,60세,중상
2021112500100519,2021년 11월 25일 18시,목요일,충청남도 천안시 동남구 신부동,경상사고,0,0,1,0,차대사람 - 기타,안전운전불이행,건조,맑음,단일로 - 기타,승용,남,65세,상해없음,보행자,여,17세,경상
2021112500100574,2021년 11월 25일 19시,목요일,충청남도 서산시 잠홍동,경상사고,0,0,2,0,차대차 - 정면충돌,신호위반,건조,맑음,교차로 - 교차로안,승용,여,50세,상해없음,승용,여,40세,경상
2021112500100575,2021년 11월 25일 19시,목요일,충청남도 천안시 서북구 성환읍,경상사고,0,0,1,0,차대차 - 기타,교차로운행방법위반,건조,맑음,교차로 - 교차로안,승용,남,46세,상해없음,자전거,남,57세,경상
2021112500100576,2021년 11월 25일 19시,목요일,충청남도 예산군 덕산면,경상사고,0,0,1,0,차량단독 - 기타,안전운전불이행,건조,맑음,단일로 - 기타,승합,남,51세,상해없음,,,,
2021112500100577,2021년 11월 25일 19시,목요일,충청남도 천안시 동남구 봉명동,경상사고,0,0,1,0,차대사람 - 기타,안전운전불이행,건조,맑음,교차로 - 교차로부근,승용,여,70세,상해없음,보행자,남,59세,경상
2021112500100629,2021년 11월 25일 21시,목요일,충청남도 서산시 대산읍,중상사고,0,1,0,0,차대사람 - 횡단중,안전운전불이행,건조,맑음,교차로 - 교차로안,이륜,남,36세,상해없음,보행자,여,48세,중상
2021112500100630,2021년 11월 25일 21시,목요일,충청남도 논산시 양촌면,사망사고,1,0,0,0,차대사람 - 횡단중,기타,건조,맑음,교차로 - 교차로안,승용,여,60세,상해없음,보행자,남,69세,사망
2021112500100654,2021년 11월 25일 22시,목요일,충청남도 천안시 서북구 성정동,부상신고사고,0,0,0,1,차대사람 - 기타,기타,건조,맑음,교차로 - 교차로안,승용,여,26세,상해없음,보행자,남,53세,부상신고
2021112500100655,2021년 11월 25일 22시,목요일,충청남도 아산시 배방읍,중상사고,0,1,0,0,차대사람 - 기타,안전운전불이행,건조,맑음,교차로 - 교차로안,승용,여,38세,상해없음,보행자,남,45세,중상
2021112600100010,2021년 11월 26일 00시,금요일,충청남도 보령시 동대동,경상사고,0,0,1,0,차대사람 - 기타,안전운전불이행,건조,맑음,교차로 - 교차로안,승용,여,28세,상해없음,보행자,남,56세,경상
2021112600100038,2021년 11월 26일 03시,금요일,충청남도 천안시 서북구 불당동,경상사고,0,0,2,0,차대차 - 추돌,안전운전불이행,건조,맑음,단일로 - 기타,승용,남,53세,상해없음,승용,남,29세,경상
2021112600100048,2021년 11월 26일 05시,금요일,충청남도 천안시 서북구 백석동,경상사고,0,0,1,0,차대차 - 측면충돌,직진우회전진행방해,건조,맑음,교차로 - 교차로횡단보도내,승용,여,63세,상해없음,승합,남,79세,경상
2021112600100084,2021년 11월 26일 07시,금요일,충청남도 서천군 서천읍,중상사고,0,1,0,0,차대사람 - 횡단중,안전운전불이행,건조,맑음,교차로 - 교차로안,승용,여,57세,상해없음,보행자,여,81세,중상
2021112600100129,2021년 11월 26일 08시,금요일,충청남도 서산시 수석동,경상사고,0,0,1,0,차대차 - 기타,중앙선침범,건조,맑음,단일로 - 기타,승용,여,49세,기타불명,화물,남,47세,경상
2021112600100130,2021년 11월 26일 08시,금요일,충청남도 천안시 동남구 성황동,중상사고,0,1,0,0,차대사람 - 횡단중,안전운전불이행,건조,맑음,교차로 - 교차로안,승합,남,56세,상해없음,보행자,여,77세,중상
2021112600100236,2021년 11월 26일 11시,금요일,충청남도 부여군 부여읍,경상사고,0,0,1,0,차대차 - 측면충돌,안전운전불이행,건조,맑음,단일로 - 기타,화물,남,60세,상해없음,승용,여,32세,경상
2021112600100273,2021년 11월 26일 12시,금요일,충청남도 서천군 종천면,경상사고,0,0,1,0,차대차 - 기타,신호위반,건조,맑음,교차로 - 교차로안,화물,남,63세,상해없음,승용,남,38세,경상
2021112600100316,2021년 11월 26일 13시,금요일,충청남도 천안시 서북구 성거읍,경상사고,0,0,2,0,차대차 - 기타,안전운전불이행,건조,맑음,단일로 - 기타,승용,남,52세,기타불명,승용,여,38세,경상
2021112600100387,2021년 11월 26일 15시,금요일,충청남도 천안시 서북구 부대동,중상사고,0,1,0,0,차대차 - 추돌,안전운전불이행,건조,맑음,교차로 - 교차로부근,이륜,여,17세,상해없음,화물,남,43세,상해없음
2021112600100388,2021년 11월 26일 15시,금요일,충청남도 아산시 음봉면,경상사고,0,0,1,0,차대차 - 기타,중앙선침범,건조,맑음,기타 - 기타,승용,남,80세,상해없음,건설기계,남,57세,경상
2021112600100389,2021년 11월 26일 15시,금요일,충청남도 공주시 교동,경상사고,0,0,2,0,차대차 - 측면충돌,안전운전불이행,건조,맑음,교차로 - 교차로부근,승용,여,56세,상해없음,승용,여,39세,경상
2021112600100390,2021년 11월 26일 15시,금요일,충청남도 천안시 동남구 청당동,경상사고,0,0,1,0,차대차 - 측면충돌,신호위반,건조,맑음,교차로 - 교차로안,화물,남,65세,상해없음,승용,여,49세,경상
2021112600100428,2021년 11월 26일 16시,금요일,충청남도 아산시 음봉면,경상사고,0,0,1,0,차대차 - 추돌,안전운전불이행,건조,맑음,기타 - 기타,승용,남,48세,상해없음,승용,여,31세,경상
2021112600100429,2021년 11월 26일 16시,금요일,충청남도 공주시 쌍신동,경상사고,0,0,3,0,차대차 - 기타,기타,건조,맑음,단일로 - 터널,화물,남,52세,상해없음,승용,남,53세,경상
2021112600100495,2021년 11월 26일 17시,금요일,충청남도 천안시 서북구 업성동,경상사고,0,0,2,0,차대차 - 측면충돌,직진우회전진행방해,건조,맑음,교차로 - 교차로안,승용,남,29세,상해없음,승용,여,53세,경상
2021112600100496,2021년 11월 26일 17시,금요일,충청남도 논산시 반월동,중상사고,0,1,1,0,차대사람 - 횡단중,신호위반,건조,맑음,단일로 - 기타,이륜,남,25세,상해없음,보행자,여,41세,경상
2021112600100497,2021년 11월 26일 17시,금요일,충청남도 홍성군 홍성읍,사망사고,1,3,0,0,차대차 - 기타,기타,건조,기타,교차로 - 교차로안,승용,남,64세,중상,화물,남,62세,중상
2021112600100566,2021년 11월 26일 18시,금요일,충청남도 천안시 서북구 두정동,경상사고,0,0,1,0,차대차 - 기타,안전거리미확보,건조,맑음,단일로 - 기타,화물,남,40세,상해없음,이륜,남,19세,경상
2021112600100567,2021년 11월 26일 18시,금요일,충청남도 천안시 서북구 쌍용동,경상사고,0,0,1,0,차대사람 - 횡단중,보행자보호의무위반,건조,맑음,교차로 - 교차로안,승용,여,46세,상해없음,보행자,남,29세,경상
2021112600100667,2021년 11월 26일 20시,금요일,충청남도 천안시 서북구 두정동,중상사고,0,1,0,0,차대차 - 측면충돌,교차로운행방법위반,건조,맑음,교차로 - 교차로부근,승용,남,30세,상해없음,이륜,남,40세,중상
2021112600100668,2021년 11월 26일 20시,금요일,충청남도 천안시 서북구 불당동,경상사고,0,0,1,0,차대차 - 측면충돌,신호위반,건조,맑음,교차로 - 교차로안,원동기,남,39세,상해없음,원동기,남,40세,경상
2021112600100698,2021년 11월 26일 21시,금요일,충청남도 천안시 서북구 백석동,경상사고,0,0,2,0,차대차 - 측면충돌,신호위반,건조,맑음,교차로 - 교차로안,승용,남,28세,상해없음,승용,여,28세,경상
2021112600100699,2021년 11월 26일 21시,금요일,충청남도 당진시 신평면,경상사고,0,0,2,0,차대차 - 측면충돌,안전거리미확보,건조,기타,단일로 - 기타,화물,남,37세,상해없음,승용,여,42세,경상
2021112600100718,2021년 11월 26일 22시,금요일,충청남도 아산시 용화동,경상사고,0,0,1,0,차대차 - 기타,신호위반,건조,맑음,교차로 - 교차로안,이륜,여,35세,상해없음,자전거,남,14세,경상
2021112600100738,2021년 11월 26일 23시,금요일,충청남도 천안시 동남구 목천읍,중상사고,0,3,0,1,차대차 - 정면충돌,중앙선침범,건조,맑음,단일로 - 기타,승용,남,36세,상해없음,승용,여,51세,중상
2021112700100007,2021년 11월 27일 00시,토요일,충청남도 천안시 서북구 두정동,경상사고,0,0,1,0,차대사람 - 차도통행중,안전운전불이행,건조,맑음,단일로 - 기타,승용,남,41세,상해없음,보행자,남,23세,경상
2021112700100008,2021년 11월 27일 00시,토요일,충청남도 당진시 송악읍,사망사고,1,0,0,0,차대차 - 추돌,안전운전불이행,건조,맑음,단일로 - 기타,승용,남,30세,사망,특수,남,56세,기타불명
2021112700100030,2021년 11월 27일 02시,토요일,충청남도 서산시 예천동,경상사고,0,0,1,0,차대차 - 측면충돌,불법유턴,건조,맑음,교차로 - 교차로부근,승용,여,26세,상해없음,승용,남,44세,경상
2021112700100043,2021년 11월 27일 04시,토요일,충청남도 천안시 서북구 쌍용동,경상사고,0,0,1,0,차대차 - 정면충돌,중앙선침범,건조,맑음,단일로 - 기타,승용,남,27세,상해없음,승용,여,63세,경상
2021112700100051,2021년 11월 27일 05시,토요일,충청남도 보령시 오천면,경상사고,0,0,1,0,차대사람 - 기타,안전운전불이행,건조,흐림,기타 - 기타,화물,남,73세,상해없음,보행자,남,72세,경상
2021112700100052,2021년 11월 27일 05시,토요일,충청남도 공주시 정안면,경상사고,0,0,1,0,차대차 - 기타,중앙선침범,건조,맑음,단일로 - 기타,이륜,남,59세,경상,승용,남,48세,상해없음
2021112700100098,2021년 11월 27일 09시,토요일,충청남도 천안시 동남구 다가동,중상사고,0,1,0,0,차대차 - 기타,중앙선침범,건조,맑음,단일로 - 기타,승용,여,39세,상해없음,승용,남,59세,중상
2021112700100099,2021년 11월 27일 09시,토요일,충청남도 태안군 안면읍,경상사고,0,0,3,0,차대차 - 추돌,교차로운행방법위반,건조,맑음,교차로 - 교차로안,건설기계,남,61세,기타불명,승용,남,34세,경상
2021112700100140,2021년 11월 27일 10시,토요일,충청남도 청양군 청양읍,중상사고,0,1,0,0,차대차 - 측면충돌,신호위반,건조,맑음,교차로 - 교차로안,승용,여,56세,상해없음,승용,여,68세,중상
2021112700100141,2021년 11월 27일 10시,토요일,충청남도 천안시 동남구 목천읍,경상사고,0,0,2,0,차대차 - 기타,중앙선침범,건조,맑음,교차로 - 교차로부근,승용,남,59세,상해없음,승용,남,38세,경상
2021112700100172,2021년 11월 27일 11시,토요일,충청남도 천안시 동남구 신부동,중상사고,0,1,2,0,차대차 - 추돌,안전운전불이행,건조,맑음,교차로 - 교차로안,승용,남,33세,상해없음,승용,여,50세,경상
2021112700100254,2021년 11월 27일 13시,토요일,충청남도 공주시 탄천면,경상사고,0,0,4,0,차대차 - 추돌,안전운전불이행,건조,맑음,단일로 - 기타,승용,남,48세,상해없음,승용,남,35세,경상
2021112700100299,2021년 11월 27일 14시,토요일,충청남도 천안시 동남구 신부동,경상사고,0,0,1,0,차대사람 - 차도통행중,안전운전불이행,건조,맑음,단일로 - 기타,승용,남,41세,상해없음,보행자,여,38세,경상
2021112700100338,2021년 11월 27일 15시,토요일,충청남도 천안시 서북구 불당동,경상사고,0,0,1,0,차대사람 - 기타,기타,건조,맑음,기타 - 기타,자전거,남,12세,상해없음,보행자,남,5세,경상
2021112700100340,2021년 11월 27일 15시,토요일,충청남도 부여군 은산면,중상사고,0,1,1,0,차대차 - 기타,직진우회전진행방해,건조,맑음,교차로 - 교차로안,이륜,남,31세,경상,이륜,여,65세,중상
2021112700100381,2021년 11월 27일 16시,토요일,충청남도 아산시 온천동,경상사고,0,0,1,0,차대차 - 기타,기타,건조,맑음,단일로 - 기타,원동기,남,69세,경상,승용,남,67세,상해없음
2021112700100382,2021년 11월 27일 16시,토요일,충청남도 서천군 장항읍,경상사고,0,0,1,0,차대사람 - 기타,안전운전불이행,건조,맑음,단일로 - 기타,자전거,남,11세,상해없음,보행자,남,4세,경상
2021112700100424,2021년 11월 27일 17시,토요일,충청남도 청양군 정산면,중상사고,0,1,1,0,차대차 - 추돌,안전운전불이행,건조,맑음,단일로 - 교량,승용,남,58세,중상,농기계,남,67세,경상
2021112700100466,2021년 11월 27일 18시,토요일,충청남도 아산시 용화동,중상사고,0,1,0,0,차대차 - 측면충돌,신호위반,건조,맑음,교차로 - 교차로안,승용,남,40세,상해없음,이륜,여,32세,중상
2021112700100467,2021년 11월 27일 18시,토요일,충청남도 당진시 송악읍,경상사고,0,0,1,0,차대차 - 기타,안전운전불이행,건조,맑음,단일로 - 기타,승용,남,50세,상해없음,자전거,남,67세,경상
2021112700100468,2021년 11월 27일 18시,토요일,충청남도 천안시 동남구 신방동,경상사고,0,0,1,0,차대차 - 정면충돌,안전운전불이행,건조,맑음,단일로 - 기타,화물,남,52세,상해없음,원동기,남,22세,경상
2021112700100598,2021년 11월 27일 23시,토요일,충청남도 아산시 용화동,경상사고,0,0,1,0,차대차 - 기타,안전운전불이행,건조,맑음,교차로 - 교차로안,승용,남,35세,상해없음,개인형이동수단(PM),남,39세,경상
2021112800100026,2021년 11월 28일 01시,일요일,충청남도 논산시 연산면,중상사고,0,1,0,0,차대차 - 추돌,안전운전불이행,건조,맑음,교차로 - 교차로부근,승용,남,48세,상해없음,이륜,남,29세,중상
2021112800100037,2021년 11월 28일 02시,일요일,충청남도 서천군 서천읍,중상사고,0,1,0,0,차량단독 - 공작물충돌,안전운전불이행,건조,맑음,단일로 - 기타,승용,남,24세,중상,,,,
2021112800100050,2021년 11월 28일 04시,일요일,충청남도 천안시 동남구 신부동,경상사고,0,0,2,0,차대차 - 추돌,안전운전불이행,건조,맑음,단일로 - 기타,승용,남,48세,상해없음,승용,남,24세,경상
2021112800100063,2021년 11월 28일 06시,일요일,충청남도 천안시 동남구 쌍용동,중상사고,0,1,0,0,차대차 - 기타,신호위반,건조,맑음,교차로 - 교차로안,승용,남,36세,상해없음,승용,남,46세,중상
2021112800100069,2021년 11월 28일 07시,일요일,충청남도 천안시 서북구 성환읍,경상사고,0,0,2,0,차대차 - 기타,중앙선침범,건조,맑음,교차로 - 교차로부근,승용,여,43세,상해없음,승용,남,31세,경상
2021112800100070,2021년 11월 28일 07시,일요일,충청남도 청양군 장평면,경상사고,0,0,1,0,차량단독 - 공작물충돌,안전운전불이행,건조,맑음,교차로 - 교차로안,승용,남,49세,상해없음,,,,
2021112800100080,2021년 11월 28일 08시,일요일,충청남도 예산군 예산읍,중상사고,0,2,0,0,차대사람 - 기타,보행자보호의무위반,건조,맑음,교차로 - 교차로안,승용,남,67세,상해없음,보행자,여,57세,중상
2021112800100081,2021년 11월 28일 08시,일요일,충청남도 당진시 읍내동,경상사고,0,0,1,0,차대차 - 기타,안전운전불이행,건조,맑음,교차로 - 교차로부근,승용,남,38세,상해없음,승용,여,42세,경상