사고번호,사고일시,요일,시군구,사고내용,사망자수,중상자수,경상자수,부상신고자수,사고유형,법규위반,노면상태,기상상태,도로형태,가해운전자 차종,가해운전자 성별,가해운전자 연령,가해운전자 상해정도,피해운전자 차종,피해운전자 성별,피해운전자 연령,피해운전자 상해정도
2021120900100099,2021년 12월 9일 08시,목요일,충청남도 보령시 천북면,경상사고,0,0,1,0,차량단독 - 기타,안전운전불이행,건조,맑음,단일로 - 기타,사륜오토바이(ATV),여,81세,경상,,,,
2021120900100121,2021년 12월 9일 09시,목요일,충청남도 논산시 부창동,경상사고,0,0,1,0,차대차 - 정면충돌,안전운전불이행,건조,맑음,교차로 - 교차로안,화물,남,69세,경상,화물,남,59세,상해없음
2021120900100122,2021년 12월 9일 09시,목요일,충청남도 청양군 비봉면,경상사고,0,0,1,0,차량단독 - 공작물충돌,안전운전불이행,건조,맑음,단일로 - 기타,화물,남,71세,경상,,,,
2021120900100168,2021년 12월 9일 11시,목요일,충청남도 예산군 덕산면,경상사고,0,0,2,0,차대차 - 추돌,안전운전불이행,건조,맑음,단일로 - 기타,승용,남,79세,상해없음,승용,여,51세,경상
2021120900100191,2021년 12월 9일 12시,목요일,충청남도 아산시 둔포면,부상신고사고,0,0,0,1,차대사람 - 차도통행중,안전운전불이행,건조,맑음,단일로 - 기타,승용,여,59세,상해없음,보행자,남,41세,부상신고
2021120900100212,2021년 12월 9일 13시,목요일,충청남도 천안시 동남구 성남면,경상사고,0,0,2,0,차대차 - 측면충돌,안전운전불이행,건조,맑음,교차로 - 교차로안,화물,남,45세,상해없음,승용,여,51세,경상
2021120900100213,2021년 12월 9일 13시,목요일,충청남도 천안시 동남구 원성동,경상사고,0,0,1,1,차대차 - 정면충돌,직진우회전진행방해,건조,맑음,교차로 - 교차로안,원동기,남,20세,부상신고,승용,남,58세,경상
2021120900100294,2021년 12월 9일 16시,목요일,충청남도 아산시 배방읍,경상사고,0,0,1,0,차대차 - 추돌,안전운전불이행,건조,맑음,단일로 - 기타,승용,남,65세,상해없음,승용,남,22세,경상
2021120900100329,2021년 12월 9일 17시,목요일,충청남도 서천군 문산면,사망사고,1,0,0,0,차대사람 - 횡단중,안전운전불이행,건조,맑음,단일로 - 기타,승용,남,62세,상해없음,보행자,여,92세,사망
2021120900100330,2021년 12월 9일 17시,목요일,충청남도 태안군 안면읍,사망사고,1,0,0,0,차대사람 - 기타,안전운전불이행,건조,흐림,단일로 - 기타,승용,남,69세,상해없음,보행자,여,65세,사망
2021120900100389,2021년 12월 9일 18시,목요일,충청남도 천안시 서북구 불당동,경상사고,0,0,1,0,차대차 - 기타,안전운전불이행,건조,맑음,교차로 - 교차로안,승용,여,37세,상해없음,승용,여,28세,경상
2021120900100390,2021년 12월 9일 18시,목요일,충청남도 서천군 장항읍,중상사고,0,1,1,0,차대차 - 측면충돌,안전운전불이행,건조,맑음,교차로 - 교차로안,승용,여,29세,상해없음,승용,남,33세,경상
2021120900100391,2021년 12월 9일 18시,목요일,충청남도 천안시 동남구 신부동,중상사고,0,1,0,0,차대차 - 측면충돌,안전운전불이행,건조,맑음,단일로 - 기타,승합,남,39세,상해없음,승용,여,24세,중상
2021120900100430,2021년 12월 9일 19시,목요일,충청남도 아산시 좌부동,중상사고,0,1,0,0,차대사람 - 길가장자리구역통행중,안전운전불이행,건조,맑음,기타 - 기타,승용,남,59세,상해없음,보행자,남,61세,중상
2021120900100462,2021년 12월 9일 20시,목요일,충청남도 천안시 서북구 성성동,경상사고,0,0,2,0,차대차 - 기타,교차로운행방법위반,건조,맑음,교차로 - 교차로안,승용,남,62세,경상,이륜,남,61세,경상
2021120900100463,2021년 12월 9일 20시,목요일,충청남도 천안시 서북구 성환읍,중상사고,0,1,0,0,차대차 - 기타,안전운전불이행,건조,맑음,단일로 - 기타,승용,남,61세,상해없음,승용,여,49세,중상
2021120900100464,2021년 12월 9일 20시,목요일,충청남도 보령시 대천동,경상사고,0,0,2,0,차대차 - 기타,직진우회전진행방해,건조,기타,교차로 - 교차로안,승용,여,23세,경상,승용,여,46세,경상
2021120900100490,2021년 12월 9일 21시,목요일,충청남도 천안시 서북구 쌍용동,경상사고,0,0,2,0,차대차 - 기타,안전거리미확보,건조,맑음,단일로 - 기타,승용,여,56세,상해없음,승용,남,52세,경상
2021120900100491,2021년 12월 9일 21시,목요일,충청남도 아산시 탕정면,경상사고,0,0,1,0,차대차 - 측면충돌,안전운전불이행,건조,맑음,교차로 - 교차로안,승용,남,28세,상해없음,승용,남,35세,경상
2021120900100512,2021년 12월 9일 22시,목요일,충청남도 공주시 의당면,중상사고,0,1,0,0,차대사람 - 기타,안전운전불이행,건조,맑음,기타 - 기타,승용,남,27세,상해없음,보행자,여,33세,중상
2021120900100530,2021년 12월 9일 23시,목요일,충청남도 예산군 삽교읍,중상사고,0,1,2,0,차대차 - 측면충돌,신호위반,건조,맑음,교차로 - 교차로안,승용,남,45세,상해없음,승용,남,67세,중상
2021120900100531,2021년 12월 9일 23시,목요일,충청남도 청양군 청양읍,부상신고사고,0,0,0,1,차량단독 - 공작물충돌,안전운전불이행,건조,맑음,교차로 - 교차로부근,승용,남,67세,부상신고,,,,
2021121000100028,2021년 12월 10일 02시,금요일,충청남도 천안시 동남구 신부동,경상사고,0,0,1,0,차량단독 - 기타,안전운전불이행,건조,맑음,단일로 - 기타,개인형이동수단(PM),남,17세,경상,,,,
2021121000100030,2021년 12월 10일 03시,금요일,충청남도 보령시 남포면,중상사고,0,1,0,0,차대사람 - 횡단중,안전운전불이행,건조,맑음,단일로 - 기타,승용,남,51세,상해없음,보행자,남,54세,중상
2021121000100058,2021년 12월 10일 06시,금요일,충청남도 보령시 대천동,중상사고,0,1,0,0,차대사람 - 기타,안전운전불이행,건조,맑음,단일로 - 기타,승용,남,49세,상해없음,보행자,남,54세,중상
2021121000100143,2021년 12월 10일 09시,금요일,충청남도 천안시 서북구 입장면,경상사고,0,0,1,0,차대차 - 측면충돌,교차로운행방법위반,건조,맑음,교차로 - 교차로안,화물,남,70세,상해없음,화물,남,62세,경상
2021121000100144,2021년 12월 10일 09시,금요일,충청남도 서천군 마산면,경상사고,0,0,1,0,차대사람 - 기타,안전운전불이행,건조,맑음,단일로 - 기타,승합,남,61세,상해없음,보행자,여,85세,경상
2021121000100145,2021년 12월 10일 09시,금요일,충청남도 예산군 예산읍,경상사고,0,0,1,0,차대차 - 측면충돌,직진우회전진행방해,젖음/습기,비,교차로 - 교차로안,화물,남,73세,상해없음,승용,여,52세,경상
2021121000100146,2021년 12월 10일 09시,금요일,충청남도 청양군 남양면,중상사고,0,1,1,0,차대차 - 측면충돌,안전운전불이행,젖음/습기,비,기타 - 기타,승합,남,62세,상해없음,승용,남,40세,경상
2021121000100200,2021년 12월 10일 11시,금요일,충청남도 서산시 부석면,경상사고,0,0,1,0,차대차 - 측면충돌,안전거리미확보,건조,맑음,교차로 - 교차로안,건설기계,남,69세,상해없음,승용,여,59세,경상
2021121000100201,2021년 12월 10일 11시,금요일,충청남도 아산시 용화동,경상사고,0,0,1,0,차대차 - 기타,안전운전불이행,건조,맑음,교차로 - 교차로안,화물,남,75세,상해없음,자전거,남,61세,경상
2021121000100263,2021년 12월 10일 13시,금요일,충청남도 천안시 서북구 불당동,경상사고,0,0,1,0,차대차 - 측면충돌,교차로운행방법위반,젖음/습기,맑음,교차로 - 교차로안,승용,여,39세,상해없음,이륜,남,39세,경상
2021121000100368,2021년 12월 10일 16시,금요일,충청남도 서천군 장항읍,경상사고,0,0,2,0,차대차 - 추돌,안전운전불이행,건조,맑음,교차로 - 교차로부근,승용,남,54세,상해없음,승용,남,48세,경상
2021121000100405,2021년 12월 10일 17시,금요일,충청남도 천안시 동남구 풍세면,경상사고,0,0,3,0,차대차 - 기타,안전거리미확보,건조,맑음,기타 - 기타,승용,남,30세,상해없음,승용,남,30세,경상
2021121000100466,2021년 12월 10일 18시,금요일,충청남도 천안시 서북구 성정동,경상사고,0,0,2,0,차대차 - 측면충돌,신호위반,건조,맑음,교차로 - 교차로안,승용,여,47세,상해없음,승용,남,22세,경상
2021121000100467,2021년 12월 10일 18시,금요일,충청남도 부여군 부여읍,경상사고,0,0,1,0,차대사람 - 길가장자리구역통행중,안전운전불이행,건조,맑음,단일로 - 기타,승용,여,61세,상해없음,보행자,여,50세,경상
2021121000100577,2021년 12월 10일 20시,금요일,충청남도 아산시 둔포면,중상사고,0,1,0,0,차대사람 - 차도통행중,안전운전불이행,기타,맑음,기타 - 기타,승용,남,40세,상해없음,보행자,남,66세,중상
2021121000100594,2021년 12월 10일 21시,금요일,충청남도 천안시 서북구 성환읍,경상사고,0,0,1,0,차대차 - 추돌,안전운전불이행,건조,맑음,교차로 - 교차로부근,승용,여,45세,상해없음,승용,남,47세,경상
2021121000100595,2021년 12월 10일 21시,금요일,충청남도 아산시 신창면,중상사고,0,1,2,0,차대차 - 정면충돌,중앙선침범,젖음/습기,흐림,교차로 - 교차로부근,승용,남,46세,경상,승용,남,29세,중상
2021121000100643,2021년 12월 10일 23시,금요일,충청남도 천안시 서북구 부대동,경상사고,0,0,2,0,차대차 - 추돌,안전운전불이행,건조,맑음,단일로 - 기타,화물,남,46세,상해없음,승용,남,24세,경상
2021121000100644,2021년 12월 10일 23시,금요일,충청남도 천안시 서북구 쌍용동,경상사고,0,0,2,0,차량단독 - 공작물충돌,안전운전불이행,건조,맑음,단일로 - 기타,승용,남,61세,경상,,,,
2021121100100052,2021년 12월 11일 04시,토요일,충청남도 공주시 이인면,경상사고,0,0,1,0,차대차 - 추돌,안전운전불이행,건조,맑음,단일로 - 기타,승용,남,63세,상해없음,승용,여,49세,경상
2021121100100082,2021년 12월 11일 07시,토요일,충청남도 당진시 읍내동,중상사고,0,1,0,0,차대사람 - 기타,안전운전불이행,건조,맑음,주차장 - 주차장,승용,여,50세,상해없음,보행자,여,61세,중상
2021121100100094,2021년 12월 11일 08시,토요일,충청남도 천안시 서북구 직산읍,부상신고사고,0,0,0,1,차량단독 - 기타,안전운전불이행,건조,맑음,단일로 - 기타,화물,남,44세,부상신고,,,,
2021121100100139,2021년 12월 11일 10시,토요일,충청남도 아산시 장존동,중상사고,0,1,0,0,차량단독 - 공작물충돌,안전운전불이행,건조,맑음,단일로 - 기타,승용,남,37세,상해없음,,,,
2021121100100140,2021년 12월 11일 10시,토요일,충청남도 태안군 근흥면,경상사고,0,0,1,0,차대차 - 기타,기타,건조,맑음,단일로 - 기타,화물,남,33세,상해없음,승용,남,66세,경상
2021121100100164,2021년 12월 11일 11시,토요일,충청남도 논산시 내동,경상사고,0,0,1,0,차대사람 - 보도통행중,기타,건조,맑음,단일로 - 기타,이륜,남,38세,상해없음,보행자,여,46세,경상
2021121100100199,2021년 12월 11일 12시,토요일,충청남도 천안시 서북구 쌍용동,경상사고,0,0,3,0,차대차 - 측면충돌,안전거리미확보,건조,맑음,단일로 - 기타,승용,남,40세,상해없음,승용,남,30세,경상
2021121100100200,2021년 12월 11일 12시,토요일,충청남도 공주시 이인면,중상사고,0,1,0,0,차대차 - 측면충돌,안전운전불이행,건조,맑음,교차로 - 교차로안,화물,남,62세,상해없음,이륜,남,80세,중상
2021121100100235,2021년 12월 11일 13시,토요일,충청남도 천안시 서북구 불당동,중상사고,0,1,1,0,차대차 - 측면충돌,신호위반,건조,맑음,교차로 - 교차로안,승용,여,42세,상해없음,승용,여,44세,중상
2021121100100256,2021년 12월 11일 14시,토요일,충청남도 천안시 서북구 쌍용동,경상사고,0,0,1,0,차대사람 - 기타,안전운전불이행,건조,맑음,교차로 - 교차로안,승합,남,55세,상해없음,보행자,여,75세,경상
2021121100100298,2021년 12월 11일 15시,토요일,충청남도 천안시 동남구 신방동,중상사고,0,5,3,0,차대차 - 정면충돌,중앙선침범,건조,맑음,단일로 - 기타,승용,남,33세,상해없음,승용,남,60세,중상
2021121100100299,2021년 12월 11일 15시,토요일,충청남도 태안군 근흥면,경상사고,0,0,1,0,차대차 - 기타,안전운전불이행,건조,맑음,단일로 - 기타,화물,남,48세,상해없음,승용,남,39세,경상
2021121100100317,2021년 12월 11일 16시,토요일,충청남도 천안시 동남구 다가동,경상사고,0,0,3,0,차대차 - 측면충돌,기타,건조,맑음,교차로 - 교차로부근,화물,남,69세,상해없음,화물,남,57세,경상
2021121100100363,2021년 12월 11일 17시,토요일,충청남도 아산시 용화동,중상사고,0,1,0,0,차대차 - 기타,안전운전불이행,건조,맑음,교차로 - 교차로안,승용,남,22세,상해없음,이륜,남,17세,중상
2021121100100404,2021년 12월 11일 18시,토요일,충청남도 천안시 동남구 신부동,경상사고,0,0,1,0,차대차 - 기타,직진우회전진행방해,건조,맑음,교차로 - 교차로안,원동기,남,43세,상해없음,원동기,남,29세,경상
2021121100100451,2021년 12월 11일 19시,토요일,충청남도 천안시 서북구 쌍용동,경상사고,0,0,1,0,차대차 - 기타,직진우회전진행방해,건조,맑음,교차로 - 교차로안,승용,남,39세,상해없음,이륜,남,39세,경상
2021121100100499,2021년 12월 11일 21시,토요일,충청남도 서산시 음암면,중상사고,0,1,0,0,차대차 - 측면충돌,신호위반,건조,맑음,교차로 - 교차로안,이륜,남,22세,중상,화물,남,52세,상해없음
2021121100100531,2021년 12월 11일 23시,토요일,충청남도 천안시 서북구 백석동,중상사고,0,1,0,0,차대차 - 정면충돌,중앙선침범,건조,맑음,단일로 - 기타,승용,남,33세,기타불명,이륜,남,41세,중상
2021121200100011,2021년 12월 12일 00시,일요일,충청남도 태안군 태안읍,중상사고,0,2,2,0,차대차 - 기타,안전운전불이행,건조,맑음,교차로 - 교차로안,승용,남,22세,상해없음,승용,여,21세,중상
2021121200100077,2021년 12월 12일 09시,일요일,충청남도 서천군 서면,중상사고,0,2,1,0,차대차 - 기타,중앙선침범,건조,맑음,교차로 - 교차로안,승용,여,42세,경상,화물,남,67세,중상
2021121200100090,2021년 12월 12일 10시,일요일,충청남도 보령시 웅천읍,경상사고,0,0,1,0,차량단독 - 기타,안전운전불이행,건조,맑음,단일로 - 기타,승용,남,41세,상해없음,,,,
2021121200100110,2021년 12월 12일 11시,일요일,충청남도 천안시 서북구 직산읍,경상사고,0,0,1,0,차대차 - 측면충돌,안전운전불이행,건조,맑음,교차로 - 교차로안,승용,여,26세,상해없음,승용,남,65세,경상
2021121200100111,2021년 12월 12일 11시,일요일,충청남도 천안시 동남구 목천읍,경상사고,0,0,1,0,차대차 - 기타,신호위반,건조,맑음,교차로 - 교차로안,승용,남,61세,상해없음,승용,여,44세,경상
2021121200100132,2021년 12월 12일 12시,일요일,충청남도 논산시 덕지동,경상사고,0,0,1,0,차대차 - 측면충돌,안전운전불이행,건조,흐림,단일로 - 기타,이륜,남,16세,경상,승용,남,29세,상해없음
2021121200100158,2021년 12월 12일 13시,일요일,충청남도 천안시 서북구 쌍용동,경상사고,0,0,1,0,차대차 - 기타,안전거리미확보,건조,맑음,기타 - 기타,승용,남,38세,상해없음,이륜,남,20세,경상
2021121200100159,2021년 12월 12일 13시,일요일,충청남도 예산군 삽교읍,경상사고,0,0,1,0,차대차 - 측면충돌,직진우회전진행방해,건조,맑음,교차로 - 교차로안,승용,남,48세,상해없음,이륜,남,35세,경상
2021121200100216,2021년 12월 12일 15시,일요일,충청남도 아산시 초사동,중상사고,0,1,0,0,차대차 - 기타,안전운전불이행,건조,맑음,단일로 - 교량,승용,남,26세,상해없음,승용,여,62세,중상
2021121200100217,2021년 12월 12일 15시,일요일,충청남도 공주시 정안면,경상사고,0,0,1,0,차대차 - 측면충돌,중앙선침범,건조,맑음,단일로 - 기타,화물,남,58세,상해없음,화물,남,53세,경상
2021121200100271,2021년 12월 12일 17시,일요일,충청남도 천안시 서북구 성환읍,경상사고,0,0,1,0,차대차 - 기타,중앙선침범,건조,맑음,교차로 - 교차로부근,승용,남,32세,상해없음,승용,여,53세,경상
2021121200100297,2021년 12월 12일 18시,일요일,충청남도 당진시 석문면,중상사고,0,1,0,0,차대사람 - 길가장자리구역통행중,안전운전불이행,건조,맑음,단일로 - 기타,승용,남,30세,상해없음,보행자,남,65세,중상
2021121200100332,2021년 12월 12일 19시,일요일,충청남도 부여군 옥산면,경상사고,0,0,2,0,차대차 - 측면충돌,안전운전불이행,건조,맑음,교차로 - 교차로안,승용,남,67세,상해없음,승용,여,54세,경상
2021121200100379,2021년 12월 12일 21시,일요일,충청남도 아산시 모종동,경상사고,0,0,1,0,차대사람 - 횡단중,보행자보호의무위반,건조,맑음,교차로 - 교차로횡단보도내,승용,여,20세,상해없음,보행자,여,17세,경상
2021121200100395,2021년 12월 12일 22시,일요일,충청남도 서산시 지곡면,중상사고,0,1,0,0,차량단독 - 공작물충돌,안전운전불이행,건조,맑음,단일로 - 기타,승용,남,58세,중상,,,,
2021121200100412,2021년 12월 12일 23시,일요일,충청남도 천안시 서북구 쌍용동,경상사고,0,0,1,0,차대차 - 기타,안전운전불이행,건조,맑음,교차로 - 교차로부근,승용,남,34세,상해없음,이륜,남,27세,경상
2021121300100015,2021년 12월 13일 02시,월요일,충청남도 천안시 서북구 성정동,중상사고,0,1,0,0,차대차 - 기타,안전운전불이행,건조,맑음,단일로 - 기타,승용,남,28세,상해없음,이륜,남,28세,중상
2021121300100024,2021년 12월 13일 04시,월요일,충청남도 논산시 반월동,경상사고,0,0,1,0,차대사람 - 기타,안전운전불이행,건조,맑음,기타 - 기타,이륜,남,25세,경상,보행자,남,54세,상해없음
2021121300100025,2021년 12월 13일 04시,월요일,충청남도 아산시 온천동,경상사고,0,0,1,0,차대차 - 기타,중앙선침범,건조,맑음,교차로 - 교차로안,승용,남,27세,상해없음,승용,남,43세,경상
2021121300100074,2021년 12월 13일 07시,월요일,충청남도 천안시 서북구 성성동,경상사고,0,0,1,0,차대차 - 기타,직진우회전진행방해,건조,맑음,교차로 - 교차로안,화물,남,45세,상해없음,승용,남,34세,경상
2021121300100075,2021년 12월 13일 07시,월요일,충청남도 천안시 동남구 목천읍,사망사고,1,0,0,0,차대사람 - 횡단중,안전운전불이행,건조,맑음,단일로 - 기타,승용,남,62세,상해없음,보행자,여,69세,사망
2021121300100112,2021년 12월 13일 08시,월요일,충청남도 서산시 지곡면,경상사고,0,0,2,0,차대차 - 측면충돌,신호위반,건조,맑음,교차로 - 교차로안,승용,남,26세,상해없음,화물,남,50세,경상
2021121300100113,2021년 12월 13일 08시,월요일,충청남도 서산시 석림동,중상사고,0,2,0,0,차대차 - 측면충돌,안전운전불이행,건조,맑음,단일로 - 기타,승용,여,21세,상해없음,화물,남,47세,중상
2021121300100114,2021년 12월 13일 08시,월요일,충청남도 금산군 진산면,중상사고,0,1,0,0,차대사람 - 기타,안전운전불이행,건조,맑음,단일로 - 기타,승용,여,62세,상해없음,보행자,남,67세,중상
2021121300100185,2021년 12월 13일 10시,월요일,충청남도 서산시 팔봉면,경상사고,0,0,1,0,차대차 - 측면충돌,안전거리미확보,건조,맑음,단일로 - 기타,화물,남,72세,상해없음,화물,남,71세,경상
2021121300100186,2021년 12월 13일 10시,월요일,충청남도 아산시 둔포면,중상사고,0,1,0,0,차대사람 - 기타,안전운전불이행,건조,맑음,단일로 - 기타,화물,남,59세,상해없음,보행자,남,54세,중상
2021121300100187,2021년 12월 13일 10시,월요일,충청남도 공주시 신관동,경상사고,0,0,1,0,차대차 - 측면충돌,교차로운행방법위반,건조,맑음,교차로 - 교차로안,이륜,남,25세,기타불명,승용,여,39세,경상
2021121300100188,2021년 12월 13일 10시,월요일,충청남도 천안시 동남구 구룡동,경상사고,0,0,1,0,차대차 - 측면충돌,차로위반,건조,맑음,교차로 - 교차로부근,화물,남,70세,상해없음,승용,남,59세,경상
2021121300100263,2021년 12월 13일 12시,월요일,충청남도 천안시 동남구 신방동,경상사고,0,0,1,0,차대차 - 측면충돌,안전운전불이행,건조,맑음,단일로 - 기타,승용,여,47세,상해없음,이륜,남,31세,경상
2021121300100264,2021년 12월 13일 12시,월요일,충청남도 천안시 동남구 신부동,경상사고,0,0,1,0,차대차 - 측면충돌,안전운전불이행,건조,맑음,단일로 - 기타,승용,여,53세,상해없음,이륜,남,39세,경상
2021121300100353,2021년 12월 13일 15시,월요일,충청남도 서산시 읍내동,중상사고,0,2,0,0,차대차 - 측면충돌,교차로운행방법위반,건조,맑음,교차로 - 교차로안,승용,여,26세,상해없음,승용,여,48세,중상
2021121300100454,2021년 12월 13일 18시,월요일,충청남도 천안시 서북구 성정동,경상사고,0,0,1,0,차대사람 - 기타,안전운전불이행,건조,맑음,교차로 - 교차로안,승용,남,29세,상해없음,보행자,남,63세,경상
2021121300100455,2021년 12월 13일 18시,월요일,충청남도 천안시 서북구 쌍용동,경상사고,0,0,1,0,차대사람 - 횡단중,안전운전불이행,건조,맑음,교차로 - 교차로안,승용,남,53세,상해없음,보행자,남,30세,경상
2021121300100456,2021년 12월 13일 18시,월요일,충청남도 천안시 서북구 쌍용동,부상신고사고,0,0,0,1,차대차 - 측면충돌,안전운전불이행,건조,맑음,교차로 - 교차로안,승용,남,51세,상해없음,승용,남,61세,부상신고
2021121300100457,2021년 12월 13일 18시,월요일,충청남도 홍성군 금마면,경상사고,0,0,2,0,차대차 - 추돌,안전운전불이행,건조,흐림,교차로 - 교차로부근,승용,여,59세,상해없음,승용,여,29세,경상
2021121300100458,2021년 12월 13일 18시,월요일,충청남도 아산시 배방읍,경상사고,0,0,1,0,차대차 - 추돌,안전운전불이행,건조,맑음,교차로 - 교차로부근,승용,남,31세,상해없음,승용,남,35세,경상
2021121300100514,2021년 12월 13일 19시,월요일,충청남도 천안시 서북구 쌍용동,경상사고,0,0,1,0,차대차 - 후진중충돌,안전운전불이행,건조,맑음,단일로 - 기타,승용,여,42세,상해없음,승용,여,48세,경상
2021121300100515,2021년 12월 13일 19시,월요일,충청남도 서천군 서면,중상사고,0,1,1,0,차량단독 - 공작물충돌,안전운전불이행,건조,맑음,단일로 - 기타,승용,남,66세,경상,,,,
2021121300100540,2021년 12월 13일 20시,월요일,충청남도 서산시 지곡면,중상사고,0,1,1,0,차대차 - 측면충돌,안전운전불이행,건조,맑음,교차로 - 교차로안,승용,남,36세,경상,승용,남,60세,중상
2021121300100541,2021년 12월 13일 20시,월요일,충청남도 천안시 동남구 구성동,경상사고,0,0,1,0,차대사람 - 기타,안전운전불이행,건조,맑음,단일로 - 기타,승용,여,53세,상해없음,보행자,남,23세,경상
2021121300100562,2021년 12월 13일 21시,월요일,충청남도 금산군 진산면,사망사고,1,0,0,0,차량단독 - 공작물충돌,안전운전불이행,건조,맑음,단일로 - 기타,이륜,남,53세,사망,,,,
2021121300100578,2021년 12월 13일 22시,월요일,충청남도 천안시 서북구 직산읍,경상사고,0,0,1,0,차대차 - 기타,교차로운행방법위반,건조,맑음,교차로 - 교차로안,승용,남,37세,상해없음,승용,여,56세,경상
2021121300100591,2021년 12월 13일 23시,월요일,충청남도 예산군 예산읍,경상사고,0,0,1,1,차대차 - 추돌,안전운전불이행,건조,맑음,단일로 - 기타,화물,남,50세,상해없음,승용,남,60세,경상
2021121400100041,2021년 12월 14일 06시,화요일,충청남도 아산시 음봉면,경상사고,0,0,1,0,차대차 - 측면충돌,안전운전불이행,건조,맑음,교차로 - 교차로안,승용,남,76세,상해없음,승용,남,39세,경상
2021121400100042,2021년 12월 14일 06시,화요일,충청남도 당진시 정미면,중상사고,0,1,0,0,차대차 - 기타,안전운전불이행,건조,맑음,단일로 - 기타,승용,남,37세,상해없음,승용,여,41세,중상
2021121400100062,2021년 12월 14일 07시,화요일,충청남도 천안시 서북구 두정동,경상사고,0,0,1,0,차대차 - 측면충돌,안전운전불이행,건조,맑음,교차로 - 교차로안,승용,남,29세,경상,화물,남,55세,상해없음
2021121400100090,2021년 12월 14일 08시,화요일,충청남도 천안시 서북구 두정동,경상사고,0,0,1,0,차대차 - 추돌,안전운전불이행,건조,맑음,단일로 - 기타,승용,여,57세,상해없음,승용,남,34세,경상
2021121400100118,2021년 12월 14일 09시,화요일,충청남도 아산시 배방읍,경상사고,0,0,1,0,차대차 - 기타,차로위반,건조,맑음,기타 - 기타,승용,남,58세,상해없음,승용,여,36세,경상
2021121400100190,2021년 12월 14일 12시,화요일,충청남도 논산시 관촉동,중상사고,0,2,0,0,차대차 - 측면충돌,교차로운행방법위반,건조,맑음,교차로 - 교차로안,승용,여,50세,기타불명,승용,여,66세,중상
2021121400100233,2021년 12월 14일 14시,화요일,충청남도 서천군 서천읍,경상사고,0,0,1,0,차대사람 - 횡단중,보행자보호의무위반,건조,맑음,교차로 - 교차로안,승용,여,67세,상해없음,보행자,여,42세,경상
2021121400100297,2021년 12월 14일 16시,화요일,충청남도 논산시 강경읍,경상사고,0,0,1,0,차대사람 - 횡단중,보행자보호의무위반,건조,맑음,교차로 - 교차로부근,승용,남,65세,상해없음,보행자,남,66세,경상
2021121400100298,2021년 12월 14일 16시,화요일,충청남도 천안시 동남구 신부동,중상사고,0,1,0,0,차대차 - 기타,안전운전불이행,건조,맑음,교차로 - 교차로부근,승용,남,34세,상해없음,승용,남,43세,중상
2021121400100299,2021년 12월 14일 16시,화요일,충청남도 태안군 소원면,경상사고,0,0,1,0,차량단독 - 공작물충돌,안전운전불이행,젖음/습기,비,단일로 - 기타,승용,남,60세,경상,,,,
2021121400100347,2021년 12월 14일 17시,화요일,충청남도 천안시 서북구 불당동,경상사고,0,0,1,0,차대차 - 기타,안전운전불이행,젖음/습기,비,기타 - 기타,승용,남,54세,상해없음,개인형이동수단(PM),남,20세,경상
2021121400100348,2021년 12월 14일 17시,화요일,충청남도 아산시 배방읍,중상사고,0,1,0,0,차대차 - 기타,안전운전불이행,건조,맑음,교차로 - 교차로안,승용,남,31세,상해없음,승용,여,61세,중상
2021121400100409,2021년 12월 14일 18시,화요일,충청남도 천안시 서북구 입장면,경상사고,0,0,1,0,차대차 - 측면충돌,안전운전불이행,젖음/습기,비,교차로 - 교차로안,승용,남,71세,상해없음,승용,여,53세,경상
2021121400100410,2021년 12월 14일 18시,화요일,충청남도 예산군 예산읍,경상사고,0,0,1,0,차대차 - 측면충돌,신호위반,젖음/습기,비,교차로 - 교차로안,승용,남,59세,상해없음,승용,남,69세,경상
2021121400100411,2021년 12월 14일 18시,화요일,충청남도 천안시 동남구 신방동,경상사고,0,0,1,0,차대차 - 측면충돌,안전운전불이행,건조,맑음,단일로 - 기타,승용,남,26세,경상,승합,남,64세,상해없음
2021121400100463,2021년 12월 14일 19시,화요일,충청남도 천안시 서북구 백석동,경상사고,0,0,1,0,차대차 - 기타,안전거리미확보,건조,맑음,단일로 - 기타,승용,여,48세,상해없음,승용,여,60세,경상
2021121400100464,2021년 12월 14일 19시,화요일,충청남도 논산시 은진면,경상사고,0,0,1,0,차대차 - 추돌,안전운전불이행,젖음/습기,흐림,교차로 - 교차로부근,승용,남,66세,상해없음,승용,남,40세,경상
2021121400100491,2021년 12월 14일 20시,화요일,충청남도 보령시 동대동,경상사고,0,0,1,0,차대차 - 측면충돌,직진우회전진행방해,건조,맑음,교차로 - 교차로안,승용,남,61세,상해없음,자전거,남,14세,경상
2021121400100545,2021년 12월 14일 23시,화요일,충청남도 천안시 동남구 신부동,중상사고,0,1,0,0,차대차 - 기타,신호위반,건조,맑음,교차로 - 교차로안,이륜,남,51세,상해없음,이륜,남,42세,중상