사고번호,사고일시,요일,시군구,사고내용,사망자수,중상자수,경상자수,부상신고자수,사고유형,법규위반,노면상태,기상상태,도로형태,가해운전자 차종,가해운전자 성별,가해운전자 연령,가해운전자 상해정도,피해운전자 차종,피해운전자 성별,피해운전자 연령,피해운전자 상해정도
2021121500100005,2021년 12월 15일 00시,수요일,충청남도 천안시 서북구 성정동,경상사고,0,0,1,0,차대차 - 기타,안전운전불이행,건조,맑음,단일로 - 기타,승용,남,29세,상해없음,승용,남,31세,상해없음
2021121500100006,2021년 12월 15일 00시,수요일,충청남도 천안시 서북구 불당동,경상사고,0,0,1,0,차대차 - 기타,안전운전불이행,건조,맑음,교차로 - 교차로안,승용,남,32세,기타불명,승용,남,63세,경상
2021121500100007,2021년 12월 15일 00시,수요일,충청남도 보령시 대천동,중상사고,0,1,0,0,차대사람 - 기타,안전운전불이행,건조,맑음,교차로 - 교차로부근,승용,남,63세,상해없음,보행자,남,66세,중상
2021121500100091,2021년 12월 15일 07시,수요일,충청남도 보령시 요암동,중상사고,0,1,1,0,차대차 - 추돌,안전운전불이행,건조,맑음,교차로 - 교차로부근,승용,남,58세,중상,화물,남,67세,경상
2021121500100125,2021년 12월 15일 08시,수요일,충청남도 천안시 서북구 직산읍,경상사고,0,0,1,0,차량단독 - 기타,안전운전불이행,젖음/습기,맑음,교차로 - 교차로부근,승용,여,47세,경상,,,,
2021121500100155,2021년 12월 15일 09시,수요일,충청남도 천안시 서북구 성성동,부상신고사고,0,0,0,1,차대차 - 기타,안전운전불이행,젖음/습기,비,교차로 - 교차로안,화물,남,40세,상해없음,이륜,남,33세,부상신고
2021121500100156,2021년 12월 15일 09시,수요일,충청남도 아산시 온천동,경상사고,0,0,1,0,차대사람 - 횡단중,보행자보호의무위반,젖음/습기,비,교차로 - 교차로안,승용,여,60세,상해없음,보행자,남,19세,경상
2021121500100240,2021년 12월 15일 12시,수요일,충청남도 서천군 장항읍,중상사고,0,1,0,0,차대차 - 측면충돌,직진우회전진행방해,건조,맑음,교차로 - 교차로안,승용,여,55세,상해없음,이륜,여,79세,중상
2021121500100270,2021년 12월 15일 13시,수요일,충청남도 보령시 명천동,경상사고,0,0,1,0,차대사람 - 차도통행중,안전운전불이행,건조,맑음,기타 - 기타,승용,여,51세,상해없음,보행자,남,14세,경상
2021121500100296,2021년 12월 15일 14시,수요일,충청남도 공주시 옥룡동,경상사고,0,0,1,0,차대차 - 측면충돌,신호위반,젖음/습기,맑음,기타 - 기타,승용,남,83세,상해없음,개인형이동수단(PM),남,19세,경상
2021121500100351,2021년 12월 15일 16시,수요일,충청남도 아산시 배방읍,경상사고,0,0,1,0,차대차 - 기타,차로위반,건조,맑음,단일로 - 기타,승용,여,64세,상해없음,화물,남,52세,경상
2021121500100384,2021년 12월 15일 17시,수요일,충청남도 아산시 배방읍,경상사고,0,0,2,1,차대차 - 측면충돌,신호위반,건조,맑음,교차로 - 교차로안,승용,여,25세,부상신고,승합,남,43세,경상
2021121500100385,2021년 12월 15일 17시,수요일,충청남도 예산군 예산읍,중상사고,0,1,0,0,차대사람 - 기타,보행자보호의무위반,젖음/습기,흐림,교차로 - 교차로안,승용,남,54세,상해없음,보행자,남,51세,중상
2021121500100386,2021년 12월 15일 17시,수요일,충청남도 당진시 송악읍,경상사고,0,0,1,0,차대차 - 기타,안전운전불이행,건조,맑음,단일로 - 기타,특수,남,65세,상해없음,화물,남,45세,경상
2021121500100449,2021년 12월 15일 18시,수요일,충청남도 공주시 반포면,경상사고,0,0,2,0,차대차 - 측면충돌,신호위반,건조,맑음,교차로 - 교차로안,승용,남,69세,상해없음,승용,여,55세,경상
2021121500100504,2021년 12월 15일 19시,수요일,충청남도 천안시 서북구 성정동,경상사고,0,0,1,0,차대차 - 기타,안전거리미확보,건조,맑음,기타 - 기타,승용,남,39세,상해없음,승용,남,22세,경상
2021121500100506,2021년 12월 15일 19시,수요일,충청남도 아산시 온천동,경상사고,0,0,1,0,차대차 - 추돌,안전운전불이행,건조,맑음,교차로 - 교차로부근,화물,남,29세,상해없음,이륜,남,20세,경상
2021121500100507,2021년 12월 15일 19시,수요일,충청남도 예산군 예산읍,중상사고,0,1,1,0,차대차 - 측면충돌,직진우회전진행방해,젖음/습기,흐림,교차로 - 교차로안,승용,남,39세,중상,승용,남,59세,경상
2021121500100508,2021년 12월 15일 19시,수요일,충청남도 당진시 합덕읍,중상사고,0,1,0,0,차대사람 - 기타,안전운전불이행,건조,맑음,교차로 - 교차로횡단보도내,승용,남,25세,상해없음,보행자,남,21세,중상
2021121500100548,2021년 12월 15일 20시,수요일,충청남도 예산군 예산읍,경상사고,0,0,1,0,차대차 - 측면충돌,교차로운행방법위반,건조,맑음,교차로 - 교차로안,화물,여,52세,상해없음,승용,남,20세,경상
2021121500100549,2021년 12월 15일 20시,수요일,충청남도 청양군 비봉면,경상사고,0,0,1,0,차량단독 - 전도전복 - 전도,안전운전불이행,기타,안개,단일로 - 기타,이륜,남,62세,경상,,,,
2021121500100571,2021년 12월 15일 21시,수요일,충청남도 천안시 서북구 불당동,경상사고,0,0,4,0,차대차 - 기타,안전운전불이행,건조,맑음,교차로 - 교차로부근,승용,여,44세,상해없음,승용,남,46세,경상
2021121500100572,2021년 12월 15일 21시,수요일,충청남도 천안시 서북구 불당동,경상사고,0,0,1,0,차대차 - 기타,안전운전불이행,건조,맑음,단일로 - 기타,승용,여,29세,상해없음,승용,여,37세,경상
2021121500100573,2021년 12월 15일 21시,수요일,충청남도 천안시 서북구 불당동,경상사고,0,0,1,0,차대사람 - 기타,안전운전불이행,건조,맑음,단일로 - 기타,승용,여,21세,상해없음,보행자,남,32세,경상
2021121500100593,2021년 12월 15일 22시,수요일,충청남도 서산시 읍내동,중상사고,0,1,0,0,차대차 - 기타,안전운전불이행,건조,맑음,교차로 - 교차로부근,승용,남,31세,중상,승용,남,27세,상해없음
2021121500100594,2021년 12월 15일 22시,수요일,충청남도 천안시 서북구 성정동,경상사고,0,0,1,0,차대사람 - 기타,안전운전불이행,건조,맑음,단일로 - 기타,화물,남,46세,상해없음,보행자,여,49세,경상
2021121500100595,2021년 12월 15일 22시,수요일,충청남도 천안시 동남구 신부동,경상사고,0,0,1,0,차대차 - 기타,안전운전불이행,건조,맑음,단일로 - 기타,이륜,남,43세,경상,승용,남,65세,상해없음
2021121600100012,2021년 12월 16일 00시,목요일,충청남도 당진시 채운동,경상사고,0,0,1,0,차대차 - 기타,안전거리미확보,건조,맑음,단일로 - 기타,승용,남,22세,상해없음,승용,남,21세,경상
2021121600100066,2021년 12월 16일 07시,목요일,충청남도 서산시 부석면,사망사고,1,0,0,0,차대사람 - 기타,안전운전불이행,젖음/습기,안개,교차로 - 교차로안,승용,남,61세,상해없음,보행자,여,89세,사망
2021121600100067,2021년 12월 16일 07시,목요일,충청남도 공주시 산성동,중상사고,0,1,0,0,차대사람 - 횡단중,안전운전불이행,건조,맑음,교차로 - 교차로부근,화물,남,27세,상해없음,보행자,여,86세,중상
2021121600100094,2021년 12월 16일 08시,목요일,충청남도 천안시 서북구 성성동,경상사고,0,0,1,0,차대차 - 측면충돌,안전거리미확보,건조,맑음,단일로 - 기타,화물,남,59세,상해없음,승용,여,41세,경상
2021121600100118,2021년 12월 16일 09시,목요일,충청남도 당진시 읍내동,경상사고,0,0,1,0,차대차 - 측면충돌,교차로운행방법위반,건조,맑음,교차로 - 교차로안,승용,여,57세,상해없음,이륜,남,41세,경상
2021121600100149,2021년 12월 16일 10시,목요일,충청남도 예산군 덕산면,중상사고,0,1,0,0,차대차 - 측면충돌,안전운전불이행,건조,맑음,단일로 - 기타,승용,여,59세,기타불명,승용,남,31세,중상
2021121600100150,2021년 12월 16일 10시,목요일,충청남도 당진시 송산면,중상사고,0,1,0,0,차대사람 - 길가장자리구역통행중,안전운전불이행,건조,맑음,단일로 - 기타,이륜,남,40세,상해없음,보행자,여,73세,중상
2021121600100177,2021년 12월 16일 11시,목요일,충청남도 부여군 부여읍,중상사고,0,1,0,0,차대차 - 기타,안전운전불이행,젖음/습기,흐림,단일로 - 기타,승용,남,69세,상해없음,승용,남,69세,중상
2021121600100207,2021년 12월 16일 12시,목요일,충청남도 서산시 해미면,경상사고,0,0,2,0,차대차 - 추돌,안전거리미확보,건조,맑음,교차로 - 교차로부근,승용,남,47세,상해없음,화물,남,63세,경상
2021121600100208,2021년 12월 16일 12시,목요일,충청남도 금산군 금산읍,중상사고,0,1,0,0,차대사람 - 기타,안전운전불이행,건조,맑음,교차로 - 교차로부근,화물,남,49세,상해없음,보행자,여,72세,중상
2021121600100308,2021년 12월 16일 16시,목요일,충청남도 서산시 대산읍,중상사고,0,1,0,0,차량단독 - 전도전복 - 전도,안전운전불이행,건조,맑음,단일로 - 기타,이륜,남,72세,중상,,,,
2021121600100309,2021년 12월 16일 16시,목요일,충청남도 천안시 서북구 두정동,경상사고,0,0,1,0,차대차 - 기타,교차로운행방법위반,건조,맑음,교차로 - 교차로안,승용,남,66세,상해없음,승용,남,24세,경상
2021121600100353,2021년 12월 16일 17시,목요일,충청남도 서천군 장항읍,경상사고,0,0,1,0,차대차 - 추돌,안전거리미확보,건조,맑음,교차로 - 교차로안,화물,남,36세,상해없음,승용,남,49세,경상
2021121600100397,2021년 12월 16일 18시,목요일,충청남도 천안시 서북구 두정동,경상사고,0,0,1,0,차대차 - 측면충돌,안전거리미확보,건조,맑음,단일로 - 기타,승용,여,23세,상해없음,승용,남,25세,경상
2021121600100398,2021년 12월 16일 18시,목요일,충청남도 보령시 남곡동,중상사고,0,1,0,0,차량단독 - 기타,안전운전불이행,건조,맑음,단일로 - 기타,화물,남,58세,중상,,,,
2021121600100436,2021년 12월 16일 19시,목요일,충청남도 공주시 중학동,부상신고사고,0,0,0,1,차대차 - 측면충돌,안전운전불이행,건조,맑음,단일로 - 기타,자전거,남,78세,부상신고,이륜,남,21세,상해없음
2021121600100484,2021년 12월 16일 21시,목요일,충청남도 천안시 동남구 신부동,중상사고,0,1,0,0,차대차 - 추돌,안전운전불이행,건조,맑음,단일로 - 기타,승용,여,25세,상해없음,승용,남,70세,중상
2021121700100009,2021년 12월 17일 00시,금요일,충청남도 천안시 동남구 청당동,경상사고,0,0,2,0,차대차 - 측면충돌,안전운전불이행,건조,맑음,단일로 - 기타,승용,남,31세,상해없음,승용,남,34세,경상
2021121700100018,2021년 12월 17일 01시,금요일,충청남도 천안시 동남구 봉명동,중상사고,0,1,2,0,차대차 - 측면충돌,안전운전불이행,건조,맑음,단일로 - 기타,승용,남,67세,상해없음,승용,남,18세,경상
2021121700100026,2021년 12월 17일 02시,금요일,충청남도 천안시 서북구 와촌동,중상사고,0,1,0,0,차대차 - 측면충돌,신호위반,건조,맑음,교차로 - 교차로안,이륜,남,36세,중상,승용,여,55세,상해없음
2021121700100035,2021년 12월 17일 03시,금요일,충청남도 천안시 서북구 성정동,경상사고,0,0,1,0,차대차 - 측면충돌,안전운전불이행,건조,맑음,단일로 - 기타,승용,남,31세,상해없음,승용,남,44세,경상
2021121700100045,2021년 12월 17일 05시,금요일,충청남도 논산시 부적면,중상사고,0,1,2,0,차대차 - 측면충돌,중앙선침범,건조,맑음,단일로 - 기타,승용,남,80세,상해없음,승용,여,47세,경상
2021121700100046,2021년 12월 17일 05시,금요일,충청남도 보령시 신흑동,경상사고,0,0,1,0,차대차 - 측면충돌,안전운전불이행,건조,맑음,교차로 - 교차로안,승용,남,26세,상해없음,승용,남,36세,경상
2021121700100059,2021년 12월 17일 06시,금요일,충청남도 천안시 서북구 두정동,경상사고,0,0,1,0,차대차 - 추돌,안전거리미확보,건조,흐림,단일로 - 기타,승용,남,27세,상해없음,승용,남,41세,경상
2021121700100073,2021년 12월 17일 07시,금요일,충청남도 홍성군 은하면,사망사고,1,0,0,0,차대사람 - 기타,안전운전불이행,건조,맑음,단일로 - 기타,승용,남,59세,상해없음,보행자,여,58세,사망
2021121700100154,2021년 12월 17일 10시,금요일,충청남도 천안시 서북구 성환읍,경상사고,0,0,1,0,차대차 - 추돌,안전운전불이행,건조,맑음,교차로 - 교차로안,승용,남,66세,상해없음,승용,여,56세,경상
2021121700100155,2021년 12월 17일 10시,금요일,충청남도 아산시 배방읍,경상사고,0,0,1,0,차대차 - 기타,안전운전불이행,건조,맑음,단일로 - 기타,승용,여,45세,기타불명,승용,여,39세,경상
2021121700100185,2021년 12월 17일 11시,금요일,충청남도 천안시 서북구 쌍용동,경상사고,0,0,1,0,차대차 - 측면충돌,안전운전불이행,건조,맑음,단일로 - 기타,승용,남,64세,상해없음,승용,여,50세,경상
2021121700100186,2021년 12월 17일 11시,금요일,충청남도 천안시 서북구 불당동,경상사고,0,0,1,0,차대차 - 측면충돌,안전거리미확보,건조,맑음,교차로 - 교차로부근,승용,남,24세,상해없음,승용,여,60세,경상
2021121700100255,2021년 12월 17일 13시,금요일,충청남도 예산군 덕산면,사망사고,1,0,0,0,차대차 - 측면충돌,직진우회전진행방해,젖음/습기,눈,교차로 - 교차로안,이륜,남,78세,사망,화물,남,59세,상해없음
2021121700100256,2021년 12월 17일 13시,금요일,충청남도 부여군 임천면,사망사고,1,2,1,0,차대차 - 정면충돌,중앙선침범,건조,맑음,단일로 - 기타,화물,남,66세,사망,승합,남,44세,경상
2021121700100291,2021년 12월 17일 14시,금요일,충청남도 서산시 해미면,중상사고,0,1,1,0,차대차 - 추돌,안전운전불이행,서리/결빙,눈,단일로 - 기타,승용,여,44세,경상,승용,남,47세,중상
2021121700100292,2021년 12월 17일 14시,금요일,충청남도 천안시 서북구 쌍용동,경상사고,0,0,1,0,차대차 - 추돌,안전운전불이행,적설,눈,단일로 - 기타,승용,여,29세,상해없음,승용,남,27세,경상
2021121700100293,2021년 12월 17일 14시,금요일,충청남도 천안시 동남구 풍세면,경상사고,0,0,1,0,차대차 - 추돌,안전거리미확보,적설,눈,단일로 - 기타,승용,남,56세,상해없음,승용,남,39세,경상
2021121700100322,2021년 12월 17일 15시,금요일,충청남도 아산시 탕정면,경상사고,0,0,1,0,차대차 - 기타,안전운전불이행,건조,맑음,단일로 - 기타,승용,남,79세,상해없음,승용,여,50세,경상
2021121700100323,2021년 12월 17일 15시,금요일,충청남도 아산시 배방읍,경상사고,0,0,1,0,차대차 - 추돌,안전운전불이행,서리/결빙,눈,단일로 - 교량,승용,남,36세,경상,승용,남,46세,상해없음
2021121700100324,2021년 12월 17일 15시,금요일,충청남도 서천군 서면,경상사고,0,0,2,0,차대차 - 기타,안전운전불이행,건조,맑음,교차로 - 교차로안,화물,남,35세,상해없음,승용,남,59세,경상
2021121700100371,2021년 12월 17일 16시,금요일,충청남도 아산시 배방읍,경상사고,0,0,1,0,차대차 - 추돌,안전운전불이행,적설,눈,교차로 - 교차로부근,승용,여,35세,상해없음,승용,여,34세,경상
2021121700100372,2021년 12월 17일 16시,금요일,충청남도 예산군 덕산면,경상사고,0,0,1,0,차량단독 - 공작물충돌,안전운전불이행,적설,눈,단일로 - 기타,화물,남,61세,상해없음,,,,
2021121700100373,2021년 12월 17일 16시,금요일,충청남도 천안시 동남구 신방동,경상사고,0,0,1,0,차대차 - 측면충돌,안전운전불이행,건조,맑음,단일로 - 기타,승용,여,47세,상해없음,승용,여,60세,경상
2021121700100423,2021년 12월 17일 17시,금요일,충청남도 아산시 모종동,경상사고,0,0,1,0,차대차 - 기타,차로위반,서리/결빙,기타,기타 - 기타,승용,남,36세,상해없음,승용,남,65세,경상
2021121700100424,2021년 12월 17일 17시,금요일,충청남도 아산시 배방읍,경상사고,0,0,1,0,차대차 - 기타,안전운전불이행,서리/결빙,기타,단일로 - 기타,승용,여,39세,상해없음,승용,여,64세,경상
2021121700100425,2021년 12월 17일 17시,금요일,충청남도 보령시 천북면,경상사고,0,0,1,0,차대차 - 기타,안전운전불이행,서리/결빙,눈,단일로 - 기타,화물,남,53세,상해없음,화물,남,70세,경상
2021121700100426,2021년 12월 17일 17시,금요일,충청남도 천안시 동남구 동면,중상사고,0,1,1,0,차대차 - 추돌,안전운전불이행,건조,맑음,단일로 - 기타,화물,남,58세,상해없음,화물,남,53세,중상
2021121700100492,2021년 12월 17일 18시,금요일,충청남도 서산시 잠홍동,경상사고,0,0,1,0,차대차 - 측면충돌,신호위반,건조,맑음,교차로 - 교차로안,화물,남,55세,상해없음,승용,남,28세,경상
2021121700100493,2021년 12월 17일 18시,금요일,충청남도 천안시 서북구 성성동,경상사고,0,0,1,0,차대차 - 측면충돌,안전운전불이행,건조,맑음,단일로 - 기타,승용,남,58세,경상,화물,남,39세,상해없음
2021121700100495,2021년 12월 17일 18시,금요일,충청남도 서천군 기산면,사망사고,1,0,0,0,차량단독 - 기타,안전운전불이행,서리/결빙,눈,교차로 - 교차로부근,화물,남,56세,사망,,,,
2021121700100496,2021년 12월 17일 18시,금요일,충청남도 천안시 동남구 청당동,경상사고,0,0,2,0,차대차 - 측면충돌,안전거리미확보,건조,맑음,단일로 - 기타,화물,남,61세,상해없음,승용,남,36세,경상
2021121700100497,2021년 12월 17일 18시,금요일,충청남도 태안군 태안읍,경상사고,0,0,1,0,차대사람 - 차도통행중,안전운전불이행,젖음/습기,눈,교차로 - 교차로안,승용,남,24세,상해없음,보행자,남,51세,경상
2021121700100558,2021년 12월 17일 19시,금요일,충청남도 천안시 서북구 성정동,경상사고,0,0,1,0,차대차 - 기타,신호위반,건조,맑음,교차로 - 교차로안,승용,남,45세,상해없음,이륜,남,36세,경상
2021121700100631,2021년 12월 17일 21시,금요일,충청남도 아산시 배방읍,경상사고,0,0,1,0,차대차 - 측면충돌,신호위반,건조,맑음,교차로 - 교차로안,승용,남,28세,상해없음,승용,남,41세,경상
2021121700100632,2021년 12월 17일 21시,금요일,충청남도 보령시 궁촌동,경상사고,0,0,1,0,차대차 - 기타,안전운전불이행,서리/결빙,눈,교차로 - 교차로부근,승용,남,66세,상해없음,승용,여,51세,경상
2021121700100657,2021년 12월 17일 22시,금요일,충청남도 천안시 서북구 부대동,경상사고,0,0,1,0,차량단독 - 공작물충돌,안전운전불이행,건조,맑음,교차로 - 교차로안,승용,남,59세,경상,,,,
2021121700100659,2021년 12월 17일 22시,금요일,충청남도 천안시 동남구 신방동,경상사고,0,0,3,0,차대차 - 기타,안전운전불이행,건조,맑음,단일로 - 기타,승용,여,25세,상해없음,승용,남,33세,경상
2021121800100019,2021년 12월 18일 00시,토요일,충청남도 당진시 읍내동,경상사고,0,0,1,0,차대차 - 정면충돌,신호위반,건조,흐림,교차로 - 교차로안,승용,남,61세,상해없음,승용,남,28세,경상
2021121800100047,2021년 12월 18일 01시,토요일,충청남도 아산시 둔포면,경상사고,0,0,1,0,차대사람 - 길가장자리구역통행중,안전운전불이행,건조,맑음,기타 - 기타,승용,남,43세,상해없음,보행자,남,62세,경상
2021121800100089,2021년 12월 18일 07시,토요일,충청남도 예산군 신양면,중상사고,0,1,0,0,차대사람 - 횡단중,신호위반,젖음/습기,흐림,교차로 - 교차로부근,승용,남,25세,상해없음,보행자,여,57세,중상
2021121800100090,2021년 12월 18일 07시,토요일,충청남도 천안시 동남구 목천읍,경상사고,0,0,1,0,차대차 - 정면충돌,안전운전불이행,건조,맑음,단일로 - 기타,승용,남,50세,상해없음,승용,남,76세,경상
2021121800100101,2021년 12월 18일 08시,토요일,충청남도 서산시 해미면,중상사고,0,1,0,0,차대차 - 측면충돌,신호위반,건조,맑음,교차로 - 교차로안,특수,남,61세,상해없음,승용,여,66세,중상
2021121800100102,2021년 12월 18일 08시,토요일,충청남도 천안시 서북구 불당동,경상사고,0,0,1,0,차대차 - 측면충돌,신호위반,건조,맑음,교차로 - 교차로안,승용,남,61세,상해없음,승용,여,44세,경상
2021121800100119,2021년 12월 18일 09시,토요일,충청남도 서산시 동문동,경상사고,0,0,3,0,차대차 - 측면충돌,직진우회전진행방해,건조,맑음,교차로 - 교차로안,승용,여,47세,상해없음,승용,남,37세,경상
2021121800100173,2021년 12월 18일 11시,토요일,충청남도 예산군 예산읍,경상사고,0,0,1,0,차대사람 - 횡단중,보행자보호의무위반,건조,맑음,교차로 - 교차로안,승용,남,60세,상해없음,보행자,남,73세,경상
2021121800100174,2021년 12월 18일 11시,토요일,충청남도 청양군 청양읍,경상사고,0,0,1,0,차대차 - 기타,신호위반,건조,맑음,교차로 - 교차로안,승용,여,52세,상해없음,승용,남,57세,경상
2021121800100175,2021년 12월 18일 11시,토요일,충청남도 천안시 동남구 영성동,경상사고,0,0,1,0,차대차 - 측면충돌,안전거리미확보,건조,맑음,단일로 - 기타,승용,남,27세,상해없음,승용,남,74세,경상
2021121800100234,2021년 12월 18일 13시,토요일,충청남도 보령시 천북면,중상사고,0,1,0,0,차대사람 - 기타,안전운전불이행,건조,맑음,단일로 - 기타,승용,남,53세,상해없음,보행자,남,57세,중상
2021121800100274,2021년 12월 18일 14시,토요일,충청남도 서산시 성연면,경상사고,0,0,1,0,차대차 - 추돌,안전운전불이행,서리/결빙,맑음,단일로 - 기타,승용,남,62세,상해없음,승합,남,60세,경상
2021121800100384,2021년 12월 18일 16시,토요일,충청남도 당진시 대덕동,중상사고,0,1,0,0,차대차 - 추돌,안전운전불이행,건조,맑음,교차로 - 교차로안,승용,여,55세,상해없음,이륜,남,51세,중상
2021121800100433,2021년 12월 18일 17시,토요일,충청남도 서산시 석남동,경상사고,0,0,2,0,차대차 - 추돌,안전운전불이행,건조,맑음,교차로 - 교차로부근,승용,남,29세,상해없음,승용,남,23세,경상
2021121800100434,2021년 12월 18일 17시,토요일,충청남도 천안시 서북구 불당동,경상사고,0,0,1,0,차대차 - 기타,신호위반,건조,맑음,교차로 - 교차로안,승용,여,43세,상해없음,승합,남,44세,경상
2021121800100435,2021년 12월 18일 17시,토요일,충청남도 부여군 은산면,경상사고,0,0,2,0,차대차 - 기타,안전운전불이행,적설,눈,단일로 - 기타,승용,남,48세,상해없음,승용,여,38세,경상
2021121800100509,2021년 12월 18일 19시,토요일,충청남도 천안시 서북구 쌍용동,경상사고,0,0,1,0,차대사람 - 기타,신호위반,젖음/습기,눈,교차로 - 교차로횡단보도내,승용,여,40세,상해없음,보행자,남,28세,경상
2021121800100533,2021년 12월 18일 20시,토요일,충청남도 천안시 서북구 직산읍,경상사고,0,0,1,0,차대차 - 기타,직진우회전진행방해,건조,맑음,교차로 - 교차로안,승용,여,49세,상해없음,승용,여,33세,경상
2021121800100534,2021년 12월 18일 20시,토요일,충청남도 천안시 서북구 백석동,경상사고,0,0,4,0,차대차 - 추돌,안전거리미확보,건조,맑음,단일로 - 기타,승용,남,55세,상해없음,승용,여,45세,경상
2021121800100535,2021년 12월 18일 20시,토요일,충청남도 천안시 동남구 신방동,경상사고,0,0,2,0,차대차 - 기타,안전운전불이행,건조,맑음,교차로 - 교차로부근,화물,남,45세,경상,승용,남,34세,경상
2021121800100569,2021년 12월 18일 21시,토요일,충청남도 천안시 동남구 원성동,중상사고,0,1,1,0,차대차 - 측면충돌,신호위반,건조,맑음,교차로 - 교차로안,이륜,남,46세,중상,승용,여,42세,경상
2021121900100027,2021년 12월 19일 02시,일요일,충청남도 서산시 온석동,중상사고,0,1,4,0,차량단독 - 전도전복 - 전복,안전운전불이행,서리/결빙,눈,교차로 - 교차로부근,승합,남,68세,경상,,,,
2021121900100063,2021년 12월 19일 09시,일요일,충청남도 천안시 동남구 목천읍,경상사고,0,0,4,0,차대차 - 정면충돌,중앙선침범,서리/결빙,맑음,단일로 - 기타,승용,남,67세,상해없음,승용,남,53세,경상
2021121900100086,2021년 12월 19일 11시,일요일,충청남도 청양군 청양읍,중상사고,0,1,1,0,차대사람 - 기타,안전운전불이행,젖음/습기,맑음,교차로 - 교차로안,승용,남,63세,상해없음,보행자,남,51세,경상
2021121900100107,2021년 12월 19일 12시,일요일,충청남도 서산시 성연면,경상사고,0,0,1,0,차량단독 - 도로외이탈 - 추락,안전운전불이행,서리/결빙,흐림,단일로 - 기타,승용,남,24세,상해없음,,,,
2021121900100135,2021년 12월 19일 13시,일요일,충청남도 천안시 동남구 봉명동,경상사고,0,0,1,0,차대차 - 기타,중앙선침범,젖음/습기,맑음,교차로 - 교차로안,승용,여,53세,상해없음,이륜,남,54세,경상
2021121900100136,2021년 12월 19일 13시,일요일,충청남도 공주시 정안면,경상사고,0,0,2,0,차대차 - 추돌,안전운전불이행,건조,맑음,단일로 - 기타,승용,남,40세,상해없음,승용,여,57세,경상
2021121900100168,2021년 12월 19일 14시,일요일,충청남도 천안시 서북구 불당동,중상사고,0,1,1,0,차대사람 - 횡단중,신호위반,건조,맑음,교차로 - 교차로부근,승용,남,30세,상해없음,보행자,여,11세,경상
2021121900100227,2021년 12월 19일 17시,일요일,충청남도 아산시 배방읍,경상사고,0,0,1,0,차대차 - 기타,안전운전불이행,건조,맑음,단일로 - 기타,승용,남,20세,기타불명,승합,남,40세,경상
2021121900100228,2021년 12월 19일 17시,일요일,충청남도 당진시 원당동,경상사고,0,0,2,0,차대차 - 추돌,안전운전불이행,건조,맑음,교차로 - 교차로안,승용,여,44세,상해없음,승용,남,38세,경상
2021121900100254,2021년 12월 19일 18시,일요일,충청남도 서산시 지곡면,중상사고,0,1,3,0,차대차 - 추돌,안전운전불이행,건조,맑음,교차로 - 교차로부근,승용,남,67세,상해없음,승용,여,61세,중상
2021121900100255,2021년 12월 19일 18시,일요일,충청남도 천안시 서북구 성정동,경상사고,0,0,4,0,차대차 - 추돌,안전운전불이행,건조,맑음,단일로 - 기타,승용,남,64세,상해없음,승용,남,43세,경상
2021121900100256,2021년 12월 19일 18시,일요일,충청남도 천안시 서북구 두정동,경상사고,0,0,1,0,차대사람 - 횡단중,신호위반,건조,맑음,교차로 - 교차로횡단보도내,승용,남,28세,상해없음,보행자,여,26세,경상
2021121900100257,2021년 12월 19일 18시,일요일,충청남도 홍성군 홍북읍,중상사고,0,1,0,0,차대사람 - 기타,안전운전불이행,기타,흐림,교차로 - 교차로안,승용,여,62세,상해없음,보행자,남,73세,중상
2021121900100277,2021년 12월 19일 19시,일요일,충청남도 천안시 서북구 불당동,경상사고,0,0,1,0,차대차 - 추돌,안전운전불이행,건조,맑음,단일로 - 기타,승용,남,40세,상해없음,승용,남,28세,경상
2021121900100278,2021년 12월 19일 19시,일요일,충청남도 예산군 예산읍,경상사고,0,0,1,0,차대차 - 추돌,안전운전불이행,건조,맑음,교차로 - 교차로안,화물,남,61세,상해없음,승용,여,56세,경상
2021121900100307,2021년 12월 19일 20시,일요일,충청남도 천안시 서북구 성정동,중상사고,0,1,0,0,차대차 - 추돌,중앙선침범,건조,맑음,단일로 - 기타,이륜,남,44세,중상,승용,남,31세,상해없음
2021121900100340,2021년 12월 19일 21시,일요일,충청남도 예산군 예산읍,중상사고,0,1,0,0,차대사람 - 기타,안전운전불이행,건조,맑음,교차로 - 교차로부근,승용,남,17세,상해없음,보행자,여,45세,중상
2021121900100350,2021년 12월 19일 22시,일요일,충청남도 천안시 서북구 성정동,경상사고,0,0,1,0,차대차 - 추돌,안전운전불이행,건조,맑음,단일로 - 기타,승용,남,24세,상해없음,이륜,남,63세,경상
2021121900100351,2021년 12월 19일 22시,일요일,충청남도 보령시 대천동,중상사고,0,1,0,0,차대차 - 측면충돌,안전운전불이행,건조,맑음,단일로 - 기타,승용,남,48세,상해없음,승용,남,43세,중상